iso3_country,sector,subsector,start_time,end_time,gas,emissions_quantity,emissions_quantity_units,temporal_granularity,created_date,modified_date
ABW,manufacturing,iron-and-steel,2015-01-01 00:00:00,2015-12-31 00:00:00,co2e_100yr,0,tonnes,annual,2026-05-01 00:00:00,2026-05-18 14:20:13.779009
ABW,manufacturing,iron-and-steel,2016-01-01 00:00:00,2016-12-31 00:00:00,co2e_100yr,0,tonnes,annual,2026-05-01 00:00:00,2026-05-18 14:20:13.779009
ABW,manufacturing,iron-and-steel,2017-01-01 00:00:00,2017-12-31 00:00:00,co2e_100yr,0,tonnes,annual,2026-05-01 00:00:00,2026-05-18 14:20:13.779009
ABW,manufacturing,iron-and-steel,2018-01-01 00:00:00,2018-12-31 00:00:00,co2e_100yr,0,tonnes,annual,2026-05-01 00:00:00,2026-05-18 14:20:13.779009
ABW,manufacturing,iron-and-steel,2019-01-01 00:00:00,2019-12-31 00:00:00,co2e_100yr,0,tonnes,annual,2026-05-01 00:00:00,2026-05-18 14:20:13.779009
ABW,manufacturing,iron-and-steel,2020-01-01 00:00:00,2020-12-31 00:00:00,co2e_100yr,0,tonnes,annual,2026-05-01 00:00:00,2026-05-18 14:20:13.779009
ABW,manufacturing,iron-and-steel,2021-01-01 00:00:00,2021-12-31 00:00:00,co2e_100yr,0,tonnes,annual,2026-05-01 00:00:00,2026-05-18 14:20:13.779009
ABW,manufacturing,iron-and-steel,2022-01-01 00:00:00,2022-12-31 00:00:00,co2e_100yr,0,tonnes,annual,2026-05-01 00:00:00,2026-05-18 14:20:13.779009
ABW,manufacturing,iron-and-steel,2023-01-01 00:00:00,2023-12-31 00:00:00,co2e_100yr,0,tonnes,annual,2026-05-01 00:00:00,2026-05-18 14:20:13.779009
ABW,manufacturing,iron-and-steel,2024-01-01 00:00:00,2024-12-31 00:00:00,co2e_100yr,0,tonnes,annual,2026-05-01 00:00:00,2026-05-18 14:20:13.779009
ABW,manufacturing,iron-and-steel,2025-01-01 00:00:00,2025-12-31 00:00:00,co2e_100yr,0,tonnes,annual,2026-05-01 00:00:00,2026-05-18 14:20:13.779009
ABW,manufacturing,iron-and-steel,2026-01-01 00:00:00,2026-12-31 00:00:00,co2e_100yr,0,tonnes,annual,2026-05-01 00:00:00,2026-05-18 14:20:13.779009
AFG,manufacturing,iron-and-steel,2015-01-01 00:00:00,2015-12-31 00:00:00,co2e_100yr,0,tonnes,annual,2026-05-01 00:00:00,2026-05-18 14:20:13.779009
AFG,manufacturing,iron-and-steel,2016-01-01 00:00:00,2016-12-31 00:00:00,co2e_100yr,0,tonnes,annual,2026-05-01 00:00:00,2026-05-18 14:20:13.779009
AFG,manufacturing,iron-and-steel,2017-01-01 00:00:00,2017-12-31 00:00:00,co2e_100yr,0,tonnes,annual,2026-05-01 00:00:00,2026-05-18 14:20:13.779009
AFG,manufacturing,iron-and-steel,2018-01-01 00:00:00,2018-12-31 00:00:00,co2e_100yr,0,tonnes,annual,2026-05-01 00:00:00,2026-05-18 14:20:13.779009
AFG,manufacturing,iron-and-steel,2019-01-01 00:00:00,2019-12-31 00:00:00,co2e_100yr,0,tonnes,annual,2026-05-01 00:00:00,2026-05-18 14:20:13.779009
AFG,manufacturing,iron-and-steel,2020-01-01 00:00:00,2020-12-31 00:00:00,co2e_100yr,0,tonnes,annual,2026-05-01 00:00:00,2026-05-18 14:20:13.779009
AFG,manufacturing,iron-and-steel,2021-01-01 00:00:00,2021-12-31 00:00:00,co2e_100yr,0,tonnes,annual,2026-05-01 00:00:00,2026-05-18 14:20:13.779009
AFG,manufacturing,iron-and-steel,2022-01-01 00:00:00,2022-12-31 00:00:00,co2e_100yr,0,tonnes,annual,2026-05-01 00:00:00,2026-05-18 14:20:13.779009
AFG,manufacturing,iron-and-steel,2023-01-01 00:00:00,2023-12-31 00:00:00,co2e_100yr,0,tonnes,annual,2026-05-01 00:00:00,2026-05-18 14:20:13.779009
AFG,manufacturing,iron-and-steel,2024-01-01 00:00:00,2024-12-31 00:00:00,co2e_100yr,0,tonnes,annual,2026-05-01 00:00:00,2026-05-18 14:20:13.779009
AFG,manufacturing,iron-and-steel,2025-01-01 00:00:00,2025-12-31 00:00:00,co2e_100yr,0,tonnes,annual,2026-05-01 00:00:00,2026-05-18 14:20:13.779009
AFG,manufacturing,iron-and-steel,2026-01-01 00:00:00,2026-12-31 00:00:00,co2e_100yr,0,tonnes,annual,2026-05-01 00:00:00,2026-05-18 14:20:13.779009
AGO,manufacturing,iron-and-steel,2015-01-01 00:00:00,2015-12-31 00:00:00,co2e_100yr,291163.0716783673,tonnes,annual,2026-05-01 00:00:00,2026-05-18 14:20:13.779009
AGO,manufacturing,iron-and-steel,2016-01-01 00:00:00,2016-12-31 00:00:00,co2e_100yr,388217.4289044897,tonnes,annual,2026-05-01 00:00:00,2026-05-18 14:20:13.779009
AGO,manufacturing,iron-and-steel,2017-01-01 00:00:00,2017-12-31 00:00:00,co2e_100yr,485271.7861306122,tonnes,annual,2026-05-01 00:00:00,2026-05-18 14:20:13.779009
AGO,manufacturing,iron-and-steel,2018-01-01 00:00:00,2018-12-31 00:00:00,co2e_100yr,533798.9647436736,tonnes,annual,2026-05-01 00:00:00,2026-05-18 14:20:13.779009
AGO,manufacturing,iron-and-steel,2019-01-01 00:00:00,2019-12-31 00:00:00,co2e_100yr,562915.2719115101,tonnes,annual,2026-05-01 00:00:00,2026-05-18 14:20:13.779009
AGO,manufacturing,iron-and-steel,2020-01-01 00:00:00,2020-12-31 00:00:00,co2e_100yr,485271.7861306121,tonnes,annual,2026-05-01 00:00:00,2026-05-18 14:20:13.779009
AGO,manufacturing,iron-and-steel,2021-01-01 00:00:00,2021-12-31 00:00:00,co2e_100yr,522499.99999999994,tonnes,annual,2026-05-01 00:00:00,2026-05-18 14:20:13.779009
AGO,manufacturing,iron-and-steel,2022-01-01 00:00:00,2022-12-31 00:00:00,co2e_100yr,512999.99999999994,tonnes,annual,2026-05-01 00:00:00,2026-05-18 14:20:13.779009
AGO,manufacturing,iron-and-steel,2023-01-01 00:00:00,2023-12-31 00:00:00,co2e_100yr,361000.00000000006,tonnes,annual,2026-05-01 00:00:00,2026-05-18 14:20:13.779009
AGO,manufacturing,iron-and-steel,2024-01-01 00:00:00,2024-12-31 00:00:00,co2e_100yr,541499.9999999999,tonnes,annual,2026-05-01 00:00:00,2026-05-18 14:20:13.779009
AGO,manufacturing,iron-and-steel,2025-01-01 00:00:00,2025-12-31 00:00:00,co2e_100yr,541499.9999999998,tonnes,annual,2026-05-01 00:00:00,2026-05-18 14:20:13.779009
AGO,manufacturing,iron-and-steel,2026-01-01 00:00:00,2026-12-31 00:00:00,co2e_100yr,201156.86447801947,tonnes,annual,2026-05-01 00:00:00,2026-05-18 14:20:13.779009
AIA,manufacturing,iron-and-steel,2015-01-01 00:00:00,2015-12-31 00:00:00,co2e_100yr,0,tonnes,annual,2026-05-01 00:00:00,2026-05-18 14:20:13.779009
AIA,manufacturing,iron-and-steel,2016-01-01 00:00:00,2016-12-31 00:00:00,co2e_100yr,0,tonnes,annual,2026-05-01 00:00:00,2026-05-18 14:20:13.779009
AIA,manufacturing,iron-and-steel,2017-01-01 00:00:00,2017-12-31 00:00:00,co2e_100yr,0,tonnes,annual,2026-05-01 00:00:00,2026-05-18 14:20:13.779009
AIA,manufacturing,iron-and-steel,2018-01-01 00:00:00,2018-12-31 00:00:00,co2e_100yr,0,tonnes,annual,2026-05-01 00:00:00,2026-05-18 14:20:13.779009
AIA,manufacturing,iron-and-steel,2019-01-01 00:00:00,2019-12-31 00:00:00,co2e_100yr,0,tonnes,annual,2026-05-01 00:00:00,2026-05-18 14:20:13.779009
AIA,manufacturing,iron-and-steel,2020-01-01 00:00:00,2020-12-31 00:00:00,co2e_100yr,0,tonnes,annual,2026-05-01 00:00:00,2026-05-18 14:20:13.779009
AIA,manufacturing,iron-and-steel,2021-01-01 00:00:00,2021-12-31 00:00:00,co2e_100yr,0,tonnes,annual,2026-05-01 00:00:00,2026-05-18 14:20:13.779009
AIA,manufacturing,iron-and-steel,2022-01-01 00:00:00,2022-12-31 00:00:00,co2e_100yr,0,tonnes,annual,2026-05-01 00:00:00,2026-05-18 14:20:13.779009
AIA,manufacturing,iron-and-steel,2023-01-01 00:00:00,2023-12-31 00:00:00,co2e_100yr,0,tonnes,annual,2026-05-01 00:00:00,2026-05-18 14:20:13.779009
AIA,manufacturing,iron-and-steel,2024-01-01 00:00:00,2024-12-31 00:00:00,co2e_100yr,0,tonnes,annual,2026-05-01 00:00:00,2026-05-18 14:20:13.779009
AIA,manufacturing,iron-and-steel,2025-01-01 00:00:00,2025-12-31 00:00:00,co2e_100yr,0,tonnes,annual,2026-05-01 00:00:00,2026-05-18 14:20:13.779009
AIA,manufacturing,iron-and-steel,2026-01-01 00:00:00,2026-12-31 00:00:00,co2e_100yr,0,tonnes,annual,2026-05-01 00:00:00,2026-05-18 14:20:13.779009
ALA,manufacturing,iron-and-steel,2015-01-01 00:00:00,2015-12-31 00:00:00,co2e_100yr,0,tonnes,annual,2026-05-01 00:00:00,2026-05-18 14:20:13.779009
ALA,manufacturing,iron-and-steel,2016-01-01 00:00:00,2016-12-31 00:00:00,co2e_100yr,0,tonnes,annual,2026-05-01 00:00:00,2026-05-18 14:20:13.779009
ALA,manufacturing,iron-and-steel,2017-01-01 00:00:00,2017-12-31 00:00:00,co2e_100yr,0,tonnes,annual,2026-05-01 00:00:00,2026-05-18 14:20:13.779009
ALA,manufacturing,iron-and-steel,2018-01-01 00:00:00,2018-12-31 00:00:00,co2e_100yr,0,tonnes,annual,2026-05-01 00:00:00,2026-05-18 14:20:13.779009
ALA,manufacturing,iron-and-steel,2019-01-01 00:00:00,2019-12-31 00:00:00,co2e_100yr,0,tonnes,annual,2026-05-01 00:00:00,2026-05-18 14:20:13.779009
ALA,manufacturing,iron-and-steel,2020-01-01 00:00:00,2020-12-31 00:00:00,co2e_100yr,0,tonnes,annual,2026-05-01 00:00:00,2026-05-18 14:20:13.779009
ALA,manufacturing,iron-and-steel,2021-01-01 00:00:00,2021-12-31 00:00:00,co2e_100yr,0,tonnes,annual,2026-05-01 00:00:00,2026-05-18 14:20:13.779009
ALA,manufacturing,iron-and-steel,2022-01-01 00:00:00,2022-12-31 00:00:00,co2e_100yr,0,tonnes,annual,2026-05-01 00:00:00,2026-05-18 14:20:13.779009
ALA,manufacturing,iron-and-steel,2023-01-01 00:00:00,2023-12-31 00:00:00,co2e_100yr,0,tonnes,annual,2026-05-01 00:00:00,2026-05-18 14:20:13.779009
ALA,manufacturing,iron-and-steel,2024-01-01 00:00:00,2024-12-31 00:00:00,co2e_100yr,0,tonnes,annual,2026-05-01 00:00:00,2026-05-18 14:20:13.779009
ALA,manufacturing,iron-and-steel,2025-01-01 00:00:00,2025-12-31 00:00:00,co2e_100yr,0,tonnes,annual,2026-05-01 00:00:00,2026-05-18 14:20:13.779009
ALA,manufacturing,iron-and-steel,2026-01-01 00:00:00,2026-12-31 00:00:00,co2e_100yr,0,tonnes,annual,2026-05-01 00:00:00,2026-05-18 14:20:13.779009
ALB,manufacturing,iron-and-steel,2015-01-01 00:00:00,2015-12-31 00:00:00,co2e_100yr,12039.881516557,tonnes,annual,2026-05-01 00:00:00,2026-05-18 14:20:13.779009
ALB,manufacturing,iron-and-steel,2016-01-01 00:00:00,2016-12-31 00:00:00,co2e_100yr,4013.2938388523344,tonnes,annual,2026-05-01 00:00:00,2026-05-18 14:20:13.779009
ALB,manufacturing,iron-and-steel,2017-01-01 00:00:00,2017-12-31 00:00:00,co2e_100yr,4013.293838852334,tonnes,annual,2026-05-01 00:00:00,2026-05-18 14:20:13.779009
ALB,manufacturing,iron-and-steel,2018-01-01 00:00:00,2018-12-31 00:00:00,co2e_100yr,4013.293838852334,tonnes,annual,2026-05-01 00:00:00,2026-05-18 14:20:13.779009
ALB,manufacturing,iron-and-steel,2019-01-01 00:00:00,2019-12-31 00:00:00,co2e_100yr,4013.293838852334,tonnes,annual,2026-05-01 00:00:00,2026-05-18 14:20:13.779009
ALB,manufacturing,iron-and-steel,2020-01-01 00:00:00,2020-12-31 00:00:00,co2e_100yr,4013.293838852334,tonnes,annual,2026-05-01 00:00:00,2026-05-18 14:20:13.779009
ALB,manufacturing,iron-and-steel,2021-01-01 00:00:00,2021-12-31 00:00:00,co2e_100yr,4000.0000000000014,tonnes,annual,2026-05-01 00:00:00,2026-05-18 14:20:13.779009
ALB,manufacturing,iron-and-steel,2022-01-01 00:00:00,2022-12-31 00:00:00,co2e_100yr,37397.3704360571,tonnes,annual,2026-05-01 00:00:00,2026-05-18 14:20:13.779009
ALB,manufacturing,iron-and-steel,2023-01-01 00:00:00,2023-12-31 00:00:00,co2e_100yr,36174.1106418289,tonnes,annual,2026-05-01 00:00:00,2026-05-18 14:20:13.779009
ALB,manufacturing,iron-and-steel,2024-01-01 00:00:00,2024-12-31 00:00:00,co2e_100yr,23717.841211319228,tonnes,annual,2026-05-01 00:00:00,2026-05-18 14:20:13.779009
ALB,manufacturing,iron-and-steel,2025-01-01 00:00:00,2025-12-31 00:00:00,co2e_100yr,35260.97370232552,tonnes,annual,2026-05-01 00:00:00,2026-05-18 14:20:13.779009
ALB,manufacturing,iron-and-steel,2026-01-01 00:00:00,2026-12-31 00:00:00,co2e_100yr,8815.243425581382,tonnes,annual,2026-05-01 00:00:00,2026-05-18 14:20:13.779009
AND,manufacturing,iron-and-steel,2015-01-01 00:00:00,2015-12-31 00:00:00,co2e_100yr,0,tonnes,annual,2026-05-01 00:00:00,2026-05-18 14:20:13.779009
AND,manufacturing,iron-and-steel,2016-01-01 00:00:00,2016-12-31 00:00:00,co2e_100yr,0,tonnes,annual,2026-05-01 00:00:00,2026-05-18 14:20:13.779009
AND,manufacturing,iron-and-steel,2017-01-01 00:00:00,2017-12-31 00:00:00,co2e_100yr,0,tonnes,annual,2026-05-01 00:00:00,2026-05-18 14:20:13.779009
AND,manufacturing,iron-and-steel,2018-01-01 00:00:00,2018-12-31 00:00:00,co2e_100yr,0,tonnes,annual,2026-05-01 00:00:00,2026-05-18 14:20:13.779009
AND,manufacturing,iron-and-steel,2019-01-01 00:00:00,2019-12-31 00:00:00,co2e_100yr,0,tonnes,annual,2026-05-01 00:00:00,2026-05-18 14:20:13.779009
AND,manufacturing,iron-and-steel,2020-01-01 00:00:00,2020-12-31 00:00:00,co2e_100yr,0,tonnes,annual,2026-05-01 00:00:00,2026-05-18 14:20:13.779009
AND,manufacturing,iron-and-steel,2021-01-01 00:00:00,2021-12-31 00:00:00,co2e_100yr,0,tonnes,annual,2026-05-01 00:00:00,2026-05-18 14:20:13.779009
AND,manufacturing,iron-and-steel,2022-01-01 00:00:00,2022-12-31 00:00:00,co2e_100yr,0,tonnes,annual,2026-05-01 00:00:00,2026-05-18 14:20:13.779009
AND,manufacturing,iron-and-steel,2023-01-01 00:00:00,2023-12-31 00:00:00,co2e_100yr,0,tonnes,annual,2026-05-01 00:00:00,2026-05-18 14:20:13.779009
AND,manufacturing,iron-and-steel,2024-01-01 00:00:00,2024-12-31 00:00:00,co2e_100yr,0,tonnes,annual,2026-05-01 00:00:00,2026-05-18 14:20:13.779009
AND,manufacturing,iron-and-steel,2025-01-01 00:00:00,2025-12-31 00:00:00,co2e_100yr,0,tonnes,annual,2026-05-01 00:00:00,2026-05-18 14:20:13.779009
AND,manufacturing,iron-and-steel,2026-01-01 00:00:00,2026-12-31 00:00:00,co2e_100yr,0,tonnes,annual,2026-05-01 00:00:00,2026-05-18 14:20:13.779009
ARE,manufacturing,iron-and-steel,2015-01-01 00:00:00,2015-12-31 00:00:00,co2e_100yr,3513248.948270816,tonnes,annual,2026-05-01 00:00:00,2026-05-18 14:20:13.779009
ARE,manufacturing,iron-and-steel,2016-01-01 00:00:00,2016-12-31 00:00:00,co2e_100yr,3680412.338447578,tonnes,annual,2026-05-01 00:00:00,2026-05-18 14:20:13.779009
ARE,manufacturing,iron-and-steel,2017-01-01 00:00:00,2017-12-31 00:00:00,co2e_100yr,3867570.9254598,tonnes,annual,2026-05-01 00:00:00,2026-05-18 14:20:13.779009
ARE,manufacturing,iron-and-steel,2018-01-01 00:00:00,2018-12-31 00:00:00,co2e_100yr,3795356.708755342,tonnes,annual,2026-05-01 00:00:00,2026-05-18 14:20:13.779009
ARE,manufacturing,iron-and-steel,2019-01-01 00:00:00,2019-12-31 00:00:00,co2e_100yr,3887833.914442192,tonnes,annual,2026-05-01 00:00:00,2026-05-18 14:20:13.779009
ARE,manufacturing,iron-and-steel,2020-01-01 00:00:00,2020-12-31 00:00:00,co2e_100yr,3181198.111327615,tonnes,annual,2026-05-01 00:00:00,2026-05-18 14:20:13.779009
ARE,manufacturing,iron-and-steel,2021-01-01 00:00:00,2021-12-31 00:00:00,co2e_100yr,3603410.4735063007,tonnes,annual,2026-05-01 00:00:00,2026-05-18 14:20:13.779009
ARE,manufacturing,iron-and-steel,2022-01-01 00:00:00,2022-12-31 00:00:00,co2e_100yr,3972211.6599305356,tonnes,annual,2026-05-01 00:00:00,2026-05-18 14:20:13.779009
ARE,manufacturing,iron-and-steel,2023-01-01 00:00:00,2023-12-31 00:00:00,co2e_100yr,4490913.197259767,tonnes,annual,2026-05-01 00:00:00,2026-05-18 14:20:13.779009
ARE,manufacturing,iron-and-steel,2024-01-01 00:00:00,2024-12-31 00:00:00,co2e_100yr,4444931.905656042,tonnes,annual,2026-05-01 00:00:00,2026-05-18 14:20:13.779009
ARE,manufacturing,iron-and-steel,2025-01-01 00:00:00,2025-12-31 00:00:00,co2e_100yr,4550955.335616438,tonnes,annual,2026-05-01 00:00:00,2026-05-18 14:20:13.779009
ARE,manufacturing,iron-and-steel,2026-01-01 00:00:00,2026-12-31 00:00:00,co2e_100yr,1160150.4041095888,tonnes,annual,2026-05-01 00:00:00,2026-05-18 14:20:13.779009
ARG,manufacturing,iron-and-steel,2015-01-01 00:00:00,2015-12-31 00:00:00,co2e_100yr,6729404.7477731705,tonnes,annual,2026-05-01 00:00:00,2026-05-18 14:20:13.779009
ARG,manufacturing,iron-and-steel,2016-01-01 00:00:00,2016-12-31 00:00:00,co2e_100yr,5560166.267046236,tonnes,annual,2026-05-01 00:00:00,2026-05-18 14:20:13.779009
ARG,manufacturing,iron-and-steel,2017-01-01 00:00:00,2017-12-31 00:00:00,co2e_100yr,5742461.48844787,tonnes,annual,2026-05-01 00:00:00,2026-05-18 14:20:13.779009
ARG,manufacturing,iron-and-steel,2018-01-01 00:00:00,2018-12-31 00:00:00,co2e_100yr,6048881.798265872,tonnes,annual,2026-05-01 00:00:00,2026-05-18 14:20:13.779009
ARG,manufacturing,iron-and-steel,2019-01-01 00:00:00,2019-12-31 00:00:00,co2e_100yr,5484219.431160726,tonnes,annual,2026-05-01 00:00:00,2026-05-18 14:20:13.779009
ARG,manufacturing,iron-and-steel,2020-01-01 00:00:00,2020-12-31 00:00:00,co2e_100yr,4827335.876193589,tonnes,annual,2026-05-01 00:00:00,2026-05-18 14:20:13.779009
ARG,manufacturing,iron-and-steel,2021-01-01 00:00:00,2021-12-31 00:00:00,co2e_100yr,6148845.459049969,tonnes,annual,2026-05-01 00:00:00,2026-05-18 14:20:13.779009
ARG,manufacturing,iron-and-steel,2022-01-01 00:00:00,2022-12-31 00:00:00,co2e_100yr,5909825.115336404,tonnes,annual,2026-05-01 00:00:00,2026-05-18 14:20:13.779009
ARG,manufacturing,iron-and-steel,2023-01-01 00:00:00,2023-12-31 00:00:00,co2e_100yr,5800361.584044376,tonnes,annual,2026-05-01 00:00:00,2026-05-18 14:20:13.779009
ARG,manufacturing,iron-and-steel,2024-01-01 00:00:00,2024-12-31 00:00:00,co2e_100yr,4909239.3831190895,tonnes,annual,2026-05-01 00:00:00,2026-05-18 14:20:13.779009
ARG,manufacturing,iron-and-steel,2025-01-01 00:00:00,2025-12-31 00:00:00,co2e_100yr,5032929.432424648,tonnes,annual,2026-05-01 00:00:00,2026-05-18 14:20:13.779009
ARG,manufacturing,iron-and-steel,2026-01-01 00:00:00,2026-12-31 00:00:00,co2e_100yr,1291407.995448526,tonnes,annual,2026-05-01 00:00:00,2026-05-18 14:20:13.779009
ARM,manufacturing,iron-and-steel,2015-01-01 00:00:00,2015-12-31 00:00:00,co2e_100yr,0,tonnes,annual,2026-05-01 00:00:00,2026-05-18 14:20:13.779009
ARM,manufacturing,iron-and-steel,2016-01-01 00:00:00,2016-12-31 00:00:00,co2e_100yr,0,tonnes,annual,2026-05-01 00:00:00,2026-05-18 14:20:13.779009
ARM,manufacturing,iron-and-steel,2017-01-01 00:00:00,2017-12-31 00:00:00,co2e_100yr,0,tonnes,annual,2026-05-01 00:00:00,2026-05-18 14:20:13.779009
ARM,manufacturing,iron-and-steel,2018-01-01 00:00:00,2018-12-31 00:00:00,co2e_100yr,0,tonnes,annual,2026-05-01 00:00:00,2026-05-18 14:20:13.779009
ARM,manufacturing,iron-and-steel,2019-01-01 00:00:00,2019-12-31 00:00:00,co2e_100yr,0,tonnes,annual,2026-05-01 00:00:00,2026-05-18 14:20:13.779009
ARM,manufacturing,iron-and-steel,2020-01-01 00:00:00,2020-12-31 00:00:00,co2e_100yr,0,tonnes,annual,2026-05-01 00:00:00,2026-05-18 14:20:13.779009
ARM,manufacturing,iron-and-steel,2021-01-01 00:00:00,2021-12-31 00:00:00,co2e_100yr,0,tonnes,annual,2026-05-01 00:00:00,2026-05-18 14:20:13.779009
ARM,manufacturing,iron-and-steel,2022-01-01 00:00:00,2022-12-31 00:00:00,co2e_100yr,0,tonnes,annual,2026-05-01 00:00:00,2026-05-18 14:20:13.779009
ARM,manufacturing,iron-and-steel,2023-01-01 00:00:00,2023-12-31 00:00:00,co2e_100yr,0,tonnes,annual,2026-05-01 00:00:00,2026-05-18 14:20:13.779009
ARM,manufacturing,iron-and-steel,2024-01-01 00:00:00,2024-12-31 00:00:00,co2e_100yr,0,tonnes,annual,2026-05-01 00:00:00,2026-05-18 14:20:13.779009
ARM,manufacturing,iron-and-steel,2025-01-01 00:00:00,2025-12-31 00:00:00,co2e_100yr,0,tonnes,annual,2026-05-01 00:00:00,2026-05-18 14:20:13.779009
ARM,manufacturing,iron-and-steel,2026-01-01 00:00:00,2026-12-31 00:00:00,co2e_100yr,0,tonnes,annual,2026-05-01 00:00:00,2026-05-18 14:20:13.779009
ASM,manufacturing,iron-and-steel,2015-01-01 00:00:00,2015-12-31 00:00:00,co2e_100yr,0,tonnes,annual,2026-05-01 00:00:00,2026-05-18 14:20:13.779009
ASM,manufacturing,iron-and-steel,2016-01-01 00:00:00,2016-12-31 00:00:00,co2e_100yr,0,tonnes,annual,2026-05-01 00:00:00,2026-05-18 14:20:13.779009
ASM,manufacturing,iron-and-steel,2017-01-01 00:00:00,2017-12-31 00:00:00,co2e_100yr,0,tonnes,annual,2026-05-01 00:00:00,2026-05-18 14:20:13.779009
ASM,manufacturing,iron-and-steel,2018-01-01 00:00:00,2018-12-31 00:00:00,co2e_100yr,0,tonnes,annual,2026-05-01 00:00:00,2026-05-18 14:20:13.779009
ASM,manufacturing,iron-and-steel,2019-01-01 00:00:00,2019-12-31 00:00:00,co2e_100yr,0,tonnes,annual,2026-05-01 00:00:00,2026-05-18 14:20:13.779009
ASM,manufacturing,iron-and-steel,2020-01-01 00:00:00,2020-12-31 00:00:00,co2e_100yr,0,tonnes,annual,2026-05-01 00:00:00,2026-05-18 14:20:13.779009
ASM,manufacturing,iron-and-steel,2021-01-01 00:00:00,2021-12-31 00:00:00,co2e_100yr,0,tonnes,annual,2026-05-01 00:00:00,2026-05-18 14:20:13.779009
ASM,manufacturing,iron-and-steel,2022-01-01 00:00:00,2022-12-31 00:00:00,co2e_100yr,0,tonnes,annual,2026-05-01 00:00:00,2026-05-18 14:20:13.779009
ASM,manufacturing,iron-and-steel,2023-01-01 00:00:00,2023-12-31 00:00:00,co2e_100yr,0,tonnes,annual,2026-05-01 00:00:00,2026-05-18 14:20:13.779009
ASM,manufacturing,iron-and-steel,2024-01-01 00:00:00,2024-12-31 00:00:00,co2e_100yr,0,tonnes,annual,2026-05-01 00:00:00,2026-05-18 14:20:13.779009
ASM,manufacturing,iron-and-steel,2025-01-01 00:00:00,2025-12-31 00:00:00,co2e_100yr,0,tonnes,annual,2026-05-01 00:00:00,2026-05-18 14:20:13.779009
ASM,manufacturing,iron-and-steel,2026-01-01 00:00:00,2026-12-31 00:00:00,co2e_100yr,0,tonnes,annual,2026-05-01 00:00:00,2026-05-18 14:20:13.779009
ATA,manufacturing,iron-and-steel,2015-01-01 00:00:00,2015-12-31 00:00:00,co2e_100yr,0,tonnes,annual,2026-05-01 00:00:00,2026-05-18 14:20:13.779009
ATA,manufacturing,iron-and-steel,2016-01-01 00:00:00,2016-12-31 00:00:00,co2e_100yr,0,tonnes,annual,2026-05-01 00:00:00,2026-05-18 14:20:13.779009
ATA,manufacturing,iron-and-steel,2017-01-01 00:00:00,2017-12-31 00:00:00,co2e_100yr,0,tonnes,annual,2026-05-01 00:00:00,2026-05-18 14:20:13.779009
ATA,manufacturing,iron-and-steel,2018-01-01 00:00:00,2018-12-31 00:00:00,co2e_100yr,0,tonnes,annual,2026-05-01 00:00:00,2026-05-18 14:20:13.779009
ATA,manufacturing,iron-and-steel,2019-01-01 00:00:00,2019-12-31 00:00:00,co2e_100yr,0,tonnes,annual,2026-05-01 00:00:00,2026-05-18 14:20:13.779009
ATA,manufacturing,iron-and-steel,2020-01-01 00:00:00,2020-12-31 00:00:00,co2e_100yr,0,tonnes,annual,2026-05-01 00:00:00,2026-05-18 14:20:13.779009
ATA,manufacturing,iron-and-steel,2021-01-01 00:00:00,2021-12-31 00:00:00,co2e_100yr,0,tonnes,annual,2026-05-01 00:00:00,2026-05-18 14:20:13.779009
ATA,manufacturing,iron-and-steel,2022-01-01 00:00:00,2022-12-31 00:00:00,co2e_100yr,0,tonnes,annual,2026-05-01 00:00:00,2026-05-18 14:20:13.779009
ATA,manufacturing,iron-and-steel,2023-01-01 00:00:00,2023-12-31 00:00:00,co2e_100yr,0,tonnes,annual,2026-05-01 00:00:00,2026-05-18 14:20:13.779009
ATA,manufacturing,iron-and-steel,2024-01-01 00:00:00,2024-12-31 00:00:00,co2e_100yr,0,tonnes,annual,2026-05-01 00:00:00,2026-05-18 14:20:13.779009
ATA,manufacturing,iron-and-steel,2025-01-01 00:00:00,2025-12-31 00:00:00,co2e_100yr,0,tonnes,annual,2026-05-01 00:00:00,2026-05-18 14:20:13.779009
ATA,manufacturing,iron-and-steel,2026-01-01 00:00:00,2026-12-31 00:00:00,co2e_100yr,0,tonnes,annual,2026-05-01 00:00:00,2026-05-18 14:20:13.779009
ATF,manufacturing,iron-and-steel,2015-01-01 00:00:00,2015-12-31 00:00:00,co2e_100yr,0,tonnes,annual,2026-05-01 00:00:00,2026-05-18 14:20:13.779009
ATF,manufacturing,iron-and-steel,2016-01-01 00:00:00,2016-12-31 00:00:00,co2e_100yr,0,tonnes,annual,2026-05-01 00:00:00,2026-05-18 14:20:13.779009
ATF,manufacturing,iron-and-steel,2017-01-01 00:00:00,2017-12-31 00:00:00,co2e_100yr,0,tonnes,annual,2026-05-01 00:00:00,2026-05-18 14:20:13.779009
ATF,manufacturing,iron-and-steel,2018-01-01 00:00:00,2018-12-31 00:00:00,co2e_100yr,0,tonnes,annual,2026-05-01 00:00:00,2026-05-18 14:20:13.779009
ATF,manufacturing,iron-and-steel,2019-01-01 00:00:00,2019-12-31 00:00:00,co2e_100yr,0,tonnes,annual,2026-05-01 00:00:00,2026-05-18 14:20:13.779009
ATF,manufacturing,iron-and-steel,2020-01-01 00:00:00,2020-12-31 00:00:00,co2e_100yr,0,tonnes,annual,2026-05-01 00:00:00,2026-05-18 14:20:13.779009
ATF,manufacturing,iron-and-steel,2021-01-01 00:00:00,2021-12-31 00:00:00,co2e_100yr,0,tonnes,annual,2026-05-01 00:00:00,2026-05-18 14:20:13.779009
ATF,manufacturing,iron-and-steel,2022-01-01 00:00:00,2022-12-31 00:00:00,co2e_100yr,0,tonnes,annual,2026-05-01 00:00:00,2026-05-18 14:20:13.779009
ATF,manufacturing,iron-and-steel,2023-01-01 00:00:00,2023-12-31 00:00:00,co2e_100yr,0,tonnes,annual,2026-05-01 00:00:00,2026-05-18 14:20:13.779009
ATF,manufacturing,iron-and-steel,2024-01-01 00:00:00,2024-12-31 00:00:00,co2e_100yr,0,tonnes,annual,2026-05-01 00:00:00,2026-05-18 14:20:13.779009
ATF,manufacturing,iron-and-steel,2025-01-01 00:00:00,2025-12-31 00:00:00,co2e_100yr,0,tonnes,annual,2026-05-01 00:00:00,2026-05-18 14:20:13.779009
ATF,manufacturing,iron-and-steel,2026-01-01 00:00:00,2026-12-31 00:00:00,co2e_100yr,0,tonnes,annual,2026-05-01 00:00:00,2026-05-18 14:20:13.779009
ATG,manufacturing,iron-and-steel,2015-01-01 00:00:00,2015-12-31 00:00:00,co2e_100yr,0,tonnes,annual,2026-05-01 00:00:00,2026-05-18 14:20:13.779009
ATG,manufacturing,iron-and-steel,2016-01-01 00:00:00,2016-12-31 00:00:00,co2e_100yr,0,tonnes,annual,2026-05-01 00:00:00,2026-05-18 14:20:13.779009
ATG,manufacturing,iron-and-steel,2017-01-01 00:00:00,2017-12-31 00:00:00,co2e_100yr,0,tonnes,annual,2026-05-01 00:00:00,2026-05-18 14:20:13.779009
ATG,manufacturing,iron-and-steel,2018-01-01 00:00:00,2018-12-31 00:00:00,co2e_100yr,0,tonnes,annual,2026-05-01 00:00:00,2026-05-18 14:20:13.779009
ATG,manufacturing,iron-and-steel,2019-01-01 00:00:00,2019-12-31 00:00:00,co2e_100yr,0,tonnes,annual,2026-05-01 00:00:00,2026-05-18 14:20:13.779009
ATG,manufacturing,iron-and-steel,2020-01-01 00:00:00,2020-12-31 00:00:00,co2e_100yr,0,tonnes,annual,2026-05-01 00:00:00,2026-05-18 14:20:13.779009
ATG,manufacturing,iron-and-steel,2021-01-01 00:00:00,2021-12-31 00:00:00,co2e_100yr,0,tonnes,annual,2026-05-01 00:00:00,2026-05-18 14:20:13.779009
ATG,manufacturing,iron-and-steel,2022-01-01 00:00:00,2022-12-31 00:00:00,co2e_100yr,0,tonnes,annual,2026-05-01 00:00:00,2026-05-18 14:20:13.779009
ATG,manufacturing,iron-and-steel,2023-01-01 00:00:00,2023-12-31 00:00:00,co2e_100yr,0,tonnes,annual,2026-05-01 00:00:00,2026-05-18 14:20:13.779009
ATG,manufacturing,iron-and-steel,2024-01-01 00:00:00,2024-12-31 00:00:00,co2e_100yr,0,tonnes,annual,2026-05-01 00:00:00,2026-05-18 14:20:13.779009
ATG,manufacturing,iron-and-steel,2025-01-01 00:00:00,2025-12-31 00:00:00,co2e_100yr,0,tonnes,annual,2026-05-01 00:00:00,2026-05-18 14:20:13.779009
ATG,manufacturing,iron-and-steel,2026-01-01 00:00:00,2026-12-31 00:00:00,co2e_100yr,0,tonnes,annual,2026-05-01 00:00:00,2026-05-18 14:20:13.779009
AUS,manufacturing,iron-and-steel,2015-01-01 00:00:00,2015-12-31 00:00:00,co2e_100yr,7376834.84427407,tonnes,annual,2026-05-01 00:00:00,2026-05-18 14:20:13.779009
AUS,manufacturing,iron-and-steel,2016-01-01 00:00:00,2016-12-31 00:00:00,co2e_100yr,7742836.025743811,tonnes,annual,2026-05-01 00:00:00,2026-05-18 14:20:13.779009
AUS,manufacturing,iron-and-steel,2017-01-01 00:00:00,2017-12-31 00:00:00,co2e_100yr,7970922.149503994,tonnes,annual,2026-05-01 00:00:00,2026-05-18 14:20:13.779009
AUS,manufacturing,iron-and-steel,2018-01-01 00:00:00,2018-12-31 00:00:00,co2e_100yr,8228556.1718838075,tonnes,annual,2026-05-01 00:00:00,2026-05-18 14:20:13.779009
AUS,manufacturing,iron-and-steel,2019-01-01 00:00:00,2019-12-31 00:00:00,co2e_100yr,7833933.164410982,tonnes,annual,2026-05-01 00:00:00,2026-05-18 14:20:13.779009
AUS,manufacturing,iron-and-steel,2020-01-01 00:00:00,2020-12-31 00:00:00,co2e_100yr,7911429.019324746,tonnes,annual,2026-05-01 00:00:00,2026-05-18 14:20:13.779009
AUS,manufacturing,iron-and-steel,2021-01-01 00:00:00,2021-12-31 00:00:00,co2e_100yr,8204280.504319999,tonnes,annual,2026-05-01 00:00:00,2026-05-18 14:20:13.779009
AUS,manufacturing,iron-and-steel,2022-01-01 00:00:00,2022-12-31 00:00:00,co2e_100yr,7969621.476312804,tonnes,annual,2026-05-01 00:00:00,2026-05-18 14:20:13.779009
AUS,manufacturing,iron-and-steel,2023-01-01 00:00:00,2023-12-31 00:00:00,co2e_100yr,7563057.552140144,tonnes,annual,2026-05-01 00:00:00,2026-05-18 14:20:13.779009
AUS,manufacturing,iron-and-steel,2024-01-01 00:00:00,2024-12-31 00:00:00,co2e_100yr,6671338.63145985,tonnes,annual,2026-05-01 00:00:00,2026-05-18 14:20:13.779009
AUS,manufacturing,iron-and-steel,2025-01-01 00:00:00,2025-12-31 00:00:00,co2e_100yr,7604893.213777925,tonnes,annual,2026-05-01 00:00:00,2026-05-18 14:20:13.779009
AUS,manufacturing,iron-and-steel,2026-01-01 00:00:00,2026-12-31 00:00:00,co2e_100yr,1710771.4617469278,tonnes,annual,2026-05-01 00:00:00,2026-05-18 14:20:13.779009
AUT,manufacturing,iron-and-steel,2015-01-01 00:00:00,2015-12-31 00:00:00,co2e_100yr,13479581.654895851,tonnes,annual,2026-05-01 00:00:00,2026-05-18 14:20:13.779009
AUT,manufacturing,iron-and-steel,2016-01-01 00:00:00,2016-12-31 00:00:00,co2e_100yr,13000821.126539156,tonnes,annual,2026-05-01 00:00:00,2026-05-18 14:20:13.779009
AUT,manufacturing,iron-and-steel,2017-01-01 00:00:00,2017-12-31 00:00:00,co2e_100yr,14234082.342380198,tonnes,annual,2026-05-01 00:00:00,2026-05-18 14:20:13.779009
AUT,manufacturing,iron-and-steel,2018-01-01 00:00:00,2018-12-31 00:00:00,co2e_100yr,11870895.494651657,tonnes,annual,2026-05-01 00:00:00,2026-05-18 14:20:13.779009
AUT,manufacturing,iron-and-steel,2019-01-01 00:00:00,2019-12-31 00:00:00,co2e_100yr,12894672.352527974,tonnes,annual,2026-05-01 00:00:00,2026-05-18 14:20:13.779009
AUT,manufacturing,iron-and-steel,2020-01-01 00:00:00,2020-12-31 00:00:00,co2e_100yr,11701361.911033351,tonnes,annual,2026-05-01 00:00:00,2026-05-18 14:20:13.779009
AUT,manufacturing,iron-and-steel,2021-01-01 00:00:00,2021-12-31 00:00:00,co2e_100yr,13756596.36586,tonnes,annual,2026-05-01 00:00:00,2026-05-18 14:20:13.779009
AUT,manufacturing,iron-and-steel,2022-01-01 00:00:00,2022-12-31 00:00:00,co2e_100yr,13128829.278800001,tonnes,annual,2026-05-01 00:00:00,2026-05-18 14:20:13.779009
AUT,manufacturing,iron-and-steel,2023-01-01 00:00:00,2023-12-31 00:00:00,co2e_100yr,12527400.043082427,tonnes,annual,2026-05-01 00:00:00,2026-05-18 14:20:13.779009
AUT,manufacturing,iron-and-steel,2024-01-01 00:00:00,2024-12-31 00:00:00,co2e_100yr,12556104.487585912,tonnes,annual,2026-05-01 00:00:00,2026-05-18 14:20:13.779009
AUT,manufacturing,iron-and-steel,2025-01-01 00:00:00,2025-12-31 00:00:00,co2e_100yr,13470513.499802731,tonnes,annual,2026-05-01 00:00:00,2026-05-18 14:20:13.779009
AUT,manufacturing,iron-and-steel,2026-01-01 00:00:00,2026-12-31 00:00:00,co2e_100yr,3315860.9194263243,tonnes,annual,2026-05-01 00:00:00,2026-05-18 14:20:13.779009
AZE,manufacturing,iron-and-steel,2015-01-01 00:00:00,2015-12-31 00:00:00,co2e_100yr,70953.28476701093,tonnes,annual,2026-05-01 00:00:00,2026-05-18 14:20:13.779009
AZE,manufacturing,iron-and-steel,2016-01-01 00:00:00,2016-12-31 00:00:00,co2e_100yr,70953.28476701093,tonnes,annual,2026-05-01 00:00:00,2026-05-18 14:20:13.779009
AZE,manufacturing,iron-and-steel,2017-01-01 00:00:00,2017-12-31 00:00:00,co2e_100yr,70953.28476701093,tonnes,annual,2026-05-01 00:00:00,2026-05-18 14:20:13.779009
AZE,manufacturing,iron-and-steel,2018-01-01 00:00:00,2018-12-31 00:00:00,co2e_100yr,78836.98307445661,tonnes,annual,2026-05-01 00:00:00,2026-05-18 14:20:13.779009
AZE,manufacturing,iron-and-steel,2019-01-01 00:00:00,2019-12-31 00:00:00,co2e_100yr,78836.98307445661,tonnes,annual,2026-05-01 00:00:00,2026-05-18 14:20:13.779009
AZE,manufacturing,iron-and-steel,2020-01-01 00:00:00,2020-12-31 00:00:00,co2e_100yr,78836.98307445661,tonnes,annual,2026-05-01 00:00:00,2026-05-18 14:20:13.779009
AZE,manufacturing,iron-and-steel,2021-01-01 00:00:00,2021-12-31 00:00:00,co2e_100yr,108857.03400000003,tonnes,annual,2026-05-01 00:00:00,2026-05-18 14:20:13.779009
AZE,manufacturing,iron-and-steel,2022-01-01 00:00:00,2022-12-31 00:00:00,co2e_100yr,136779,tonnes,annual,2026-05-01 00:00:00,2026-05-18 14:20:13.779009
AZE,manufacturing,iron-and-steel,2023-01-01 00:00:00,2023-12-31 00:00:00,co2e_100yr,133000.62300000002,tonnes,annual,2026-05-01 00:00:00,2026-05-18 14:20:13.779009
AZE,manufacturing,iron-and-steel,2024-01-01 00:00:00,2024-12-31 00:00:00,co2e_100yr,135187.56299999997,tonnes,annual,2026-05-01 00:00:00,2026-05-18 14:20:13.779009
AZE,manufacturing,iron-and-steel,2025-01-01 00:00:00,2025-12-31 00:00:00,co2e_100yr,133350,tonnes,annual,2026-05-01 00:00:00,2026-05-18 14:20:13.779009
AZE,manufacturing,iron-and-steel,2026-01-01 00:00:00,2026-12-31 00:00:00,co2e_100yr,71398.35616438356,tonnes,annual,2026-05-01 00:00:00,2026-05-18 14:20:13.779009
BDI,manufacturing,iron-and-steel,2015-01-01 00:00:00,2015-12-31 00:00:00,co2e_100yr,0,tonnes,annual,2026-05-01 00:00:00,2026-05-18 14:20:13.779009
BDI,manufacturing,iron-and-steel,2016-01-01 00:00:00,2016-12-31 00:00:00,co2e_100yr,0,tonnes,annual,2026-05-01 00:00:00,2026-05-18 14:20:13.779009
BDI,manufacturing,iron-and-steel,2017-01-01 00:00:00,2017-12-31 00:00:00,co2e_100yr,0,tonnes,annual,2026-05-01 00:00:00,2026-05-18 14:20:13.779009
BDI,manufacturing,iron-and-steel,2018-01-01 00:00:00,2018-12-31 00:00:00,co2e_100yr,0,tonnes,annual,2026-05-01 00:00:00,2026-05-18 14:20:13.779009
BDI,manufacturing,iron-and-steel,2019-01-01 00:00:00,2019-12-31 00:00:00,co2e_100yr,0,tonnes,annual,2026-05-01 00:00:00,2026-05-18 14:20:13.779009
BDI,manufacturing,iron-and-steel,2020-01-01 00:00:00,2020-12-31 00:00:00,co2e_100yr,0,tonnes,annual,2026-05-01 00:00:00,2026-05-18 14:20:13.779009
BDI,manufacturing,iron-and-steel,2021-01-01 00:00:00,2021-12-31 00:00:00,co2e_100yr,0,tonnes,annual,2026-05-01 00:00:00,2026-05-18 14:20:13.779009
BDI,manufacturing,iron-and-steel,2022-01-01 00:00:00,2022-12-31 00:00:00,co2e_100yr,0,tonnes,annual,2026-05-01 00:00:00,2026-05-18 14:20:13.779009
BDI,manufacturing,iron-and-steel,2023-01-01 00:00:00,2023-12-31 00:00:00,co2e_100yr,0,tonnes,annual,2026-05-01 00:00:00,2026-05-18 14:20:13.779009
BDI,manufacturing,iron-and-steel,2024-01-01 00:00:00,2024-12-31 00:00:00,co2e_100yr,0,tonnes,annual,2026-05-01 00:00:00,2026-05-18 14:20:13.779009
BDI,manufacturing,iron-and-steel,2025-01-01 00:00:00,2025-12-31 00:00:00,co2e_100yr,0,tonnes,annual,2026-05-01 00:00:00,2026-05-18 14:20:13.779009
BDI,manufacturing,iron-and-steel,2026-01-01 00:00:00,2026-12-31 00:00:00,co2e_100yr,0,tonnes,annual,2026-05-01 00:00:00,2026-05-18 14:20:13.779009
BEL,manufacturing,iron-and-steel,2015-01-01 00:00:00,2015-12-31 00:00:00,co2e_100yr,9592028.784879507,tonnes,annual,2026-05-01 00:00:00,2026-05-18 14:20:13.779009
BEL,manufacturing,iron-and-steel,2016-01-01 00:00:00,2016-12-31 00:00:00,co2e_100yr,10559455.674777377,tonnes,annual,2026-05-01 00:00:00,2026-05-18 14:20:13.779009
BEL,manufacturing,iron-and-steel,2017-01-01 00:00:00,2017-12-31 00:00:00,co2e_100yr,10704662.400653988,tonnes,annual,2026-05-01 00:00:00,2026-05-18 14:20:13.779009
BEL,manufacturing,iron-and-steel,2018-01-01 00:00:00,2018-12-31 00:00:00,co2e_100yr,10741304.32093525,tonnes,annual,2026-05-01 00:00:00,2026-05-18 14:20:13.779009
BEL,manufacturing,iron-and-steel,2019-01-01 00:00:00,2019-12-31 00:00:00,co2e_100yr,10524521.645460801,tonnes,annual,2026-05-01 00:00:00,2026-05-18 14:20:13.779009
BEL,manufacturing,iron-and-steel,2020-01-01 00:00:00,2020-12-31 00:00:00,co2e_100yr,8289062.862271648,tonnes,annual,2026-05-01 00:00:00,2026-05-18 14:20:13.779009
BEL,manufacturing,iron-and-steel,2021-01-01 00:00:00,2021-12-31 00:00:00,co2e_100yr,9515190.640135683,tonnes,annual,2026-05-01 00:00:00,2026-05-18 14:20:13.779009
BEL,manufacturing,iron-and-steel,2022-01-01 00:00:00,2022-12-31 00:00:00,co2e_100yr,9633417.664201813,tonnes,annual,2026-05-01 00:00:00,2026-05-18 14:20:13.779009
BEL,manufacturing,iron-and-steel,2023-01-01 00:00:00,2023-12-31 00:00:00,co2e_100yr,8131689.74957441,tonnes,annual,2026-05-01 00:00:00,2026-05-18 14:20:13.779009
BEL,manufacturing,iron-and-steel,2024-01-01 00:00:00,2024-12-31 00:00:00,co2e_100yr,10482593.873662835,tonnes,annual,2026-05-01 00:00:00,2026-05-18 14:20:13.779009
BEL,manufacturing,iron-and-steel,2025-01-01 00:00:00,2025-12-31 00:00:00,co2e_100yr,10462032.154348703,tonnes,annual,2026-05-01 00:00:00,2026-05-18 14:20:13.779009
BEL,manufacturing,iron-and-steel,2026-01-01 00:00:00,2026-12-31 00:00:00,co2e_100yr,2560145.977825547,tonnes,annual,2026-05-01 00:00:00,2026-05-18 14:20:13.779009
BEN,manufacturing,iron-and-steel,2015-01-01 00:00:00,2015-12-31 00:00:00,co2e_100yr,0,tonnes,annual,2026-05-01 00:00:00,2026-05-18 14:20:13.779009
BEN,manufacturing,iron-and-steel,2016-01-01 00:00:00,2016-12-31 00:00:00,co2e_100yr,0,tonnes,annual,2026-05-01 00:00:00,2026-05-18 14:20:13.779009
BEN,manufacturing,iron-and-steel,2017-01-01 00:00:00,2017-12-31 00:00:00,co2e_100yr,0,tonnes,annual,2026-05-01 00:00:00,2026-05-18 14:20:13.779009
BEN,manufacturing,iron-and-steel,2018-01-01 00:00:00,2018-12-31 00:00:00,co2e_100yr,0,tonnes,annual,2026-05-01 00:00:00,2026-05-18 14:20:13.779009
BEN,manufacturing,iron-and-steel,2019-01-01 00:00:00,2019-12-31 00:00:00,co2e_100yr,0,tonnes,annual,2026-05-01 00:00:00,2026-05-18 14:20:13.779009
BEN,manufacturing,iron-and-steel,2020-01-01 00:00:00,2020-12-31 00:00:00,co2e_100yr,0,tonnes,annual,2026-05-01 00:00:00,2026-05-18 14:20:13.779009
BEN,manufacturing,iron-and-steel,2021-01-01 00:00:00,2021-12-31 00:00:00,co2e_100yr,0,tonnes,annual,2026-05-01 00:00:00,2026-05-18 14:20:13.779009
BEN,manufacturing,iron-and-steel,2022-01-01 00:00:00,2022-12-31 00:00:00,co2e_100yr,0,tonnes,annual,2026-05-01 00:00:00,2026-05-18 14:20:13.779009
BEN,manufacturing,iron-and-steel,2023-01-01 00:00:00,2023-12-31 00:00:00,co2e_100yr,0,tonnes,annual,2026-05-01 00:00:00,2026-05-18 14:20:13.779009
BEN,manufacturing,iron-and-steel,2024-01-01 00:00:00,2024-12-31 00:00:00,co2e_100yr,0,tonnes,annual,2026-05-01 00:00:00,2026-05-18 14:20:13.779009
BEN,manufacturing,iron-and-steel,2025-01-01 00:00:00,2025-12-31 00:00:00,co2e_100yr,0,tonnes,annual,2026-05-01 00:00:00,2026-05-18 14:20:13.779009
BEN,manufacturing,iron-and-steel,2026-01-01 00:00:00,2026-12-31 00:00:00,co2e_100yr,0,tonnes,annual,2026-05-01 00:00:00,2026-05-18 14:20:13.779009
BES,manufacturing,iron-and-steel,2015-01-01 00:00:00,2015-12-31 00:00:00,co2e_100yr,0,tonnes,annual,2026-05-01 00:00:00,2026-05-18 14:20:13.779009
BES,manufacturing,iron-and-steel,2016-01-01 00:00:00,2016-12-31 00:00:00,co2e_100yr,0,tonnes,annual,2026-05-01 00:00:00,2026-05-18 14:20:13.779009
BES,manufacturing,iron-and-steel,2017-01-01 00:00:00,2017-12-31 00:00:00,co2e_100yr,0,tonnes,annual,2026-05-01 00:00:00,2026-05-18 14:20:13.779009
BES,manufacturing,iron-and-steel,2018-01-01 00:00:00,2018-12-31 00:00:00,co2e_100yr,0,tonnes,annual,2026-05-01 00:00:00,2026-05-18 14:20:13.779009
BES,manufacturing,iron-and-steel,2019-01-01 00:00:00,2019-12-31 00:00:00,co2e_100yr,0,tonnes,annual,2026-05-01 00:00:00,2026-05-18 14:20:13.779009
BES,manufacturing,iron-and-steel,2020-01-01 00:00:00,2020-12-31 00:00:00,co2e_100yr,0,tonnes,annual,2026-05-01 00:00:00,2026-05-18 14:20:13.779009
BES,manufacturing,iron-and-steel,2021-01-01 00:00:00,2021-12-31 00:00:00,co2e_100yr,0,tonnes,annual,2026-05-01 00:00:00,2026-05-18 14:20:13.779009
BES,manufacturing,iron-and-steel,2022-01-01 00:00:00,2022-12-31 00:00:00,co2e_100yr,0,tonnes,annual,2026-05-01 00:00:00,2026-05-18 14:20:13.779009
BES,manufacturing,iron-and-steel,2023-01-01 00:00:00,2023-12-31 00:00:00,co2e_100yr,0,tonnes,annual,2026-05-01 00:00:00,2026-05-18 14:20:13.779009
BES,manufacturing,iron-and-steel,2024-01-01 00:00:00,2024-12-31 00:00:00,co2e_100yr,0,tonnes,annual,2026-05-01 00:00:00,2026-05-18 14:20:13.779009
BES,manufacturing,iron-and-steel,2025-01-01 00:00:00,2025-12-31 00:00:00,co2e_100yr,0,tonnes,annual,2026-05-01 00:00:00,2026-05-18 14:20:13.779009
BES,manufacturing,iron-and-steel,2026-01-01 00:00:00,2026-12-31 00:00:00,co2e_100yr,0,tonnes,annual,2026-05-01 00:00:00,2026-05-18 14:20:13.779009
BFA,manufacturing,iron-and-steel,2015-01-01 00:00:00,2015-12-31 00:00:00,co2e_100yr,0,tonnes,annual,2026-05-01 00:00:00,2026-05-18 14:20:13.779009
BFA,manufacturing,iron-and-steel,2016-01-01 00:00:00,2016-12-31 00:00:00,co2e_100yr,0,tonnes,annual,2026-05-01 00:00:00,2026-05-18 14:20:13.779009
BFA,manufacturing,iron-and-steel,2017-01-01 00:00:00,2017-12-31 00:00:00,co2e_100yr,0,tonnes,annual,2026-05-01 00:00:00,2026-05-18 14:20:13.779009
BFA,manufacturing,iron-and-steel,2018-01-01 00:00:00,2018-12-31 00:00:00,co2e_100yr,0,tonnes,annual,2026-05-01 00:00:00,2026-05-18 14:20:13.779009
BFA,manufacturing,iron-and-steel,2019-01-01 00:00:00,2019-12-31 00:00:00,co2e_100yr,0,tonnes,annual,2026-05-01 00:00:00,2026-05-18 14:20:13.779009
BFA,manufacturing,iron-and-steel,2020-01-01 00:00:00,2020-12-31 00:00:00,co2e_100yr,0,tonnes,annual,2026-05-01 00:00:00,2026-05-18 14:20:13.779009
BFA,manufacturing,iron-and-steel,2021-01-01 00:00:00,2021-12-31 00:00:00,co2e_100yr,0,tonnes,annual,2026-05-01 00:00:00,2026-05-18 14:20:13.779009
BFA,manufacturing,iron-and-steel,2022-01-01 00:00:00,2022-12-31 00:00:00,co2e_100yr,0,tonnes,annual,2026-05-01 00:00:00,2026-05-18 14:20:13.779009
BFA,manufacturing,iron-and-steel,2023-01-01 00:00:00,2023-12-31 00:00:00,co2e_100yr,0,tonnes,annual,2026-05-01 00:00:00,2026-05-18 14:20:13.779009
BFA,manufacturing,iron-and-steel,2024-01-01 00:00:00,2024-12-31 00:00:00,co2e_100yr,0,tonnes,annual,2026-05-01 00:00:00,2026-05-18 14:20:13.779009
BFA,manufacturing,iron-and-steel,2025-01-01 00:00:00,2025-12-31 00:00:00,co2e_100yr,0,tonnes,annual,2026-05-01 00:00:00,2026-05-18 14:20:13.779009
BFA,manufacturing,iron-and-steel,2026-01-01 00:00:00,2026-12-31 00:00:00,co2e_100yr,0,tonnes,annual,2026-05-01 00:00:00,2026-05-18 14:20:13.779009
BGD,manufacturing,iron-and-steel,2015-01-01 00:00:00,2015-12-31 00:00:00,co2e_100yr,5121863.811933845,tonnes,annual,2026-05-01 00:00:00,2026-05-18 14:20:13.779009
BGD,manufacturing,iron-and-steel,2016-01-01 00:00:00,2016-12-31 00:00:00,co2e_100yr,5121863.811933845,tonnes,annual,2026-05-01 00:00:00,2026-05-18 14:20:13.779009
BGD,manufacturing,iron-and-steel,2017-01-01 00:00:00,2017-12-31 00:00:00,co2e_100yr,5121863.811933845,tonnes,annual,2026-05-01 00:00:00,2026-05-18 14:20:13.779009
BGD,manufacturing,iron-and-steel,2018-01-01 00:00:00,2018-12-31 00:00:00,co2e_100yr,7024270.370652128,tonnes,annual,2026-05-01 00:00:00,2026-05-18 14:20:13.779009
BGD,manufacturing,iron-and-steel,2019-01-01 00:00:00,2019-12-31 00:00:00,co2e_100yr,7609626.234873141,tonnes,annual,2026-05-01 00:00:00,2026-05-18 14:20:13.779009
BGD,manufacturing,iron-and-steel,2020-01-01 00:00:00,2020-12-31 00:00:00,co2e_100yr,6877931.404596874,tonnes,annual,2026-05-01 00:00:00,2026-05-18 14:20:13.779009
BGD,manufacturing,iron-and-steel,2021-01-01 00:00:00,2021-12-31 00:00:00,co2e_100yr,6538034.984676412,tonnes,annual,2026-05-01 00:00:00,2026-05-18 14:20:13.779009
BGD,manufacturing,iron-and-steel,2022-01-01 00:00:00,2022-12-31 00:00:00,co2e_100yr,8894744.378921337,tonnes,annual,2026-05-01 00:00:00,2026-05-18 14:20:13.779009
BGD,manufacturing,iron-and-steel,2023-01-01 00:00:00,2023-12-31 00:00:00,co2e_100yr,7362412.853410076,tonnes,annual,2026-05-01 00:00:00,2026-05-18 14:20:13.779009
BGD,manufacturing,iron-and-steel,2024-01-01 00:00:00,2024-12-31 00:00:00,co2e_100yr,7270877.820323552,tonnes,annual,2026-05-01 00:00:00,2026-05-18 14:20:13.779009
BGD,manufacturing,iron-and-steel,2025-01-01 00:00:00,2025-12-31 00:00:00,co2e_100yr,7295923.412934744,tonnes,annual,2026-05-01 00:00:00,2026-05-18 14:20:13.779009
BGD,manufacturing,iron-and-steel,2026-01-01 00:00:00,2026-12-31 00:00:00,co2e_100yr,1681044.8341158645,tonnes,annual,2026-05-01 00:00:00,2026-05-18 14:20:13.779009
BGR,manufacturing,iron-and-steel,2015-01-01 00:00:00,2015-12-31 00:00:00,co2e_100yr,43448,tonnes,annual,2026-05-01 00:00:00,2026-05-18 14:20:13.779009
BGR,manufacturing,iron-and-steel,2016-01-01 00:00:00,2016-12-31 00:00:00,co2e_100yr,42183.999999999985,tonnes,annual,2026-05-01 00:00:00,2026-05-18 14:20:13.779009
BGR,manufacturing,iron-and-steel,2017-01-01 00:00:00,2017-12-31 00:00:00,co2e_100yr,52193.6,tonnes,annual,2026-05-01 00:00:00,2026-05-18 14:20:13.779009
BGR,manufacturing,iron-and-steel,2018-01-01 00:00:00,2018-12-31 00:00:00,co2e_100yr,53287.99999999999,tonnes,annual,2026-05-01 00:00:00,2026-05-18 14:20:13.779009
BGR,manufacturing,iron-and-steel,2019-01-01 00:00:00,2019-12-31 00:00:00,co2e_100yr,45272,tonnes,annual,2026-05-01 00:00:00,2026-05-18 14:20:13.779009
BGR,manufacturing,iron-and-steel,2020-01-01 00:00:00,2020-12-31 00:00:00,co2e_100yr,38704,tonnes,annual,2026-05-01 00:00:00,2026-05-18 14:20:13.779009
BGR,manufacturing,iron-and-steel,2021-01-01 00:00:00,2021-12-31 00:00:00,co2e_100yr,43800,tonnes,annual,2026-05-01 00:00:00,2026-05-18 14:20:13.779009
BGR,manufacturing,iron-and-steel,2022-01-01 00:00:00,2022-12-31 00:00:00,co2e_100yr,38520,tonnes,annual,2026-05-01 00:00:00,2026-05-18 14:20:13.779009
BGR,manufacturing,iron-and-steel,2023-01-01 00:00:00,2023-12-31 00:00:00,co2e_100yr,39136,tonnes,annual,2026-05-01 00:00:00,2026-05-18 14:20:13.779009
BGR,manufacturing,iron-and-steel,2024-01-01 00:00:00,2024-12-31 00:00:00,co2e_100yr,36000,tonnes,annual,2026-05-01 00:00:00,2026-05-18 14:20:13.779009
BGR,manufacturing,iron-and-steel,2025-01-01 00:00:00,2025-12-31 00:00:00,co2e_100yr,37280,tonnes,annual,2026-05-01 00:00:00,2026-05-18 14:20:13.779009
BGR,manufacturing,iron-and-steel,2026-01-01 00:00:00,2026-12-31 00:00:00,co2e_100yr,11112,tonnes,annual,2026-05-01 00:00:00,2026-05-18 14:20:13.779009
BHR,manufacturing,iron-and-steel,2015-01-01 00:00:00,2015-12-31 00:00:00,co2e_100yr,815429.4704183042,tonnes,annual,2026-05-01 00:00:00,2026-05-18 14:20:13.779009
BHR,manufacturing,iron-and-steel,2016-01-01 00:00:00,2016-12-31 00:00:00,co2e_100yr,815429.4704183042,tonnes,annual,2026-05-01 00:00:00,2026-05-18 14:20:13.779009
BHR,manufacturing,iron-and-steel,2017-01-01 00:00:00,2017-12-31 00:00:00,co2e_100yr,815429.4704183042,tonnes,annual,2026-05-01 00:00:00,2026-05-18 14:20:13.779009
BHR,manufacturing,iron-and-steel,2018-01-01 00:00:00,2018-12-31 00:00:00,co2e_100yr,815429.4704183042,tonnes,annual,2026-05-01 00:00:00,2026-05-18 14:20:13.779009
BHR,manufacturing,iron-and-steel,2019-01-01 00:00:00,2019-12-31 00:00:00,co2e_100yr,800085.3674803254,tonnes,annual,2026-05-01 00:00:00,2026-05-18 14:20:13.779009
BHR,manufacturing,iron-and-steel,2020-01-01 00:00:00,2020-12-31 00:00:00,co2e_100yr,900096.0384153661,tonnes,annual,2026-05-01 00:00:00,2026-05-18 14:20:13.779009
BHR,manufacturing,iron-and-steel,2021-01-01 00:00:00,2021-12-31 00:00:00,co2e_100yr,1167250,tonnes,annual,2026-05-01 00:00:00,2026-05-18 14:20:13.779009
BHR,manufacturing,iron-and-steel,2022-01-01 00:00:00,2022-12-31 00:00:00,co2e_100yr,1170336.0000000002,tonnes,annual,2026-05-01 00:00:00,2026-05-18 14:20:13.779009
BHR,manufacturing,iron-and-steel,2023-01-01 00:00:00,2023-12-31 00:00:00,co2e_100yr,1265562.9999999998,tonnes,annual,2026-05-01 00:00:00,2026-05-18 14:20:13.779009
BHR,manufacturing,iron-and-steel,2024-01-01 00:00:00,2024-12-31 00:00:00,co2e_100yr,1199603.825136612,tonnes,annual,2026-05-01 00:00:00,2026-05-18 14:20:13.779009
BHR,manufacturing,iron-and-steel,2025-01-01 00:00:00,2025-12-31 00:00:00,co2e_100yr,1190655.7514693534,tonnes,annual,2026-05-01 00:00:00,2026-05-18 14:20:13.779009
BHR,manufacturing,iron-and-steel,2026-01-01 00:00:00,2026-12-31 00:00:00,co2e_100yr,315000,tonnes,annual,2026-05-01 00:00:00,2026-05-18 14:20:13.779009
BHS,manufacturing,iron-and-steel,2015-01-01 00:00:00,2015-12-31 00:00:00,co2e_100yr,0,tonnes,annual,2026-05-01 00:00:00,2026-05-18 14:20:13.779009
BHS,manufacturing,iron-and-steel,2016-01-01 00:00:00,2016-12-31 00:00:00,co2e_100yr,0,tonnes,annual,2026-05-01 00:00:00,2026-05-18 14:20:13.779009
BHS,manufacturing,iron-and-steel,2017-01-01 00:00:00,2017-12-31 00:00:00,co2e_100yr,0,tonnes,annual,2026-05-01 00:00:00,2026-05-18 14:20:13.779009
BHS,manufacturing,iron-and-steel,2018-01-01 00:00:00,2018-12-31 00:00:00,co2e_100yr,0,tonnes,annual,2026-05-01 00:00:00,2026-05-18 14:20:13.779009
BHS,manufacturing,iron-and-steel,2019-01-01 00:00:00,2019-12-31 00:00:00,co2e_100yr,0,tonnes,annual,2026-05-01 00:00:00,2026-05-18 14:20:13.779009
BHS,manufacturing,iron-and-steel,2020-01-01 00:00:00,2020-12-31 00:00:00,co2e_100yr,0,tonnes,annual,2026-05-01 00:00:00,2026-05-18 14:20:13.779009
BHS,manufacturing,iron-and-steel,2021-01-01 00:00:00,2021-12-31 00:00:00,co2e_100yr,0,tonnes,annual,2026-05-01 00:00:00,2026-05-18 14:20:13.779009
BHS,manufacturing,iron-and-steel,2022-01-01 00:00:00,2022-12-31 00:00:00,co2e_100yr,0,tonnes,annual,2026-05-01 00:00:00,2026-05-18 14:20:13.779009
BHS,manufacturing,iron-and-steel,2023-01-01 00:00:00,2023-12-31 00:00:00,co2e_100yr,0,tonnes,annual,2026-05-01 00:00:00,2026-05-18 14:20:13.779009
BHS,manufacturing,iron-and-steel,2024-01-01 00:00:00,2024-12-31 00:00:00,co2e_100yr,0,tonnes,annual,2026-05-01 00:00:00,2026-05-18 14:20:13.779009
BHS,manufacturing,iron-and-steel,2025-01-01 00:00:00,2025-12-31 00:00:00,co2e_100yr,0,tonnes,annual,2026-05-01 00:00:00,2026-05-18 14:20:13.779009
BHS,manufacturing,iron-and-steel,2026-01-01 00:00:00,2026-12-31 00:00:00,co2e_100yr,0,tonnes,annual,2026-05-01 00:00:00,2026-05-18 14:20:13.779009
BIH,manufacturing,iron-and-steel,2015-01-01 00:00:00,2015-12-31 00:00:00,co2e_100yr,107542.62881704538,tonnes,annual,2026-05-01 00:00:00,2026-05-18 14:20:13.779009
BIH,manufacturing,iron-and-steel,2016-01-01 00:00:00,2016-12-31 00:00:00,co2e_100yr,105821.51188114111,tonnes,annual,2026-05-01 00:00:00,2026-05-18 14:20:13.779009
BIH,manufacturing,iron-and-steel,2017-01-01 00:00:00,2017-12-31 00:00:00,co2e_100yr,99266.74543642973,tonnes,annual,2026-05-01 00:00:00,2026-05-18 14:20:13.779009
BIH,manufacturing,iron-and-steel,2018-01-01 00:00:00,2018-12-31 00:00:00,co2e_100yr,91278.67776557167,tonnes,annual,2026-05-01 00:00:00,2026-05-18 14:20:13.779009
BIH,manufacturing,iron-and-steel,2019-01-01 00:00:00,2019-12-31 00:00:00,co2e_100yr,105126.39492518464,tonnes,annual,2026-05-01 00:00:00,2026-05-18 14:20:13.779009
BIH,manufacturing,iron-and-steel,2020-01-01 00:00:00,2020-12-31 00:00:00,co2e_100yr,99695.31773417092,tonnes,annual,2026-05-01 00:00:00,2026-05-18 14:20:13.779009
BIH,manufacturing,iron-and-steel,2021-01-01 00:00:00,2021-12-31 00:00:00,co2e_100yr,61986.479999999996,tonnes,annual,2026-05-01 00:00:00,2026-05-18 14:20:13.779009
BIH,manufacturing,iron-and-steel,2022-01-01 00:00:00,2022-12-31 00:00:00,co2e_100yr,521486.47463921324,tonnes,annual,2026-05-01 00:00:00,2026-05-18 14:20:13.779009
BIH,manufacturing,iron-and-steel,2023-01-01 00:00:00,2023-12-31 00:00:00,co2e_100yr,1610513.130697983,tonnes,annual,2026-05-01 00:00:00,2026-05-18 14:20:13.779009
BIH,manufacturing,iron-and-steel,2024-01-01 00:00:00,2024-12-31 00:00:00,co2e_100yr,1753494.030586328,tonnes,annual,2026-05-01 00:00:00,2026-05-18 14:20:13.779009
BIH,manufacturing,iron-and-steel,2025-01-01 00:00:00,2025-12-31 00:00:00,co2e_100yr,1746012.0759185874,tonnes,annual,2026-05-01 00:00:00,2026-05-18 14:20:13.779009
BIH,manufacturing,iron-and-steel,2026-01-01 00:00:00,2026-12-31 00:00:00,co2e_100yr,513262.12538213865,tonnes,annual,2026-05-01 00:00:00,2026-05-18 14:20:13.779009
BLM,manufacturing,iron-and-steel,2015-01-01 00:00:00,2015-12-31 00:00:00,co2e_100yr,0,tonnes,annual,2026-05-01 00:00:00,2026-05-18 14:20:13.779009
BLM,manufacturing,iron-and-steel,2016-01-01 00:00:00,2016-12-31 00:00:00,co2e_100yr,0,tonnes,annual,2026-05-01 00:00:00,2026-05-18 14:20:13.779009
BLM,manufacturing,iron-and-steel,2017-01-01 00:00:00,2017-12-31 00:00:00,co2e_100yr,0,tonnes,annual,2026-05-01 00:00:00,2026-05-18 14:20:13.779009
BLM,manufacturing,iron-and-steel,2018-01-01 00:00:00,2018-12-31 00:00:00,co2e_100yr,0,tonnes,annual,2026-05-01 00:00:00,2026-05-18 14:20:13.779009
BLM,manufacturing,iron-and-steel,2019-01-01 00:00:00,2019-12-31 00:00:00,co2e_100yr,0,tonnes,annual,2026-05-01 00:00:00,2026-05-18 14:20:13.779009
BLM,manufacturing,iron-and-steel,2020-01-01 00:00:00,2020-12-31 00:00:00,co2e_100yr,0,tonnes,annual,2026-05-01 00:00:00,2026-05-18 14:20:13.779009
BLM,manufacturing,iron-and-steel,2021-01-01 00:00:00,2021-12-31 00:00:00,co2e_100yr,0,tonnes,annual,2026-05-01 00:00:00,2026-05-18 14:20:13.779009
BLM,manufacturing,iron-and-steel,2022-01-01 00:00:00,2022-12-31 00:00:00,co2e_100yr,0,tonnes,annual,2026-05-01 00:00:00,2026-05-18 14:20:13.779009
BLM,manufacturing,iron-and-steel,2023-01-01 00:00:00,2023-12-31 00:00:00,co2e_100yr,0,tonnes,annual,2026-05-01 00:00:00,2026-05-18 14:20:13.779009
BLM,manufacturing,iron-and-steel,2024-01-01 00:00:00,2024-12-31 00:00:00,co2e_100yr,0,tonnes,annual,2026-05-01 00:00:00,2026-05-18 14:20:13.779009
BLM,manufacturing,iron-and-steel,2025-01-01 00:00:00,2025-12-31 00:00:00,co2e_100yr,0,tonnes,annual,2026-05-01 00:00:00,2026-05-18 14:20:13.779009
BLM,manufacturing,iron-and-steel,2026-01-01 00:00:00,2026-12-31 00:00:00,co2e_100yr,0,tonnes,annual,2026-05-01 00:00:00,2026-05-18 14:20:13.779009
BLR,manufacturing,iron-and-steel,2015-01-01 00:00:00,2015-12-31 00:00:00,co2e_100yr,271509.2290091046,tonnes,annual,2026-05-01 00:00:00,2026-05-18 14:20:13.779009
BLR,manufacturing,iron-and-steel,2016-01-01 00:00:00,2016-12-31 00:00:00,co2e_100yr,236678.1645704865,tonnes,annual,2026-05-01 00:00:00,2026-05-18 14:20:13.779009
BLR,manufacturing,iron-and-steel,2017-01-01 00:00:00,2017-12-31 00:00:00,co2e_100yr,253444.67074435542,tonnes,annual,2026-05-01 00:00:00,2026-05-18 14:20:13.779009
BLR,manufacturing,iron-and-steel,2018-01-01 00:00:00,2018-12-31 00:00:00,co2e_100yr,267316.73709757684,tonnes,annual,2026-05-01 00:00:00,2026-05-18 14:20:13.779009
BLR,manufacturing,iron-and-steel,2019-01-01 00:00:00,2019-12-31 00:00:00,co2e_100yr,283497.1727524134,tonnes,annual,2026-05-01 00:00:00,2026-05-18 14:20:13.779009
BLR,manufacturing,iron-and-steel,2020-01-01 00:00:00,2020-12-31 00:00:00,co2e_100yr,268480.44079705083,tonnes,annual,2026-05-01 00:00:00,2026-05-18 14:20:13.779009
BLR,manufacturing,iron-and-steel,2021-01-01 00:00:00,2021-12-31 00:00:00,co2e_100yr,266993.6904000001,tonnes,annual,2026-05-01 00:00:00,2026-05-18 14:20:13.779009
BLR,manufacturing,iron-and-steel,2022-01-01 00:00:00,2022-12-31 00:00:00,co2e_100yr,223573.43200000003,tonnes,annual,2026-05-01 00:00:00,2026-05-18 14:20:13.779009
BLR,manufacturing,iron-and-steel,2023-01-01 00:00:00,2023-12-31 00:00:00,co2e_100yr,247480.00000000003,tonnes,annual,2026-05-01 00:00:00,2026-05-18 14:20:13.779009
BLR,manufacturing,iron-and-steel,2024-01-01 00:00:00,2024-12-31 00:00:00,co2e_100yr,250708.00000000003,tonnes,annual,2026-05-01 00:00:00,2026-05-18 14:20:13.779009
BLR,manufacturing,iron-and-steel,2025-01-01 00:00:00,2025-12-31 00:00:00,co2e_100yr,194218.00000000003,tonnes,annual,2026-05-01 00:00:00,2026-05-18 14:20:13.779009
BLR,manufacturing,iron-and-steel,2026-01-01 00:00:00,2026-12-31 00:00:00,co2e_100yr,35508.000000000015,tonnes,annual,2026-05-01 00:00:00,2026-05-18 14:20:13.779009
BLZ,manufacturing,iron-and-steel,2015-01-01 00:00:00,2015-12-31 00:00:00,co2e_100yr,0,tonnes,annual,2026-05-01 00:00:00,2026-05-18 14:20:13.779009
BLZ,manufacturing,iron-and-steel,2016-01-01 00:00:00,2016-12-31 00:00:00,co2e_100yr,0,tonnes,annual,2026-05-01 00:00:00,2026-05-18 14:20:13.779009
BLZ,manufacturing,iron-and-steel,2017-01-01 00:00:00,2017-12-31 00:00:00,co2e_100yr,0,tonnes,annual,2026-05-01 00:00:00,2026-05-18 14:20:13.779009
BLZ,manufacturing,iron-and-steel,2018-01-01 00:00:00,2018-12-31 00:00:00,co2e_100yr,0,tonnes,annual,2026-05-01 00:00:00,2026-05-18 14:20:13.779009
BLZ,manufacturing,iron-and-steel,2019-01-01 00:00:00,2019-12-31 00:00:00,co2e_100yr,0,tonnes,annual,2026-05-01 00:00:00,2026-05-18 14:20:13.779009
BLZ,manufacturing,iron-and-steel,2020-01-01 00:00:00,2020-12-31 00:00:00,co2e_100yr,0,tonnes,annual,2026-05-01 00:00:00,2026-05-18 14:20:13.779009
BLZ,manufacturing,iron-and-steel,2021-01-01 00:00:00,2021-12-31 00:00:00,co2e_100yr,0,tonnes,annual,2026-05-01 00:00:00,2026-05-18 14:20:13.779009
BLZ,manufacturing,iron-and-steel,2022-01-01 00:00:00,2022-12-31 00:00:00,co2e_100yr,0,tonnes,annual,2026-05-01 00:00:00,2026-05-18 14:20:13.779009
BLZ,manufacturing,iron-and-steel,2023-01-01 00:00:00,2023-12-31 00:00:00,co2e_100yr,0,tonnes,annual,2026-05-01 00:00:00,2026-05-18 14:20:13.779009
BLZ,manufacturing,iron-and-steel,2024-01-01 00:00:00,2024-12-31 00:00:00,co2e_100yr,0,tonnes,annual,2026-05-01 00:00:00,2026-05-18 14:20:13.779009
BLZ,manufacturing,iron-and-steel,2025-01-01 00:00:00,2025-12-31 00:00:00,co2e_100yr,0,tonnes,annual,2026-05-01 00:00:00,2026-05-18 14:20:13.779009
BLZ,manufacturing,iron-and-steel,2026-01-01 00:00:00,2026-12-31 00:00:00,co2e_100yr,0,tonnes,annual,2026-05-01 00:00:00,2026-05-18 14:20:13.779009
BMU,manufacturing,iron-and-steel,2015-01-01 00:00:00,2015-12-31 00:00:00,co2e_100yr,0,tonnes,annual,2026-05-01 00:00:00,2026-05-18 14:20:13.779009
BMU,manufacturing,iron-and-steel,2016-01-01 00:00:00,2016-12-31 00:00:00,co2e_100yr,0,tonnes,annual,2026-05-01 00:00:00,2026-05-18 14:20:13.779009
BMU,manufacturing,iron-and-steel,2017-01-01 00:00:00,2017-12-31 00:00:00,co2e_100yr,0,tonnes,annual,2026-05-01 00:00:00,2026-05-18 14:20:13.779009
BMU,manufacturing,iron-and-steel,2018-01-01 00:00:00,2018-12-31 00:00:00,co2e_100yr,0,tonnes,annual,2026-05-01 00:00:00,2026-05-18 14:20:13.779009
BMU,manufacturing,iron-and-steel,2019-01-01 00:00:00,2019-12-31 00:00:00,co2e_100yr,0,tonnes,annual,2026-05-01 00:00:00,2026-05-18 14:20:13.779009
BMU,manufacturing,iron-and-steel,2020-01-01 00:00:00,2020-12-31 00:00:00,co2e_100yr,0,tonnes,annual,2026-05-01 00:00:00,2026-05-18 14:20:13.779009
BMU,manufacturing,iron-and-steel,2021-01-01 00:00:00,2021-12-31 00:00:00,co2e_100yr,0,tonnes,annual,2026-05-01 00:00:00,2026-05-18 14:20:13.779009
BMU,manufacturing,iron-and-steel,2022-01-01 00:00:00,2022-12-31 00:00:00,co2e_100yr,0,tonnes,annual,2026-05-01 00:00:00,2026-05-18 14:20:13.779009
BMU,manufacturing,iron-and-steel,2023-01-01 00:00:00,2023-12-31 00:00:00,co2e_100yr,0,tonnes,annual,2026-05-01 00:00:00,2026-05-18 14:20:13.779009
BMU,manufacturing,iron-and-steel,2024-01-01 00:00:00,2024-12-31 00:00:00,co2e_100yr,0,tonnes,annual,2026-05-01 00:00:00,2026-05-18 14:20:13.779009
BMU,manufacturing,iron-and-steel,2025-01-01 00:00:00,2025-12-31 00:00:00,co2e_100yr,0,tonnes,annual,2026-05-01 00:00:00,2026-05-18 14:20:13.779009
BMU,manufacturing,iron-and-steel,2026-01-01 00:00:00,2026-12-31 00:00:00,co2e_100yr,0,tonnes,annual,2026-05-01 00:00:00,2026-05-18 14:20:13.779009
BOL,manufacturing,iron-and-steel,2015-01-01 00:00:00,2015-12-31 00:00:00,co2e_100yr,124712.70190303576,tonnes,annual,2026-05-01 00:00:00,2026-05-18 14:20:13.779009
BOL,manufacturing,iron-and-steel,2016-01-01 00:00:00,2016-12-31 00:00:00,co2e_100yr,124712.70190303576,tonnes,annual,2026-05-01 00:00:00,2026-05-18 14:20:13.779009
BOL,manufacturing,iron-and-steel,2017-01-01 00:00:00,2017-12-31 00:00:00,co2e_100yr,124712.70190303576,tonnes,annual,2026-05-01 00:00:00,2026-05-18 14:20:13.779009
BOL,manufacturing,iron-and-steel,2018-01-01 00:00:00,2018-12-31 00:00:00,co2e_100yr,124712.70190303576,tonnes,annual,2026-05-01 00:00:00,2026-05-18 14:20:13.779009
BOL,manufacturing,iron-and-steel,2019-01-01 00:00:00,2019-12-31 00:00:00,co2e_100yr,124712.70190303576,tonnes,annual,2026-05-01 00:00:00,2026-05-18 14:20:13.779009
BOL,manufacturing,iron-and-steel,2020-01-01 00:00:00,2020-12-31 00:00:00,co2e_100yr,124712.70190303576,tonnes,annual,2026-05-01 00:00:00,2026-05-18 14:20:13.779009
BOL,manufacturing,iron-and-steel,2021-01-01 00:00:00,2021-12-31 00:00:00,co2e_100yr,124173.19400643144,tonnes,annual,2026-05-01 00:00:00,2026-05-18 14:20:13.779009
BOL,manufacturing,iron-and-steel,2022-01-01 00:00:00,2022-12-31 00:00:00,co2e_100yr,124173.19400643144,tonnes,annual,2026-05-01 00:00:00,2026-05-18 14:20:13.779009
BOL,manufacturing,iron-and-steel,2023-01-01 00:00:00,2023-12-31 00:00:00,co2e_100yr,124173.19400643144,tonnes,annual,2026-05-01 00:00:00,2026-05-18 14:20:13.779009
BOL,manufacturing,iron-and-steel,2024-01-01 00:00:00,2024-12-31 00:00:00,co2e_100yr,124173.19400643144,tonnes,annual,2026-05-01 00:00:00,2026-05-18 14:20:13.779009
BOL,manufacturing,iron-and-steel,2025-01-01 00:00:00,2025-12-31 00:00:00,co2e_100yr,125757.8929192942,tonnes,annual,2026-05-01 00:00:00,2026-05-18 14:20:13.779009
BOL,manufacturing,iron-and-steel,2026-01-01 00:00:00,2026-12-31 00:00:00,co2e_100yr,30472.388014917065,tonnes,annual,2026-05-01 00:00:00,2026-05-18 14:20:13.779009
BRA,manufacturing,iron-and-steel,2015-01-01 00:00:00,2015-12-31 00:00:00,co2e_100yr,53701713.10175571,tonnes,annual,2026-05-01 00:00:00,2026-05-18 14:20:13.779009
BRA,manufacturing,iron-and-steel,2016-01-01 00:00:00,2016-12-31 00:00:00,co2e_100yr,50556891.58695812,tonnes,annual,2026-05-01 00:00:00,2026-05-18 14:20:13.779009
BRA,manufacturing,iron-and-steel,2017-01-01 00:00:00,2017-12-31 00:00:00,co2e_100yr,55664579.779083386,tonnes,annual,2026-05-01 00:00:00,2026-05-18 14:20:13.779009
BRA,manufacturing,iron-and-steel,2018-01-01 00:00:00,2018-12-31 00:00:00,co2e_100yr,56621159.44089233,tonnes,annual,2026-05-01 00:00:00,2026-05-18 14:20:13.779009
BRA,manufacturing,iron-and-steel,2019-01-01 00:00:00,2019-12-31 00:00:00,co2e_100yr,51530885.67155224,tonnes,annual,2026-05-01 00:00:00,2026-05-18 14:20:13.779009
BRA,manufacturing,iron-and-steel,2020-01-01 00:00:00,2020-12-31 00:00:00,co2e_100yr,49172026.9172584,tonnes,annual,2026-05-01 00:00:00,2026-05-18 14:20:13.779009
BRA,manufacturing,iron-and-steel,2021-01-01 00:00:00,2021-12-31 00:00:00,co2e_100yr,56013154.47235283,tonnes,annual,2026-05-01 00:00:00,2026-05-18 14:20:13.779009
BRA,manufacturing,iron-and-steel,2022-01-01 00:00:00,2022-12-31 00:00:00,co2e_100yr,53126984.39112094,tonnes,annual,2026-05-01 00:00:00,2026-05-18 14:20:13.779009
BRA,manufacturing,iron-and-steel,2023-01-01 00:00:00,2023-12-31 00:00:00,co2e_100yr,50737803.97302631,tonnes,annual,2026-05-01 00:00:00,2026-05-18 14:20:13.779009
BRA,manufacturing,iron-and-steel,2024-01-01 00:00:00,2024-12-31 00:00:00,co2e_100yr,51521877.8480438,tonnes,annual,2026-05-01 00:00:00,2026-05-18 14:20:13.779009
BRA,manufacturing,iron-and-steel,2025-01-01 00:00:00,2025-12-31 00:00:00,co2e_100yr,52417278.217747316,tonnes,annual,2026-05-01 00:00:00,2026-05-18 14:20:13.779009
BRA,manufacturing,iron-and-steel,2026-01-01 00:00:00,2026-12-31 00:00:00,co2e_100yr,12613540.488003837,tonnes,annual,2026-05-01 00:00:00,2026-05-18 14:20:13.779009
BRB,manufacturing,iron-and-steel,2015-01-01 00:00:00,2015-12-31 00:00:00,co2e_100yr,0,tonnes,annual,2026-05-01 00:00:00,2026-05-18 14:20:13.779009
BRB,manufacturing,iron-and-steel,2016-01-01 00:00:00,2016-12-31 00:00:00,co2e_100yr,0,tonnes,annual,2026-05-01 00:00:00,2026-05-18 14:20:13.779009
BRB,manufacturing,iron-and-steel,2017-01-01 00:00:00,2017-12-31 00:00:00,co2e_100yr,0,tonnes,annual,2026-05-01 00:00:00,2026-05-18 14:20:13.779009
BRB,manufacturing,iron-and-steel,2018-01-01 00:00:00,2018-12-31 00:00:00,co2e_100yr,0,tonnes,annual,2026-05-01 00:00:00,2026-05-18 14:20:13.779009
BRB,manufacturing,iron-and-steel,2019-01-01 00:00:00,2019-12-31 00:00:00,co2e_100yr,0,tonnes,annual,2026-05-01 00:00:00,2026-05-18 14:20:13.779009
BRB,manufacturing,iron-and-steel,2020-01-01 00:00:00,2020-12-31 00:00:00,co2e_100yr,0,tonnes,annual,2026-05-01 00:00:00,2026-05-18 14:20:13.779009
BRB,manufacturing,iron-and-steel,2021-01-01 00:00:00,2021-12-31 00:00:00,co2e_100yr,0,tonnes,annual,2026-05-01 00:00:00,2026-05-18 14:20:13.779009
BRB,manufacturing,iron-and-steel,2022-01-01 00:00:00,2022-12-31 00:00:00,co2e_100yr,0,tonnes,annual,2026-05-01 00:00:00,2026-05-18 14:20:13.779009
BRB,manufacturing,iron-and-steel,2023-01-01 00:00:00,2023-12-31 00:00:00,co2e_100yr,0,tonnes,annual,2026-05-01 00:00:00,2026-05-18 14:20:13.779009
BRB,manufacturing,iron-and-steel,2024-01-01 00:00:00,2024-12-31 00:00:00,co2e_100yr,0,tonnes,annual,2026-05-01 00:00:00,2026-05-18 14:20:13.779009
BRB,manufacturing,iron-and-steel,2025-01-01 00:00:00,2025-12-31 00:00:00,co2e_100yr,0,tonnes,annual,2026-05-01 00:00:00,2026-05-18 14:20:13.779009
BRB,manufacturing,iron-and-steel,2026-01-01 00:00:00,2026-12-31 00:00:00,co2e_100yr,0,tonnes,annual,2026-05-01 00:00:00,2026-05-18 14:20:13.779009
BRN,manufacturing,iron-and-steel,2015-01-01 00:00:00,2015-12-31 00:00:00,co2e_100yr,0,tonnes,annual,2026-05-01 00:00:00,2026-05-18 14:20:13.779009
BRN,manufacturing,iron-and-steel,2016-01-01 00:00:00,2016-12-31 00:00:00,co2e_100yr,0,tonnes,annual,2026-05-01 00:00:00,2026-05-18 14:20:13.779009
BRN,manufacturing,iron-and-steel,2017-01-01 00:00:00,2017-12-31 00:00:00,co2e_100yr,0,tonnes,annual,2026-05-01 00:00:00,2026-05-18 14:20:13.779009
BRN,manufacturing,iron-and-steel,2018-01-01 00:00:00,2018-12-31 00:00:00,co2e_100yr,0,tonnes,annual,2026-05-01 00:00:00,2026-05-18 14:20:13.779009
BRN,manufacturing,iron-and-steel,2019-01-01 00:00:00,2019-12-31 00:00:00,co2e_100yr,0,tonnes,annual,2026-05-01 00:00:00,2026-05-18 14:20:13.779009
BRN,manufacturing,iron-and-steel,2020-01-01 00:00:00,2020-12-31 00:00:00,co2e_100yr,0,tonnes,annual,2026-05-01 00:00:00,2026-05-18 14:20:13.779009
BRN,manufacturing,iron-and-steel,2021-01-01 00:00:00,2021-12-31 00:00:00,co2e_100yr,0,tonnes,annual,2026-05-01 00:00:00,2026-05-18 14:20:13.779009
BRN,manufacturing,iron-and-steel,2022-01-01 00:00:00,2022-12-31 00:00:00,co2e_100yr,0,tonnes,annual,2026-05-01 00:00:00,2026-05-18 14:20:13.779009
BRN,manufacturing,iron-and-steel,2023-01-01 00:00:00,2023-12-31 00:00:00,co2e_100yr,0,tonnes,annual,2026-05-01 00:00:00,2026-05-18 14:20:13.779009
BRN,manufacturing,iron-and-steel,2024-01-01 00:00:00,2024-12-31 00:00:00,co2e_100yr,0,tonnes,annual,2026-05-01 00:00:00,2026-05-18 14:20:13.779009
BRN,manufacturing,iron-and-steel,2025-01-01 00:00:00,2025-12-31 00:00:00,co2e_100yr,0,tonnes,annual,2026-05-01 00:00:00,2026-05-18 14:20:13.779009
BRN,manufacturing,iron-and-steel,2026-01-01 00:00:00,2026-12-31 00:00:00,co2e_100yr,0,tonnes,annual,2026-05-01 00:00:00,2026-05-18 14:20:13.779009
BTN,manufacturing,iron-and-steel,2015-01-01 00:00:00,2015-12-31 00:00:00,co2e_100yr,0,tonnes,annual,2026-05-01 00:00:00,2026-05-18 14:20:13.779009
BTN,manufacturing,iron-and-steel,2016-01-01 00:00:00,2016-12-31 00:00:00,co2e_100yr,0,tonnes,annual,2026-05-01 00:00:00,2026-05-18 14:20:13.779009
BTN,manufacturing,iron-and-steel,2017-01-01 00:00:00,2017-12-31 00:00:00,co2e_100yr,0,tonnes,annual,2026-05-01 00:00:00,2026-05-18 14:20:13.779009
BTN,manufacturing,iron-and-steel,2018-01-01 00:00:00,2018-12-31 00:00:00,co2e_100yr,0,tonnes,annual,2026-05-01 00:00:00,2026-05-18 14:20:13.779009
BTN,manufacturing,iron-and-steel,2019-01-01 00:00:00,2019-12-31 00:00:00,co2e_100yr,0,tonnes,annual,2026-05-01 00:00:00,2026-05-18 14:20:13.779009
BTN,manufacturing,iron-and-steel,2020-01-01 00:00:00,2020-12-31 00:00:00,co2e_100yr,0,tonnes,annual,2026-05-01 00:00:00,2026-05-18 14:20:13.779009
BTN,manufacturing,iron-and-steel,2021-01-01 00:00:00,2021-12-31 00:00:00,co2e_100yr,0,tonnes,annual,2026-05-01 00:00:00,2026-05-18 14:20:13.779009
BTN,manufacturing,iron-and-steel,2022-01-01 00:00:00,2022-12-31 00:00:00,co2e_100yr,0,tonnes,annual,2026-05-01 00:00:00,2026-05-18 14:20:13.779009
BTN,manufacturing,iron-and-steel,2023-01-01 00:00:00,2023-12-31 00:00:00,co2e_100yr,0,tonnes,annual,2026-05-01 00:00:00,2026-05-18 14:20:13.779009
BTN,manufacturing,iron-and-steel,2024-01-01 00:00:00,2024-12-31 00:00:00,co2e_100yr,0,tonnes,annual,2026-05-01 00:00:00,2026-05-18 14:20:13.779009
BTN,manufacturing,iron-and-steel,2025-01-01 00:00:00,2025-12-31 00:00:00,co2e_100yr,0,tonnes,annual,2026-05-01 00:00:00,2026-05-18 14:20:13.779009
BTN,manufacturing,iron-and-steel,2026-01-01 00:00:00,2026-12-31 00:00:00,co2e_100yr,0,tonnes,annual,2026-05-01 00:00:00,2026-05-18 14:20:13.779009
BVT,manufacturing,iron-and-steel,2015-01-01 00:00:00,2015-12-31 00:00:00,co2e_100yr,0,tonnes,annual,2026-05-01 00:00:00,2026-05-18 14:20:13.779009
BVT,manufacturing,iron-and-steel,2016-01-01 00:00:00,2016-12-31 00:00:00,co2e_100yr,0,tonnes,annual,2026-05-01 00:00:00,2026-05-18 14:20:13.779009
BVT,manufacturing,iron-and-steel,2017-01-01 00:00:00,2017-12-31 00:00:00,co2e_100yr,0,tonnes,annual,2026-05-01 00:00:00,2026-05-18 14:20:13.779009
BVT,manufacturing,iron-and-steel,2018-01-01 00:00:00,2018-12-31 00:00:00,co2e_100yr,0,tonnes,annual,2026-05-01 00:00:00,2026-05-18 14:20:13.779009
BVT,manufacturing,iron-and-steel,2019-01-01 00:00:00,2019-12-31 00:00:00,co2e_100yr,0,tonnes,annual,2026-05-01 00:00:00,2026-05-18 14:20:13.779009
BVT,manufacturing,iron-and-steel,2020-01-01 00:00:00,2020-12-31 00:00:00,co2e_100yr,0,tonnes,annual,2026-05-01 00:00:00,2026-05-18 14:20:13.779009
BVT,manufacturing,iron-and-steel,2021-01-01 00:00:00,2021-12-31 00:00:00,co2e_100yr,0,tonnes,annual,2026-05-01 00:00:00,2026-05-18 14:20:13.779009
BVT,manufacturing,iron-and-steel,2022-01-01 00:00:00,2022-12-31 00:00:00,co2e_100yr,0,tonnes,annual,2026-05-01 00:00:00,2026-05-18 14:20:13.779009
BVT,manufacturing,iron-and-steel,2023-01-01 00:00:00,2023-12-31 00:00:00,co2e_100yr,0,tonnes,annual,2026-05-01 00:00:00,2026-05-18 14:20:13.779009
BVT,manufacturing,iron-and-steel,2024-01-01 00:00:00,2024-12-31 00:00:00,co2e_100yr,0,tonnes,annual,2026-05-01 00:00:00,2026-05-18 14:20:13.779009
BVT,manufacturing,iron-and-steel,2025-01-01 00:00:00,2025-12-31 00:00:00,co2e_100yr,0,tonnes,annual,2026-05-01 00:00:00,2026-05-18 14:20:13.779009
BVT,manufacturing,iron-and-steel,2026-01-01 00:00:00,2026-12-31 00:00:00,co2e_100yr,0,tonnes,annual,2026-05-01 00:00:00,2026-05-18 14:20:13.779009
BWA,manufacturing,iron-and-steel,2015-01-01 00:00:00,2015-12-31 00:00:00,co2e_100yr,0,tonnes,annual,2026-05-01 00:00:00,2026-05-18 14:20:13.779009
BWA,manufacturing,iron-and-steel,2016-01-01 00:00:00,2016-12-31 00:00:00,co2e_100yr,0,tonnes,annual,2026-05-01 00:00:00,2026-05-18 14:20:13.779009
BWA,manufacturing,iron-and-steel,2017-01-01 00:00:00,2017-12-31 00:00:00,co2e_100yr,0,tonnes,annual,2026-05-01 00:00:00,2026-05-18 14:20:13.779009
BWA,manufacturing,iron-and-steel,2018-01-01 00:00:00,2018-12-31 00:00:00,co2e_100yr,0,tonnes,annual,2026-05-01 00:00:00,2026-05-18 14:20:13.779009
BWA,manufacturing,iron-and-steel,2019-01-01 00:00:00,2019-12-31 00:00:00,co2e_100yr,0,tonnes,annual,2026-05-01 00:00:00,2026-05-18 14:20:13.779009
BWA,manufacturing,iron-and-steel,2020-01-01 00:00:00,2020-12-31 00:00:00,co2e_100yr,0,tonnes,annual,2026-05-01 00:00:00,2026-05-18 14:20:13.779009
BWA,manufacturing,iron-and-steel,2021-01-01 00:00:00,2021-12-31 00:00:00,co2e_100yr,0,tonnes,annual,2026-05-01 00:00:00,2026-05-18 14:20:13.779009
BWA,manufacturing,iron-and-steel,2022-01-01 00:00:00,2022-12-31 00:00:00,co2e_100yr,0,tonnes,annual,2026-05-01 00:00:00,2026-05-18 14:20:13.779009
BWA,manufacturing,iron-and-steel,2023-01-01 00:00:00,2023-12-31 00:00:00,co2e_100yr,0,tonnes,annual,2026-05-01 00:00:00,2026-05-18 14:20:13.779009
BWA,manufacturing,iron-and-steel,2024-01-01 00:00:00,2024-12-31 00:00:00,co2e_100yr,0,tonnes,annual,2026-05-01 00:00:00,2026-05-18 14:20:13.779009
BWA,manufacturing,iron-and-steel,2025-01-01 00:00:00,2025-12-31 00:00:00,co2e_100yr,0,tonnes,annual,2026-05-01 00:00:00,2026-05-18 14:20:13.779009
BWA,manufacturing,iron-and-steel,2026-01-01 00:00:00,2026-12-31 00:00:00,co2e_100yr,0,tonnes,annual,2026-05-01 00:00:00,2026-05-18 14:20:13.779009
CAF,manufacturing,iron-and-steel,2015-01-01 00:00:00,2015-12-31 00:00:00,co2e_100yr,0,tonnes,annual,2026-05-01 00:00:00,2026-05-18 14:20:13.779009
CAF,manufacturing,iron-and-steel,2016-01-01 00:00:00,2016-12-31 00:00:00,co2e_100yr,0,tonnes,annual,2026-05-01 00:00:00,2026-05-18 14:20:13.779009
CAF,manufacturing,iron-and-steel,2017-01-01 00:00:00,2017-12-31 00:00:00,co2e_100yr,0,tonnes,annual,2026-05-01 00:00:00,2026-05-18 14:20:13.779009
CAF,manufacturing,iron-and-steel,2018-01-01 00:00:00,2018-12-31 00:00:00,co2e_100yr,0,tonnes,annual,2026-05-01 00:00:00,2026-05-18 14:20:13.779009
CAF,manufacturing,iron-and-steel,2019-01-01 00:00:00,2019-12-31 00:00:00,co2e_100yr,0,tonnes,annual,2026-05-01 00:00:00,2026-05-18 14:20:13.779009
CAF,manufacturing,iron-and-steel,2020-01-01 00:00:00,2020-12-31 00:00:00,co2e_100yr,0,tonnes,annual,2026-05-01 00:00:00,2026-05-18 14:20:13.779009
CAF,manufacturing,iron-and-steel,2021-01-01 00:00:00,2021-12-31 00:00:00,co2e_100yr,0,tonnes,annual,2026-05-01 00:00:00,2026-05-18 14:20:13.779009
CAF,manufacturing,iron-and-steel,2022-01-01 00:00:00,2022-12-31 00:00:00,co2e_100yr,0,tonnes,annual,2026-05-01 00:00:00,2026-05-18 14:20:13.779009
CAF,manufacturing,iron-and-steel,2023-01-01 00:00:00,2023-12-31 00:00:00,co2e_100yr,0,tonnes,annual,2026-05-01 00:00:00,2026-05-18 14:20:13.779009
CAF,manufacturing,iron-and-steel,2024-01-01 00:00:00,2024-12-31 00:00:00,co2e_100yr,0,tonnes,annual,2026-05-01 00:00:00,2026-05-18 14:20:13.779009
CAF,manufacturing,iron-and-steel,2025-01-01 00:00:00,2025-12-31 00:00:00,co2e_100yr,0,tonnes,annual,2026-05-01 00:00:00,2026-05-18 14:20:13.779009
CAF,manufacturing,iron-and-steel,2026-01-01 00:00:00,2026-12-31 00:00:00,co2e_100yr,0,tonnes,annual,2026-05-01 00:00:00,2026-05-18 14:20:13.779009
CAN,manufacturing,iron-and-steel,2015-01-01 00:00:00,2015-12-31 00:00:00,co2e_100yr,15112022.939810364,tonnes,annual,2026-05-01 00:00:00,2026-05-18 14:20:13.779009
CAN,manufacturing,iron-and-steel,2016-01-01 00:00:00,2016-12-31 00:00:00,co2e_100yr,15322047.983637208,tonnes,annual,2026-05-01 00:00:00,2026-05-18 14:20:13.779009
CAN,manufacturing,iron-and-steel,2017-01-01 00:00:00,2017-12-31 00:00:00,co2e_100yr,16003108.184196413,tonnes,annual,2026-05-01 00:00:00,2026-05-18 14:20:13.779009
CAN,manufacturing,iron-and-steel,2018-01-01 00:00:00,2018-12-31 00:00:00,co2e_100yr,16287839.439745028,tonnes,annual,2026-05-01 00:00:00,2026-05-18 14:20:13.779009
CAN,manufacturing,iron-and-steel,2019-01-01 00:00:00,2019-12-31 00:00:00,co2e_100yr,15626293.628980998,tonnes,annual,2026-05-01 00:00:00,2026-05-18 14:20:13.779009
CAN,manufacturing,iron-and-steel,2020-01-01 00:00:00,2020-12-31 00:00:00,co2e_100yr,13310883.291306915,tonnes,annual,2026-05-01 00:00:00,2026-05-18 14:20:13.779009
CAN,manufacturing,iron-and-steel,2021-01-01 00:00:00,2021-12-31 00:00:00,co2e_100yr,15274453.13790059,tonnes,annual,2026-05-01 00:00:00,2026-05-18 14:20:13.779009
CAN,manufacturing,iron-and-steel,2022-01-01 00:00:00,2022-12-31 00:00:00,co2e_100yr,14255276.405277027,tonnes,annual,2026-05-01 00:00:00,2026-05-18 14:20:13.779009
CAN,manufacturing,iron-and-steel,2023-01-01 00:00:00,2023-12-31 00:00:00,co2e_100yr,14630279.196252108,tonnes,annual,2026-05-01 00:00:00,2026-05-18 14:20:13.779009
CAN,manufacturing,iron-and-steel,2024-01-01 00:00:00,2024-12-31 00:00:00,co2e_100yr,14092922.817148492,tonnes,annual,2026-05-01 00:00:00,2026-05-18 14:20:13.779009
CAN,manufacturing,iron-and-steel,2025-01-01 00:00:00,2025-12-31 00:00:00,co2e_100yr,12955042.262743333,tonnes,annual,2026-05-01 00:00:00,2026-05-18 14:20:13.779009
CAN,manufacturing,iron-and-steel,2026-01-01 00:00:00,2026-12-31 00:00:00,co2e_100yr,2855212.8087271377,tonnes,annual,2026-05-01 00:00:00,2026-05-18 14:20:13.779009
CCK,manufacturing,iron-and-steel,2015-01-01 00:00:00,2015-12-31 00:00:00,co2e_100yr,0,tonnes,annual,2026-05-01 00:00:00,2026-05-18 14:20:13.779009
CCK,manufacturing,iron-and-steel,2016-01-01 00:00:00,2016-12-31 00:00:00,co2e_100yr,0,tonnes,annual,2026-05-01 00:00:00,2026-05-18 14:20:13.779009
CCK,manufacturing,iron-and-steel,2017-01-01 00:00:00,2017-12-31 00:00:00,co2e_100yr,0,tonnes,annual,2026-05-01 00:00:00,2026-05-18 14:20:13.779009
CCK,manufacturing,iron-and-steel,2018-01-01 00:00:00,2018-12-31 00:00:00,co2e_100yr,0,tonnes,annual,2026-05-01 00:00:00,2026-05-18 14:20:13.779009
CCK,manufacturing,iron-and-steel,2019-01-01 00:00:00,2019-12-31 00:00:00,co2e_100yr,0,tonnes,annual,2026-05-01 00:00:00,2026-05-18 14:20:13.779009
CCK,manufacturing,iron-and-steel,2020-01-01 00:00:00,2020-12-31 00:00:00,co2e_100yr,0,tonnes,annual,2026-05-01 00:00:00,2026-05-18 14:20:13.779009
CCK,manufacturing,iron-and-steel,2021-01-01 00:00:00,2021-12-31 00:00:00,co2e_100yr,0,tonnes,annual,2026-05-01 00:00:00,2026-05-18 14:20:13.779009
CCK,manufacturing,iron-and-steel,2022-01-01 00:00:00,2022-12-31 00:00:00,co2e_100yr,0,tonnes,annual,2026-05-01 00:00:00,2026-05-18 14:20:13.779009
CCK,manufacturing,iron-and-steel,2023-01-01 00:00:00,2023-12-31 00:00:00,co2e_100yr,0,tonnes,annual,2026-05-01 00:00:00,2026-05-18 14:20:13.779009
CCK,manufacturing,iron-and-steel,2024-01-01 00:00:00,2024-12-31 00:00:00,co2e_100yr,0,tonnes,annual,2026-05-01 00:00:00,2026-05-18 14:20:13.779009
CCK,manufacturing,iron-and-steel,2025-01-01 00:00:00,2025-12-31 00:00:00,co2e_100yr,0,tonnes,annual,2026-05-01 00:00:00,2026-05-18 14:20:13.779009
CCK,manufacturing,iron-and-steel,2026-01-01 00:00:00,2026-12-31 00:00:00,co2e_100yr,0,tonnes,annual,2026-05-01 00:00:00,2026-05-18 14:20:13.779009
CHE,manufacturing,iron-and-steel,2015-01-01 00:00:00,2015-12-31 00:00:00,co2e_100yr,117999.99999999996,tonnes,annual,2026-05-01 00:00:00,2026-05-18 14:20:13.779009
CHE,manufacturing,iron-and-steel,2016-01-01 00:00:00,2016-12-31 00:00:00,co2e_100yr,119999.99999999999,tonnes,annual,2026-05-01 00:00:00,2026-05-18 14:20:13.779009
CHE,manufacturing,iron-and-steel,2017-01-01 00:00:00,2017-12-31 00:00:00,co2e_100yr,122000.00000000004,tonnes,annual,2026-05-01 00:00:00,2026-05-18 14:20:13.779009
CHE,manufacturing,iron-and-steel,2018-01-01 00:00:00,2018-12-31 00:00:00,co2e_100yr,123999.99999999996,tonnes,annual,2026-05-01 00:00:00,2026-05-18 14:20:13.779009
CHE,manufacturing,iron-and-steel,2019-01-01 00:00:00,2019-12-31 00:00:00,co2e_100yr,105999.99999999996,tonnes,annual,2026-05-01 00:00:00,2026-05-18 14:20:13.779009
CHE,manufacturing,iron-and-steel,2020-01-01 00:00:00,2020-12-31 00:00:00,co2e_100yr,93999.99999999996,tonnes,annual,2026-05-01 00:00:00,2026-05-18 14:20:13.779009
CHE,manufacturing,iron-and-steel,2021-01-01 00:00:00,2021-12-31 00:00:00,co2e_100yr,103287.99999999996,tonnes,annual,2026-05-01 00:00:00,2026-05-18 14:20:13.779009
CHE,manufacturing,iron-and-steel,2022-01-01 00:00:00,2022-12-31 00:00:00,co2e_100yr,96472.00000000001,tonnes,annual,2026-05-01 00:00:00,2026-05-18 14:20:13.779009
CHE,manufacturing,iron-and-steel,2023-01-01 00:00:00,2023-12-31 00:00:00,co2e_100yr,95999.99999999999,tonnes,annual,2026-05-01 00:00:00,2026-05-18 14:20:13.779009
CHE,manufacturing,iron-and-steel,2024-01-01 00:00:00,2024-12-31 00:00:00,co2e_100yr,95999.99999999999,tonnes,annual,2026-05-01 00:00:00,2026-05-18 14:20:13.779009
CHE,manufacturing,iron-and-steel,2025-01-01 00:00:00,2025-12-31 00:00:00,co2e_100yr,95999.99999999999,tonnes,annual,2026-05-01 00:00:00,2026-05-18 14:20:13.779009
CHE,manufacturing,iron-and-steel,2026-01-01 00:00:00,2026-12-31 00:00:00,co2e_100yr,25714.421325221865,tonnes,annual,2026-05-01 00:00:00,2026-05-18 14:20:13.779009
CHL,manufacturing,iron-and-steel,2015-01-01 00:00:00,2015-12-31 00:00:00,co2e_100yr,1733906.2886256424,tonnes,annual,2026-05-01 00:00:00,2026-05-18 14:20:13.779009
CHL,manufacturing,iron-and-steel,2016-01-01 00:00:00,2016-12-31 00:00:00,co2e_100yr,1826599.9624728898,tonnes,annual,2026-05-01 00:00:00,2026-05-18 14:20:13.779009
CHL,manufacturing,iron-and-steel,2017-01-01 00:00:00,2017-12-31 00:00:00,co2e_100yr,1783241.5905967557,tonnes,annual,2026-05-01 00:00:00,2026-05-18 14:20:13.779009
CHL,manufacturing,iron-and-steel,2018-01-01 00:00:00,2018-12-31 00:00:00,co2e_100yr,1771546.6824841092,tonnes,annual,2026-05-01 00:00:00,2026-05-18 14:20:13.779009
CHL,manufacturing,iron-and-steel,2019-01-01 00:00:00,2019-12-31 00:00:00,co2e_100yr,1936851.377543086,tonnes,annual,2026-05-01 00:00:00,2026-05-18 14:20:13.779009
CHL,manufacturing,iron-and-steel,2020-01-01 00:00:00,2020-12-31 00:00:00,co2e_100yr,1797500.0736647667,tonnes,annual,2026-05-01 00:00:00,2026-05-18 14:20:13.779009
CHL,manufacturing,iron-and-steel,2021-01-01 00:00:00,2021-12-31 00:00:00,co2e_100yr,1752821.6842846347,tonnes,annual,2026-05-01 00:00:00,2026-05-18 14:20:13.779009
CHL,manufacturing,iron-and-steel,2022-01-01 00:00:00,2022-12-31 00:00:00,co2e_100yr,1599825.751474476,tonnes,annual,2026-05-01 00:00:00,2026-05-18 14:20:13.779009
CHL,manufacturing,iron-and-steel,2023-01-01 00:00:00,2023-12-31 00:00:00,co2e_100yr,1597837.0241488726,tonnes,annual,2026-05-01 00:00:00,2026-05-18 14:20:13.779009
CHL,manufacturing,iron-and-steel,2024-01-01 00:00:00,2024-12-31 00:00:00,co2e_100yr,973175.9565441894,tonnes,annual,2026-05-01 00:00:00,2026-05-18 14:20:13.779009
CHL,manufacturing,iron-and-steel,2025-01-01 00:00:00,2025-12-31 00:00:00,co2e_100yr,40893.52,tonnes,annual,2026-05-01 00:00:00,2026-05-18 14:20:13.779009
CHL,manufacturing,iron-and-steel,2026-01-01 00:00:00,2026-12-31 00:00:00,co2e_100yr,10398.480000000001,tonnes,annual,2026-05-01 00:00:00,2026-05-18 14:20:13.779009
CHN,manufacturing,iron-and-steel,2015-01-01 00:00:00,2015-12-31 00:00:00,co2e_100yr,1393625333.4248118,tonnes,annual,2026-05-01 00:00:00,2026-05-18 14:20:13.779009
CHN,manufacturing,iron-and-steel,2016-01-01 00:00:00,2016-12-31 00:00:00,co2e_100yr,1411294286.9520433,tonnes,annual,2026-05-01 00:00:00,2026-05-18 14:20:13.779009
CHN,manufacturing,iron-and-steel,2017-01-01 00:00:00,2017-12-31 00:00:00,co2e_100yr,1471050650.2728126,tonnes,annual,2026-05-01 00:00:00,2026-05-18 14:20:13.779009
CHN,manufacturing,iron-and-steel,2018-01-01 00:00:00,2018-12-31 00:00:00,co2e_100yr,1532625912.1515298,tonnes,annual,2026-05-01 00:00:00,2026-05-18 14:20:13.779009
CHN,manufacturing,iron-and-steel,2019-01-01 00:00:00,2019-12-31 00:00:00,co2e_100yr,1660387722.4060066,tonnes,annual,2026-05-01 00:00:00,2026-05-18 14:20:13.779009
CHN,manufacturing,iron-and-steel,2020-01-01 00:00:00,2020-12-31 00:00:00,co2e_100yr,1795588302.2191238,tonnes,annual,2026-05-01 00:00:00,2026-05-18 14:20:13.779009
CHN,manufacturing,iron-and-steel,2021-01-01 00:00:00,2021-12-31 00:00:00,co2e_100yr,1722967663.9728656,tonnes,annual,2026-05-01 00:00:00,2026-05-18 14:20:13.779009
CHN,manufacturing,iron-and-steel,2022-01-01 00:00:00,2022-12-31 00:00:00,co2e_100yr,1709989081.8859286,tonnes,annual,2026-05-01 00:00:00,2026-05-18 14:20:13.779009
CHN,manufacturing,iron-and-steel,2023-01-01 00:00:00,2023-12-31 00:00:00,co2e_100yr,1719411794.5359282,tonnes,annual,2026-05-01 00:00:00,2026-05-18 14:20:13.779009
CHN,manufacturing,iron-and-steel,2024-01-01 00:00:00,2024-12-31 00:00:00,co2e_100yr,1673708999.5375888,tonnes,annual,2026-05-01 00:00:00,2026-05-18 14:20:13.779009
CHN,manufacturing,iron-and-steel,2025-01-01 00:00:00,2025-12-31 00:00:00,co2e_100yr,1592959471.4185379,tonnes,annual,2026-05-01 00:00:00,2026-05-18 14:20:13.779009
CHN,manufacturing,iron-and-steel,2026-01-01 00:00:00,2026-12-31 00:00:00,co2e_100yr,409693765.7069713,tonnes,annual,2026-05-01 00:00:00,2026-05-18 14:20:13.779009
CIV,manufacturing,iron-and-steel,2015-01-01 00:00:00,2015-12-31 00:00:00,co2e_100yr,0,tonnes,annual,2026-05-01 00:00:00,2026-05-18 14:20:13.779009
CIV,manufacturing,iron-and-steel,2016-01-01 00:00:00,2016-12-31 00:00:00,co2e_100yr,0,tonnes,annual,2026-05-01 00:00:00,2026-05-18 14:20:13.779009
CIV,manufacturing,iron-and-steel,2017-01-01 00:00:00,2017-12-31 00:00:00,co2e_100yr,0,tonnes,annual,2026-05-01 00:00:00,2026-05-18 14:20:13.779009
CIV,manufacturing,iron-and-steel,2018-01-01 00:00:00,2018-12-31 00:00:00,co2e_100yr,0,tonnes,annual,2026-05-01 00:00:00,2026-05-18 14:20:13.779009
CIV,manufacturing,iron-and-steel,2019-01-01 00:00:00,2019-12-31 00:00:00,co2e_100yr,0,tonnes,annual,2026-05-01 00:00:00,2026-05-18 14:20:13.779009
CIV,manufacturing,iron-and-steel,2020-01-01 00:00:00,2020-12-31 00:00:00,co2e_100yr,0,tonnes,annual,2026-05-01 00:00:00,2026-05-18 14:20:13.779009
CIV,manufacturing,iron-and-steel,2021-01-01 00:00:00,2021-12-31 00:00:00,co2e_100yr,0,tonnes,annual,2026-05-01 00:00:00,2026-05-18 14:20:13.779009
CIV,manufacturing,iron-and-steel,2022-01-01 00:00:00,2022-12-31 00:00:00,co2e_100yr,0,tonnes,annual,2026-05-01 00:00:00,2026-05-18 14:20:13.779009
CIV,manufacturing,iron-and-steel,2023-01-01 00:00:00,2023-12-31 00:00:00,co2e_100yr,0,tonnes,annual,2026-05-01 00:00:00,2026-05-18 14:20:13.779009
CIV,manufacturing,iron-and-steel,2024-01-01 00:00:00,2024-12-31 00:00:00,co2e_100yr,0,tonnes,annual,2026-05-01 00:00:00,2026-05-18 14:20:13.779009
CIV,manufacturing,iron-and-steel,2025-01-01 00:00:00,2025-12-31 00:00:00,co2e_100yr,0,tonnes,annual,2026-05-01 00:00:00,2026-05-18 14:20:13.779009
CIV,manufacturing,iron-and-steel,2026-01-01 00:00:00,2026-12-31 00:00:00,co2e_100yr,0,tonnes,annual,2026-05-01 00:00:00,2026-05-18 14:20:13.779009
CMR,manufacturing,iron-and-steel,2015-01-01 00:00:00,2015-12-31 00:00:00,co2e_100yr,0,tonnes,annual,2026-05-01 00:00:00,2026-05-18 14:20:13.779009
CMR,manufacturing,iron-and-steel,2016-01-01 00:00:00,2016-12-31 00:00:00,co2e_100yr,0,tonnes,annual,2026-05-01 00:00:00,2026-05-18 14:20:13.779009
CMR,manufacturing,iron-and-steel,2017-01-01 00:00:00,2017-12-31 00:00:00,co2e_100yr,0,tonnes,annual,2026-05-01 00:00:00,2026-05-18 14:20:13.779009
CMR,manufacturing,iron-and-steel,2018-01-01 00:00:00,2018-12-31 00:00:00,co2e_100yr,0,tonnes,annual,2026-05-01 00:00:00,2026-05-18 14:20:13.779009
CMR,manufacturing,iron-and-steel,2019-01-01 00:00:00,2019-12-31 00:00:00,co2e_100yr,0,tonnes,annual,2026-05-01 00:00:00,2026-05-18 14:20:13.779009
CMR,manufacturing,iron-and-steel,2020-01-01 00:00:00,2020-12-31 00:00:00,co2e_100yr,0,tonnes,annual,2026-05-01 00:00:00,2026-05-18 14:20:13.779009
CMR,manufacturing,iron-and-steel,2021-01-01 00:00:00,2021-12-31 00:00:00,co2e_100yr,0,tonnes,annual,2026-05-01 00:00:00,2026-05-18 14:20:13.779009
CMR,manufacturing,iron-and-steel,2022-01-01 00:00:00,2022-12-31 00:00:00,co2e_100yr,0,tonnes,annual,2026-05-01 00:00:00,2026-05-18 14:20:13.779009
CMR,manufacturing,iron-and-steel,2023-01-01 00:00:00,2023-12-31 00:00:00,co2e_100yr,0,tonnes,annual,2026-05-01 00:00:00,2026-05-18 14:20:13.779009
CMR,manufacturing,iron-and-steel,2024-01-01 00:00:00,2024-12-31 00:00:00,co2e_100yr,0,tonnes,annual,2026-05-01 00:00:00,2026-05-18 14:20:13.779009
CMR,manufacturing,iron-and-steel,2025-01-01 00:00:00,2025-12-31 00:00:00,co2e_100yr,0,tonnes,annual,2026-05-01 00:00:00,2026-05-18 14:20:13.779009
CMR,manufacturing,iron-and-steel,2026-01-01 00:00:00,2026-12-31 00:00:00,co2e_100yr,0,tonnes,annual,2026-05-01 00:00:00,2026-05-18 14:20:13.779009
COD,manufacturing,iron-and-steel,2015-01-01 00:00:00,2015-12-31 00:00:00,co2e_100yr,2400.0000000000005,tonnes,annual,2026-05-01 00:00:00,2026-05-18 14:20:13.779009
COD,manufacturing,iron-and-steel,2016-01-01 00:00:00,2016-12-31 00:00:00,co2e_100yr,2400,tonnes,annual,2026-05-01 00:00:00,2026-05-18 14:20:13.779009
COD,manufacturing,iron-and-steel,2017-01-01 00:00:00,2017-12-31 00:00:00,co2e_100yr,2400,tonnes,annual,2026-05-01 00:00:00,2026-05-18 14:20:13.779009
COD,manufacturing,iron-and-steel,2018-01-01 00:00:00,2018-12-31 00:00:00,co2e_100yr,2400,tonnes,annual,2026-05-01 00:00:00,2026-05-18 14:20:13.779009
COD,manufacturing,iron-and-steel,2019-01-01 00:00:00,2019-12-31 00:00:00,co2e_100yr,2400.0000000000005,tonnes,annual,2026-05-01 00:00:00,2026-05-18 14:20:13.779009
COD,manufacturing,iron-and-steel,2020-01-01 00:00:00,2020-12-31 00:00:00,co2e_100yr,2399.9999999999995,tonnes,annual,2026-05-01 00:00:00,2026-05-18 14:20:13.779009
COD,manufacturing,iron-and-steel,2021-01-01 00:00:00,2021-12-31 00:00:00,co2e_100yr,2400,tonnes,annual,2026-05-01 00:00:00,2026-05-18 14:20:13.779009
COD,manufacturing,iron-and-steel,2022-01-01 00:00:00,2022-12-31 00:00:00,co2e_100yr,2400,tonnes,annual,2026-05-01 00:00:00,2026-05-18 14:20:13.779009
COD,manufacturing,iron-and-steel,2023-01-01 00:00:00,2023-12-31 00:00:00,co2e_100yr,2400,tonnes,annual,2026-05-01 00:00:00,2026-05-18 14:20:13.779009
COD,manufacturing,iron-and-steel,2024-01-01 00:00:00,2024-12-31 00:00:00,co2e_100yr,2399.9999999999995,tonnes,annual,2026-05-01 00:00:00,2026-05-18 14:20:13.779009
COD,manufacturing,iron-and-steel,2025-01-01 00:00:00,2025-12-31 00:00:00,co2e_100yr,2400,tonnes,annual,2026-05-01 00:00:00,2026-05-18 14:20:13.779009
COD,manufacturing,iron-and-steel,2026-01-01 00:00:00,2026-12-31 00:00:00,co2e_100yr,611.5068493150685,tonnes,annual,2026-05-01 00:00:00,2026-05-18 14:20:13.779009
COG,manufacturing,iron-and-steel,2015-01-01 00:00:00,2015-12-31 00:00:00,co2e_100yr,0,tonnes,annual,2026-05-01 00:00:00,2026-05-18 14:20:13.779009
COG,manufacturing,iron-and-steel,2016-01-01 00:00:00,2016-12-31 00:00:00,co2e_100yr,0,tonnes,annual,2026-05-01 00:00:00,2026-05-18 14:20:13.779009
COG,manufacturing,iron-and-steel,2017-01-01 00:00:00,2017-12-31 00:00:00,co2e_100yr,0,tonnes,annual,2026-05-01 00:00:00,2026-05-18 14:20:13.779009
COG,manufacturing,iron-and-steel,2018-01-01 00:00:00,2018-12-31 00:00:00,co2e_100yr,0,tonnes,annual,2026-05-01 00:00:00,2026-05-18 14:20:13.779009
COG,manufacturing,iron-and-steel,2019-01-01 00:00:00,2019-12-31 00:00:00,co2e_100yr,0,tonnes,annual,2026-05-01 00:00:00,2026-05-18 14:20:13.779009
COG,manufacturing,iron-and-steel,2020-01-01 00:00:00,2020-12-31 00:00:00,co2e_100yr,0,tonnes,annual,2026-05-01 00:00:00,2026-05-18 14:20:13.779009
COG,manufacturing,iron-and-steel,2021-01-01 00:00:00,2021-12-31 00:00:00,co2e_100yr,0,tonnes,annual,2026-05-01 00:00:00,2026-05-18 14:20:13.779009
COG,manufacturing,iron-and-steel,2022-01-01 00:00:00,2022-12-31 00:00:00,co2e_100yr,0,tonnes,annual,2026-05-01 00:00:00,2026-05-18 14:20:13.779009
COG,manufacturing,iron-and-steel,2023-01-01 00:00:00,2023-12-31 00:00:00,co2e_100yr,0,tonnes,annual,2026-05-01 00:00:00,2026-05-18 14:20:13.779009
COG,manufacturing,iron-and-steel,2024-01-01 00:00:00,2024-12-31 00:00:00,co2e_100yr,0,tonnes,annual,2026-05-01 00:00:00,2026-05-18 14:20:13.779009
COG,manufacturing,iron-and-steel,2025-01-01 00:00:00,2025-12-31 00:00:00,co2e_100yr,0,tonnes,annual,2026-05-01 00:00:00,2026-05-18 14:20:13.779009
COG,manufacturing,iron-and-steel,2026-01-01 00:00:00,2026-12-31 00:00:00,co2e_100yr,0,tonnes,annual,2026-05-01 00:00:00,2026-05-18 14:20:13.779009
COK,manufacturing,iron-and-steel,2015-01-01 00:00:00,2015-12-31 00:00:00,co2e_100yr,0,tonnes,annual,2026-05-01 00:00:00,2026-05-18 14:20:13.779009
COK,manufacturing,iron-and-steel,2016-01-01 00:00:00,2016-12-31 00:00:00,co2e_100yr,0,tonnes,annual,2026-05-01 00:00:00,2026-05-18 14:20:13.779009
COK,manufacturing,iron-and-steel,2017-01-01 00:00:00,2017-12-31 00:00:00,co2e_100yr,0,tonnes,annual,2026-05-01 00:00:00,2026-05-18 14:20:13.779009
COK,manufacturing,iron-and-steel,2018-01-01 00:00:00,2018-12-31 00:00:00,co2e_100yr,0,tonnes,annual,2026-05-01 00:00:00,2026-05-18 14:20:13.779009
COK,manufacturing,iron-and-steel,2019-01-01 00:00:00,2019-12-31 00:00:00,co2e_100yr,0,tonnes,annual,2026-05-01 00:00:00,2026-05-18 14:20:13.779009
COK,manufacturing,iron-and-steel,2020-01-01 00:00:00,2020-12-31 00:00:00,co2e_100yr,0,tonnes,annual,2026-05-01 00:00:00,2026-05-18 14:20:13.779009
COK,manufacturing,iron-and-steel,2021-01-01 00:00:00,2021-12-31 00:00:00,co2e_100yr,0,tonnes,annual,2026-05-01 00:00:00,2026-05-18 14:20:13.779009
COK,manufacturing,iron-and-steel,2022-01-01 00:00:00,2022-12-31 00:00:00,co2e_100yr,0,tonnes,annual,2026-05-01 00:00:00,2026-05-18 14:20:13.779009
COK,manufacturing,iron-and-steel,2023-01-01 00:00:00,2023-12-31 00:00:00,co2e_100yr,0,tonnes,annual,2026-05-01 00:00:00,2026-05-18 14:20:13.779009
COK,manufacturing,iron-and-steel,2024-01-01 00:00:00,2024-12-31 00:00:00,co2e_100yr,0,tonnes,annual,2026-05-01 00:00:00,2026-05-18 14:20:13.779009
COK,manufacturing,iron-and-steel,2025-01-01 00:00:00,2025-12-31 00:00:00,co2e_100yr,0,tonnes,annual,2026-05-01 00:00:00,2026-05-18 14:20:13.779009
COK,manufacturing,iron-and-steel,2026-01-01 00:00:00,2026-12-31 00:00:00,co2e_100yr,0,tonnes,annual,2026-05-01 00:00:00,2026-05-18 14:20:13.779009
COL,manufacturing,iron-and-steel,2015-01-01 00:00:00,2015-12-31 00:00:00,co2e_100yr,484334.584921875,tonnes,annual,2026-05-01 00:00:00,2026-05-18 14:20:13.779009
COL,manufacturing,iron-and-steel,2016-01-01 00:00:00,2016-12-31 00:00:00,co2e_100yr,508658.6332031249,tonnes,annual,2026-05-01 00:00:00,2026-05-18 14:20:13.779009
COL,manufacturing,iron-and-steel,2017-01-01 00:00:00,2017-12-31 00:00:00,co2e_100yr,501005.32828125,tonnes,annual,2026-05-01 00:00:00,2026-05-18 14:20:13.779009
COL,manufacturing,iron-and-steel,2018-01-01 00:00:00,2018-12-31 00:00:00,co2e_100yr,487508.364921875,tonnes,annual,2026-05-01 00:00:00,2026-05-18 14:20:13.779009
COL,manufacturing,iron-and-steel,2019-01-01 00:00:00,2019-12-31 00:00:00,co2e_100yr,533021.873828125,tonnes,annual,2026-05-01 00:00:00,2026-05-18 14:20:13.779009
COL,manufacturing,iron-and-steel,2020-01-01 00:00:00,2020-12-31 00:00:00,co2e_100yr,459473.041640625,tonnes,annual,2026-05-01 00:00:00,2026-05-18 14:20:13.779009
COL,manufacturing,iron-and-steel,2021-01-01 00:00:00,2021-12-31 00:00:00,co2e_100yr,535188.6505468751,tonnes,annual,2026-05-01 00:00:00,2026-05-18 14:20:13.779009
COL,manufacturing,iron-and-steel,2022-01-01 00:00:00,2022-12-31 00:00:00,co2e_100yr,527808.09234375,tonnes,annual,2026-05-01 00:00:00,2026-05-18 14:20:13.779009
COL,manufacturing,iron-and-steel,2023-01-01 00:00:00,2023-12-31 00:00:00,co2e_100yr,549440.266484375,tonnes,annual,2026-05-01 00:00:00,2026-05-18 14:20:13.779009
COL,manufacturing,iron-and-steel,2024-01-01 00:00:00,2024-12-31 00:00:00,co2e_100yr,513675.25320312503,tonnes,annual,2026-05-01 00:00:00,2026-05-18 14:20:13.779009
COL,manufacturing,iron-and-steel,2025-01-01 00:00:00,2025-12-31 00:00:00,co2e_100yr,520413.79999999993,tonnes,annual,2026-05-01 00:00:00,2026-05-18 14:20:13.779009
COL,manufacturing,iron-and-steel,2026-01-01 00:00:00,2026-12-31 00:00:00,co2e_100yr,130492.37999999998,tonnes,annual,2026-05-01 00:00:00,2026-05-18 14:20:13.779009
COM,manufacturing,iron-and-steel,2015-01-01 00:00:00,2015-12-31 00:00:00,co2e_100yr,0,tonnes,annual,2026-05-01 00:00:00,2026-05-18 14:20:13.779009
COM,manufacturing,iron-and-steel,2016-01-01 00:00:00,2016-12-31 00:00:00,co2e_100yr,0,tonnes,annual,2026-05-01 00:00:00,2026-05-18 14:20:13.779009
COM,manufacturing,iron-and-steel,2017-01-01 00:00:00,2017-12-31 00:00:00,co2e_100yr,0,tonnes,annual,2026-05-01 00:00:00,2026-05-18 14:20:13.779009
COM,manufacturing,iron-and-steel,2018-01-01 00:00:00,2018-12-31 00:00:00,co2e_100yr,0,tonnes,annual,2026-05-01 00:00:00,2026-05-18 14:20:13.779009
COM,manufacturing,iron-and-steel,2019-01-01 00:00:00,2019-12-31 00:00:00,co2e_100yr,0,tonnes,annual,2026-05-01 00:00:00,2026-05-18 14:20:13.779009
COM,manufacturing,iron-and-steel,2020-01-01 00:00:00,2020-12-31 00:00:00,co2e_100yr,0,tonnes,annual,2026-05-01 00:00:00,2026-05-18 14:20:13.779009
COM,manufacturing,iron-and-steel,2021-01-01 00:00:00,2021-12-31 00:00:00,co2e_100yr,0,tonnes,annual,2026-05-01 00:00:00,2026-05-18 14:20:13.779009
COM,manufacturing,iron-and-steel,2022-01-01 00:00:00,2022-12-31 00:00:00,co2e_100yr,0,tonnes,annual,2026-05-01 00:00:00,2026-05-18 14:20:13.779009
COM,manufacturing,iron-and-steel,2023-01-01 00:00:00,2023-12-31 00:00:00,co2e_100yr,0,tonnes,annual,2026-05-01 00:00:00,2026-05-18 14:20:13.779009
COM,manufacturing,iron-and-steel,2024-01-01 00:00:00,2024-12-31 00:00:00,co2e_100yr,0,tonnes,annual,2026-05-01 00:00:00,2026-05-18 14:20:13.779009
COM,manufacturing,iron-and-steel,2025-01-01 00:00:00,2025-12-31 00:00:00,co2e_100yr,0,tonnes,annual,2026-05-01 00:00:00,2026-05-18 14:20:13.779009
COM,manufacturing,iron-and-steel,2026-01-01 00:00:00,2026-12-31 00:00:00,co2e_100yr,0,tonnes,annual,2026-05-01 00:00:00,2026-05-18 14:20:13.779009
CPV,manufacturing,iron-and-steel,2015-01-01 00:00:00,2015-12-31 00:00:00,co2e_100yr,0,tonnes,annual,2026-05-01 00:00:00,2026-05-18 14:20:13.779009
CPV,manufacturing,iron-and-steel,2016-01-01 00:00:00,2016-12-31 00:00:00,co2e_100yr,0,tonnes,annual,2026-05-01 00:00:00,2026-05-18 14:20:13.779009
CPV,manufacturing,iron-and-steel,2017-01-01 00:00:00,2017-12-31 00:00:00,co2e_100yr,0,tonnes,annual,2026-05-01 00:00:00,2026-05-18 14:20:13.779009
CPV,manufacturing,iron-and-steel,2018-01-01 00:00:00,2018-12-31 00:00:00,co2e_100yr,0,tonnes,annual,2026-05-01 00:00:00,2026-05-18 14:20:13.779009
CPV,manufacturing,iron-and-steel,2019-01-01 00:00:00,2019-12-31 00:00:00,co2e_100yr,0,tonnes,annual,2026-05-01 00:00:00,2026-05-18 14:20:13.779009
CPV,manufacturing,iron-and-steel,2020-01-01 00:00:00,2020-12-31 00:00:00,co2e_100yr,0,tonnes,annual,2026-05-01 00:00:00,2026-05-18 14:20:13.779009
CPV,manufacturing,iron-and-steel,2021-01-01 00:00:00,2021-12-31 00:00:00,co2e_100yr,0,tonnes,annual,2026-05-01 00:00:00,2026-05-18 14:20:13.779009
CPV,manufacturing,iron-and-steel,2022-01-01 00:00:00,2022-12-31 00:00:00,co2e_100yr,0,tonnes,annual,2026-05-01 00:00:00,2026-05-18 14:20:13.779009
CPV,manufacturing,iron-and-steel,2023-01-01 00:00:00,2023-12-31 00:00:00,co2e_100yr,0,tonnes,annual,2026-05-01 00:00:00,2026-05-18 14:20:13.779009
CPV,manufacturing,iron-and-steel,2024-01-01 00:00:00,2024-12-31 00:00:00,co2e_100yr,0,tonnes,annual,2026-05-01 00:00:00,2026-05-18 14:20:13.779009
CPV,manufacturing,iron-and-steel,2025-01-01 00:00:00,2025-12-31 00:00:00,co2e_100yr,0,tonnes,annual,2026-05-01 00:00:00,2026-05-18 14:20:13.779009
CPV,manufacturing,iron-and-steel,2026-01-01 00:00:00,2026-12-31 00:00:00,co2e_100yr,0,tonnes,annual,2026-05-01 00:00:00,2026-05-18 14:20:13.779009
CRI,manufacturing,iron-and-steel,2015-01-01 00:00:00,2015-12-31 00:00:00,co2e_100yr,0,tonnes,annual,2026-05-01 00:00:00,2026-05-18 14:20:13.779009
CRI,manufacturing,iron-and-steel,2016-01-01 00:00:00,2016-12-31 00:00:00,co2e_100yr,0,tonnes,annual,2026-05-01 00:00:00,2026-05-18 14:20:13.779009
CRI,manufacturing,iron-and-steel,2017-01-01 00:00:00,2017-12-31 00:00:00,co2e_100yr,0,tonnes,annual,2026-05-01 00:00:00,2026-05-18 14:20:13.779009
CRI,manufacturing,iron-and-steel,2018-01-01 00:00:00,2018-12-31 00:00:00,co2e_100yr,0,tonnes,annual,2026-05-01 00:00:00,2026-05-18 14:20:13.779009
CRI,manufacturing,iron-and-steel,2019-01-01 00:00:00,2019-12-31 00:00:00,co2e_100yr,0,tonnes,annual,2026-05-01 00:00:00,2026-05-18 14:20:13.779009
CRI,manufacturing,iron-and-steel,2020-01-01 00:00:00,2020-12-31 00:00:00,co2e_100yr,0,tonnes,annual,2026-05-01 00:00:00,2026-05-18 14:20:13.779009
CRI,manufacturing,iron-and-steel,2021-01-01 00:00:00,2021-12-31 00:00:00,co2e_100yr,0,tonnes,annual,2026-05-01 00:00:00,2026-05-18 14:20:13.779009
CRI,manufacturing,iron-and-steel,2022-01-01 00:00:00,2022-12-31 00:00:00,co2e_100yr,0,tonnes,annual,2026-05-01 00:00:00,2026-05-18 14:20:13.779009
CRI,manufacturing,iron-and-steel,2023-01-01 00:00:00,2023-12-31 00:00:00,co2e_100yr,0,tonnes,annual,2026-05-01 00:00:00,2026-05-18 14:20:13.779009
CRI,manufacturing,iron-and-steel,2024-01-01 00:00:00,2024-12-31 00:00:00,co2e_100yr,0,tonnes,annual,2026-05-01 00:00:00,2026-05-18 14:20:13.779009
CRI,manufacturing,iron-and-steel,2025-01-01 00:00:00,2025-12-31 00:00:00,co2e_100yr,0,tonnes,annual,2026-05-01 00:00:00,2026-05-18 14:20:13.779009
CRI,manufacturing,iron-and-steel,2026-01-01 00:00:00,2026-12-31 00:00:00,co2e_100yr,0,tonnes,annual,2026-05-01 00:00:00,2026-05-18 14:20:13.779009
CUB,manufacturing,iron-and-steel,2015-01-01 00:00:00,2015-12-31 00:00:00,co2e_100yr,22756.64,tonnes,annual,2026-05-01 00:00:00,2026-05-18 14:20:13.779009
CUB,manufacturing,iron-and-steel,2016-01-01 00:00:00,2016-12-31 00:00:00,co2e_100yr,19496.079999999994,tonnes,annual,2026-05-01 00:00:00,2026-05-18 14:20:13.779009
CUB,manufacturing,iron-and-steel,2017-01-01 00:00:00,2017-12-31 00:00:00,co2e_100yr,17680.000000000004,tonnes,annual,2026-05-01 00:00:00,2026-05-18 14:20:13.779009
CUB,manufacturing,iron-and-steel,2018-01-01 00:00:00,2018-12-31 00:00:00,co2e_100yr,18033.599999999995,tonnes,annual,2026-05-01 00:00:00,2026-05-18 14:20:13.779009
CUB,manufacturing,iron-and-steel,2019-01-01 00:00:00,2019-12-31 00:00:00,co2e_100yr,18394.239999999998,tonnes,annual,2026-05-01 00:00:00,2026-05-18 14:20:13.779009
CUB,manufacturing,iron-and-steel,2020-01-01 00:00:00,2020-12-31 00:00:00,co2e_100yr,14813.120000000003,tonnes,annual,2026-05-01 00:00:00,2026-05-18 14:20:13.779009
CUB,manufacturing,iron-and-steel,2021-01-01 00:00:00,2021-12-31 00:00:00,co2e_100yr,18467.839999999997,tonnes,annual,2026-05-01 00:00:00,2026-05-18 14:20:13.779009
CUB,manufacturing,iron-and-steel,2022-01-01 00:00:00,2022-12-31 00:00:00,co2e_100yr,16033.119999999999,tonnes,annual,2026-05-01 00:00:00,2026-05-18 14:20:13.779009
CUB,manufacturing,iron-and-steel,2023-01-01 00:00:00,2023-12-31 00:00:00,co2e_100yr,14030.56,tonnes,annual,2026-05-01 00:00:00,2026-05-18 14:20:13.779009
CUB,manufacturing,iron-and-steel,2024-01-01 00:00:00,2024-12-31 00:00:00,co2e_100yr,14295.2,tonnes,annual,2026-05-01 00:00:00,2026-05-18 14:20:13.779009
CUB,manufacturing,iron-and-steel,2025-01-01 00:00:00,2025-12-31 00:00:00,co2e_100yr,14564.96,tonnes,annual,2026-05-01 00:00:00,2026-05-18 14:20:13.779009
CUB,manufacturing,iron-and-steel,2026-01-01 00:00:00,2026-12-31 00:00:00,co2e_100yr,4755.12,tonnes,annual,2026-05-01 00:00:00,2026-05-18 14:20:13.779009
CUW,manufacturing,iron-and-steel,2015-01-01 00:00:00,2015-12-31 00:00:00,co2e_100yr,0,tonnes,annual,2026-05-01 00:00:00,2026-05-18 14:20:13.779009
CUW,manufacturing,iron-and-steel,2016-01-01 00:00:00,2016-12-31 00:00:00,co2e_100yr,0,tonnes,annual,2026-05-01 00:00:00,2026-05-18 14:20:13.779009
CUW,manufacturing,iron-and-steel,2017-01-01 00:00:00,2017-12-31 00:00:00,co2e_100yr,0,tonnes,annual,2026-05-01 00:00:00,2026-05-18 14:20:13.779009
CUW,manufacturing,iron-and-steel,2018-01-01 00:00:00,2018-12-31 00:00:00,co2e_100yr,0,tonnes,annual,2026-05-01 00:00:00,2026-05-18 14:20:13.779009
CUW,manufacturing,iron-and-steel,2019-01-01 00:00:00,2019-12-31 00:00:00,co2e_100yr,0,tonnes,annual,2026-05-01 00:00:00,2026-05-18 14:20:13.779009
CUW,manufacturing,iron-and-steel,2020-01-01 00:00:00,2020-12-31 00:00:00,co2e_100yr,0,tonnes,annual,2026-05-01 00:00:00,2026-05-18 14:20:13.779009
CUW,manufacturing,iron-and-steel,2021-01-01 00:00:00,2021-12-31 00:00:00,co2e_100yr,0,tonnes,annual,2026-05-01 00:00:00,2026-05-18 14:20:13.779009
CUW,manufacturing,iron-and-steel,2022-01-01 00:00:00,2022-12-31 00:00:00,co2e_100yr,0,tonnes,annual,2026-05-01 00:00:00,2026-05-18 14:20:13.779009
CUW,manufacturing,iron-and-steel,2023-01-01 00:00:00,2023-12-31 00:00:00,co2e_100yr,0,tonnes,annual,2026-05-01 00:00:00,2026-05-18 14:20:13.779009
CUW,manufacturing,iron-and-steel,2024-01-01 00:00:00,2024-12-31 00:00:00,co2e_100yr,0,tonnes,annual,2026-05-01 00:00:00,2026-05-18 14:20:13.779009
CUW,manufacturing,iron-and-steel,2025-01-01 00:00:00,2025-12-31 00:00:00,co2e_100yr,0,tonnes,annual,2026-05-01 00:00:00,2026-05-18 14:20:13.779009
CUW,manufacturing,iron-and-steel,2026-01-01 00:00:00,2026-12-31 00:00:00,co2e_100yr,0,tonnes,annual,2026-05-01 00:00:00,2026-05-18 14:20:13.779009
CXR,manufacturing,iron-and-steel,2015-01-01 00:00:00,2015-12-31 00:00:00,co2e_100yr,0,tonnes,annual,2026-05-01 00:00:00,2026-05-18 14:20:13.779009
CXR,manufacturing,iron-and-steel,2016-01-01 00:00:00,2016-12-31 00:00:00,co2e_100yr,0,tonnes,annual,2026-05-01 00:00:00,2026-05-18 14:20:13.779009
CXR,manufacturing,iron-and-steel,2017-01-01 00:00:00,2017-12-31 00:00:00,co2e_100yr,0,tonnes,annual,2026-05-01 00:00:00,2026-05-18 14:20:13.779009
CXR,manufacturing,iron-and-steel,2018-01-01 00:00:00,2018-12-31 00:00:00,co2e_100yr,0,tonnes,annual,2026-05-01 00:00:00,2026-05-18 14:20:13.779009
CXR,manufacturing,iron-and-steel,2019-01-01 00:00:00,2019-12-31 00:00:00,co2e_100yr,0,tonnes,annual,2026-05-01 00:00:00,2026-05-18 14:20:13.779009
CXR,manufacturing,iron-and-steel,2020-01-01 00:00:00,2020-12-31 00:00:00,co2e_100yr,0,tonnes,annual,2026-05-01 00:00:00,2026-05-18 14:20:13.779009
CXR,manufacturing,iron-and-steel,2021-01-01 00:00:00,2021-12-31 00:00:00,co2e_100yr,0,tonnes,annual,2026-05-01 00:00:00,2026-05-18 14:20:13.779009
CXR,manufacturing,iron-and-steel,2022-01-01 00:00:00,2022-12-31 00:00:00,co2e_100yr,0,tonnes,annual,2026-05-01 00:00:00,2026-05-18 14:20:13.779009
CXR,manufacturing,iron-and-steel,2023-01-01 00:00:00,2023-12-31 00:00:00,co2e_100yr,0,tonnes,annual,2026-05-01 00:00:00,2026-05-18 14:20:13.779009
CXR,manufacturing,iron-and-steel,2024-01-01 00:00:00,2024-12-31 00:00:00,co2e_100yr,0,tonnes,annual,2026-05-01 00:00:00,2026-05-18 14:20:13.779009
CXR,manufacturing,iron-and-steel,2025-01-01 00:00:00,2025-12-31 00:00:00,co2e_100yr,0,tonnes,annual,2026-05-01 00:00:00,2026-05-18 14:20:13.779009
CXR,manufacturing,iron-and-steel,2026-01-01 00:00:00,2026-12-31 00:00:00,co2e_100yr,0,tonnes,annual,2026-05-01 00:00:00,2026-05-18 14:20:13.779009
CYM,manufacturing,iron-and-steel,2015-01-01 00:00:00,2015-12-31 00:00:00,co2e_100yr,0,tonnes,annual,2026-05-01 00:00:00,2026-05-18 14:20:13.779009
CYM,manufacturing,iron-and-steel,2016-01-01 00:00:00,2016-12-31 00:00:00,co2e_100yr,0,tonnes,annual,2026-05-01 00:00:00,2026-05-18 14:20:13.779009
CYM,manufacturing,iron-and-steel,2017-01-01 00:00:00,2017-12-31 00:00:00,co2e_100yr,0,tonnes,annual,2026-05-01 00:00:00,2026-05-18 14:20:13.779009
CYM,manufacturing,iron-and-steel,2018-01-01 00:00:00,2018-12-31 00:00:00,co2e_100yr,0,tonnes,annual,2026-05-01 00:00:00,2026-05-18 14:20:13.779009
CYM,manufacturing,iron-and-steel,2019-01-01 00:00:00,2019-12-31 00:00:00,co2e_100yr,0,tonnes,annual,2026-05-01 00:00:00,2026-05-18 14:20:13.779009
CYM,manufacturing,iron-and-steel,2020-01-01 00:00:00,2020-12-31 00:00:00,co2e_100yr,0,tonnes,annual,2026-05-01 00:00:00,2026-05-18 14:20:13.779009
CYM,manufacturing,iron-and-steel,2021-01-01 00:00:00,2021-12-31 00:00:00,co2e_100yr,0,tonnes,annual,2026-05-01 00:00:00,2026-05-18 14:20:13.779009
CYM,manufacturing,iron-and-steel,2022-01-01 00:00:00,2022-12-31 00:00:00,co2e_100yr,0,tonnes,annual,2026-05-01 00:00:00,2026-05-18 14:20:13.779009
CYM,manufacturing,iron-and-steel,2023-01-01 00:00:00,2023-12-31 00:00:00,co2e_100yr,0,tonnes,annual,2026-05-01 00:00:00,2026-05-18 14:20:13.779009
CYM,manufacturing,iron-and-steel,2024-01-01 00:00:00,2024-12-31 00:00:00,co2e_100yr,0,tonnes,annual,2026-05-01 00:00:00,2026-05-18 14:20:13.779009
CYM,manufacturing,iron-and-steel,2025-01-01 00:00:00,2025-12-31 00:00:00,co2e_100yr,0,tonnes,annual,2026-05-01 00:00:00,2026-05-18 14:20:13.779009
CYM,manufacturing,iron-and-steel,2026-01-01 00:00:00,2026-12-31 00:00:00,co2e_100yr,0,tonnes,annual,2026-05-01 00:00:00,2026-05-18 14:20:13.779009
CYP,manufacturing,iron-and-steel,2015-01-01 00:00:00,2015-12-31 00:00:00,co2e_100yr,0,tonnes,annual,2026-05-01 00:00:00,2026-05-18 14:20:13.779009
CYP,manufacturing,iron-and-steel,2016-01-01 00:00:00,2016-12-31 00:00:00,co2e_100yr,0,tonnes,annual,2026-05-01 00:00:00,2026-05-18 14:20:13.779009
CYP,manufacturing,iron-and-steel,2017-01-01 00:00:00,2017-12-31 00:00:00,co2e_100yr,0,tonnes,annual,2026-05-01 00:00:00,2026-05-18 14:20:13.779009
CYP,manufacturing,iron-and-steel,2018-01-01 00:00:00,2018-12-31 00:00:00,co2e_100yr,0,tonnes,annual,2026-05-01 00:00:00,2026-05-18 14:20:13.779009
CYP,manufacturing,iron-and-steel,2019-01-01 00:00:00,2019-12-31 00:00:00,co2e_100yr,0,tonnes,annual,2026-05-01 00:00:00,2026-05-18 14:20:13.779009
CYP,manufacturing,iron-and-steel,2020-01-01 00:00:00,2020-12-31 00:00:00,co2e_100yr,0,tonnes,annual,2026-05-01 00:00:00,2026-05-18 14:20:13.779009
CYP,manufacturing,iron-and-steel,2021-01-01 00:00:00,2021-12-31 00:00:00,co2e_100yr,0,tonnes,annual,2026-05-01 00:00:00,2026-05-18 14:20:13.779009
CYP,manufacturing,iron-and-steel,2022-01-01 00:00:00,2022-12-31 00:00:00,co2e_100yr,0,tonnes,annual,2026-05-01 00:00:00,2026-05-18 14:20:13.779009
CYP,manufacturing,iron-and-steel,2023-01-01 00:00:00,2023-12-31 00:00:00,co2e_100yr,0,tonnes,annual,2026-05-01 00:00:00,2026-05-18 14:20:13.779009
CYP,manufacturing,iron-and-steel,2024-01-01 00:00:00,2024-12-31 00:00:00,co2e_100yr,0,tonnes,annual,2026-05-01 00:00:00,2026-05-18 14:20:13.779009
CYP,manufacturing,iron-and-steel,2025-01-01 00:00:00,2025-12-31 00:00:00,co2e_100yr,0,tonnes,annual,2026-05-01 00:00:00,2026-05-18 14:20:13.779009
CYP,manufacturing,iron-and-steel,2026-01-01 00:00:00,2026-12-31 00:00:00,co2e_100yr,0,tonnes,annual,2026-05-01 00:00:00,2026-05-18 14:20:13.779009
CZE,manufacturing,iron-and-steel,2015-01-01 00:00:00,2015-12-31 00:00:00,co2e_100yr,9695114.339152917,tonnes,annual,2026-05-01 00:00:00,2026-05-18 14:20:13.779009
CZE,manufacturing,iron-and-steel,2016-01-01 00:00:00,2016-12-31 00:00:00,co2e_100yr,9896211.301350798,tonnes,annual,2026-05-01 00:00:00,2026-05-18 14:20:13.779009
CZE,manufacturing,iron-and-steel,2017-01-01 00:00:00,2017-12-31 00:00:00,co2e_100yr,8504297.326069562,tonnes,annual,2026-05-01 00:00:00,2026-05-18 14:20:13.779009
CZE,manufacturing,iron-and-steel,2018-01-01 00:00:00,2018-12-31 00:00:00,co2e_100yr,9126969.552775757,tonnes,annual,2026-05-01 00:00:00,2026-05-18 14:20:13.779009
CZE,manufacturing,iron-and-steel,2019-01-01 00:00:00,2019-12-31 00:00:00,co2e_100yr,8301048.794839983,tonnes,annual,2026-05-01 00:00:00,2026-05-18 14:20:13.779009
CZE,manufacturing,iron-and-steel,2020-01-01 00:00:00,2020-12-31 00:00:00,co2e_100yr,8412069.775581468,tonnes,annual,2026-05-01 00:00:00,2026-05-18 14:20:13.779009
CZE,manufacturing,iron-and-steel,2021-01-01 00:00:00,2021-12-31 00:00:00,co2e_100yr,9124531.979918279,tonnes,annual,2026-05-01 00:00:00,2026-05-18 14:20:13.779009
CZE,manufacturing,iron-and-steel,2022-01-01 00:00:00,2022-12-31 00:00:00,co2e_100yr,8119663.115120528,tonnes,annual,2026-05-01 00:00:00,2026-05-18 14:20:13.779009
CZE,manufacturing,iron-and-steel,2023-01-01 00:00:00,2023-12-31 00:00:00,co2e_100yr,6335087.99332567,tonnes,annual,2026-05-01 00:00:00,2026-05-18 14:20:13.779009
CZE,manufacturing,iron-and-steel,2024-01-01 00:00:00,2024-12-31 00:00:00,co2e_100yr,4238781.671488846,tonnes,annual,2026-05-01 00:00:00,2026-05-18 14:20:13.779009
CZE,manufacturing,iron-and-steel,2025-01-01 00:00:00,2025-12-31 00:00:00,co2e_100yr,4751820.809237893,tonnes,annual,2026-05-01 00:00:00,2026-05-18 14:20:13.779009
CZE,manufacturing,iron-and-steel,2026-01-01 00:00:00,2026-12-31 00:00:00,co2e_100yr,1194790.760828638,tonnes,annual,2026-05-01 00:00:00,2026-05-18 14:20:13.779009
DEU,manufacturing,iron-and-steel,2015-01-01 00:00:00,2015-12-31 00:00:00,co2e_100yr,58877443.38302402,tonnes,annual,2026-05-01 00:00:00,2026-05-18 14:20:13.779009
DEU,manufacturing,iron-and-steel,2016-01-01 00:00:00,2016-12-31 00:00:00,co2e_100yr,57836954.841761656,tonnes,annual,2026-05-01 00:00:00,2026-05-18 14:20:13.779009
DEU,manufacturing,iron-and-steel,2017-01-01 00:00:00,2017-12-31 00:00:00,co2e_100yr,60334570.75072407,tonnes,annual,2026-05-01 00:00:00,2026-05-18 14:20:13.779009
DEU,manufacturing,iron-and-steel,2018-01-01 00:00:00,2018-12-31 00:00:00,co2e_100yr,58324523.17270988,tonnes,annual,2026-05-01 00:00:00,2026-05-18 14:20:13.779009
DEU,manufacturing,iron-and-steel,2019-01-01 00:00:00,2019-12-31 00:00:00,co2e_100yr,54397355.9178626,tonnes,annual,2026-05-01 00:00:00,2026-05-18 14:20:13.779009
DEU,manufacturing,iron-and-steel,2020-01-01 00:00:00,2020-12-31 00:00:00,co2e_100yr,47557871.4469066,tonnes,annual,2026-05-01 00:00:00,2026-05-18 14:20:13.779009
DEU,manufacturing,iron-and-steel,2021-01-01 00:00:00,2021-12-31 00:00:00,co2e_100yr,54455290.2972155,tonnes,annual,2026-05-01 00:00:00,2026-05-18 14:20:13.779009
DEU,manufacturing,iron-and-steel,2022-01-01 00:00:00,2022-12-31 00:00:00,co2e_100yr,50662622.90818933,tonnes,annual,2026-05-01 00:00:00,2026-05-18 14:20:13.779009
DEU,manufacturing,iron-and-steel,2023-01-01 00:00:00,2023-12-31 00:00:00,co2e_100yr,50057558.36307648,tonnes,annual,2026-05-01 00:00:00,2026-05-18 14:20:13.779009
DEU,manufacturing,iron-and-steel,2024-01-01 00:00:00,2024-12-31 00:00:00,co2e_100yr,52070897.19913215,tonnes,annual,2026-05-01 00:00:00,2026-05-18 14:20:13.779009
DEU,manufacturing,iron-and-steel,2025-01-01 00:00:00,2025-12-31 00:00:00,co2e_100yr,46931752.44060434,tonnes,annual,2026-05-01 00:00:00,2026-05-18 14:20:13.779009
DEU,manufacturing,iron-and-steel,2026-01-01 00:00:00,2026-12-31 00:00:00,co2e_100yr,12424129.72854795,tonnes,annual,2026-05-01 00:00:00,2026-05-18 14:20:13.779009
DJI,manufacturing,iron-and-steel,2015-01-01 00:00:00,2015-12-31 00:00:00,co2e_100yr,0,tonnes,annual,2026-05-01 00:00:00,2026-05-18 14:20:13.779009
DJI,manufacturing,iron-and-steel,2016-01-01 00:00:00,2016-12-31 00:00:00,co2e_100yr,0,tonnes,annual,2026-05-01 00:00:00,2026-05-18 14:20:13.779009
DJI,manufacturing,iron-and-steel,2017-01-01 00:00:00,2017-12-31 00:00:00,co2e_100yr,0,tonnes,annual,2026-05-01 00:00:00,2026-05-18 14:20:13.779009
DJI,manufacturing,iron-and-steel,2018-01-01 00:00:00,2018-12-31 00:00:00,co2e_100yr,0,tonnes,annual,2026-05-01 00:00:00,2026-05-18 14:20:13.779009
DJI,manufacturing,iron-and-steel,2019-01-01 00:00:00,2019-12-31 00:00:00,co2e_100yr,0,tonnes,annual,2026-05-01 00:00:00,2026-05-18 14:20:13.779009
DJI,manufacturing,iron-and-steel,2020-01-01 00:00:00,2020-12-31 00:00:00,co2e_100yr,0,tonnes,annual,2026-05-01 00:00:00,2026-05-18 14:20:13.779009
DJI,manufacturing,iron-and-steel,2021-01-01 00:00:00,2021-12-31 00:00:00,co2e_100yr,0,tonnes,annual,2026-05-01 00:00:00,2026-05-18 14:20:13.779009
DJI,manufacturing,iron-and-steel,2022-01-01 00:00:00,2022-12-31 00:00:00,co2e_100yr,0,tonnes,annual,2026-05-01 00:00:00,2026-05-18 14:20:13.779009
DJI,manufacturing,iron-and-steel,2023-01-01 00:00:00,2023-12-31 00:00:00,co2e_100yr,0,tonnes,annual,2026-05-01 00:00:00,2026-05-18 14:20:13.779009
DJI,manufacturing,iron-and-steel,2024-01-01 00:00:00,2024-12-31 00:00:00,co2e_100yr,0,tonnes,annual,2026-05-01 00:00:00,2026-05-18 14:20:13.779009
DJI,manufacturing,iron-and-steel,2025-01-01 00:00:00,2025-12-31 00:00:00,co2e_100yr,0,tonnes,annual,2026-05-01 00:00:00,2026-05-18 14:20:13.779009
DJI,manufacturing,iron-and-steel,2026-01-01 00:00:00,2026-12-31 00:00:00,co2e_100yr,0,tonnes,annual,2026-05-01 00:00:00,2026-05-18 14:20:13.779009
DMA,manufacturing,iron-and-steel,2015-01-01 00:00:00,2015-12-31 00:00:00,co2e_100yr,0,tonnes,annual,2026-05-01 00:00:00,2026-05-18 14:20:13.779009
DMA,manufacturing,iron-and-steel,2016-01-01 00:00:00,2016-12-31 00:00:00,co2e_100yr,0,tonnes,annual,2026-05-01 00:00:00,2026-05-18 14:20:13.779009
DMA,manufacturing,iron-and-steel,2017-01-01 00:00:00,2017-12-31 00:00:00,co2e_100yr,0,tonnes,annual,2026-05-01 00:00:00,2026-05-18 14:20:13.779009
DMA,manufacturing,iron-and-steel,2018-01-01 00:00:00,2018-12-31 00:00:00,co2e_100yr,0,tonnes,annual,2026-05-01 00:00:00,2026-05-18 14:20:13.779009
DMA,manufacturing,iron-and-steel,2019-01-01 00:00:00,2019-12-31 00:00:00,co2e_100yr,0,tonnes,annual,2026-05-01 00:00:00,2026-05-18 14:20:13.779009
DMA,manufacturing,iron-and-steel,2020-01-01 00:00:00,2020-12-31 00:00:00,co2e_100yr,0,tonnes,annual,2026-05-01 00:00:00,2026-05-18 14:20:13.779009
DMA,manufacturing,iron-and-steel,2021-01-01 00:00:00,2021-12-31 00:00:00,co2e_100yr,0,tonnes,annual,2026-05-01 00:00:00,2026-05-18 14:20:13.779009
DMA,manufacturing,iron-and-steel,2022-01-01 00:00:00,2022-12-31 00:00:00,co2e_100yr,0,tonnes,annual,2026-05-01 00:00:00,2026-05-18 14:20:13.779009
DMA,manufacturing,iron-and-steel,2023-01-01 00:00:00,2023-12-31 00:00:00,co2e_100yr,0,tonnes,annual,2026-05-01 00:00:00,2026-05-18 14:20:13.779009
DMA,manufacturing,iron-and-steel,2024-01-01 00:00:00,2024-12-31 00:00:00,co2e_100yr,0,tonnes,annual,2026-05-01 00:00:00,2026-05-18 14:20:13.779009
DMA,manufacturing,iron-and-steel,2025-01-01 00:00:00,2025-12-31 00:00:00,co2e_100yr,0,tonnes,annual,2026-05-01 00:00:00,2026-05-18 14:20:13.779009
DMA,manufacturing,iron-and-steel,2026-01-01 00:00:00,2026-12-31 00:00:00,co2e_100yr,0,tonnes,annual,2026-05-01 00:00:00,2026-05-18 14:20:13.779009
DNK,manufacturing,iron-and-steel,2015-01-01 00:00:00,2015-12-31 00:00:00,co2e_100yr,0,tonnes,annual,2026-05-01 00:00:00,2026-05-18 14:20:13.779009
DNK,manufacturing,iron-and-steel,2016-01-01 00:00:00,2016-12-31 00:00:00,co2e_100yr,0,tonnes,annual,2026-05-01 00:00:00,2026-05-18 14:20:13.779009
DNK,manufacturing,iron-and-steel,2017-01-01 00:00:00,2017-12-31 00:00:00,co2e_100yr,0,tonnes,annual,2026-05-01 00:00:00,2026-05-18 14:20:13.779009
DNK,manufacturing,iron-and-steel,2018-01-01 00:00:00,2018-12-31 00:00:00,co2e_100yr,0,tonnes,annual,2026-05-01 00:00:00,2026-05-18 14:20:13.779009
DNK,manufacturing,iron-and-steel,2019-01-01 00:00:00,2019-12-31 00:00:00,co2e_100yr,0,tonnes,annual,2026-05-01 00:00:00,2026-05-18 14:20:13.779009
DNK,manufacturing,iron-and-steel,2020-01-01 00:00:00,2020-12-31 00:00:00,co2e_100yr,0,tonnes,annual,2026-05-01 00:00:00,2026-05-18 14:20:13.779009
DNK,manufacturing,iron-and-steel,2021-01-01 00:00:00,2021-12-31 00:00:00,co2e_100yr,0,tonnes,annual,2026-05-01 00:00:00,2026-05-18 14:20:13.779009
DNK,manufacturing,iron-and-steel,2022-01-01 00:00:00,2022-12-31 00:00:00,co2e_100yr,0,tonnes,annual,2026-05-01 00:00:00,2026-05-18 14:20:13.779009
DNK,manufacturing,iron-and-steel,2023-01-01 00:00:00,2023-12-31 00:00:00,co2e_100yr,0,tonnes,annual,2026-05-01 00:00:00,2026-05-18 14:20:13.779009
DNK,manufacturing,iron-and-steel,2024-01-01 00:00:00,2024-12-31 00:00:00,co2e_100yr,0,tonnes,annual,2026-05-01 00:00:00,2026-05-18 14:20:13.779009
DNK,manufacturing,iron-and-steel,2025-01-01 00:00:00,2025-12-31 00:00:00,co2e_100yr,0,tonnes,annual,2026-05-01 00:00:00,2026-05-18 14:20:13.779009
DNK,manufacturing,iron-and-steel,2026-01-01 00:00:00,2026-12-31 00:00:00,co2e_100yr,0,tonnes,annual,2026-05-01 00:00:00,2026-05-18 14:20:13.779009
DOM,manufacturing,iron-and-steel,2015-01-01 00:00:00,2015-12-31 00:00:00,co2e_100yr,0,tonnes,annual,2026-05-01 00:00:00,2026-05-18 14:20:13.779009
DOM,manufacturing,iron-and-steel,2016-01-01 00:00:00,2016-12-31 00:00:00,co2e_100yr,0,tonnes,annual,2026-05-01 00:00:00,2026-05-18 14:20:13.779009
DOM,manufacturing,iron-and-steel,2017-01-01 00:00:00,2017-12-31 00:00:00,co2e_100yr,0,tonnes,annual,2026-05-01 00:00:00,2026-05-18 14:20:13.779009
DOM,manufacturing,iron-and-steel,2018-01-01 00:00:00,2018-12-31 00:00:00,co2e_100yr,0,tonnes,annual,2026-05-01 00:00:00,2026-05-18 14:20:13.779009
DOM,manufacturing,iron-and-steel,2019-01-01 00:00:00,2019-12-31 00:00:00,co2e_100yr,0,tonnes,annual,2026-05-01 00:00:00,2026-05-18 14:20:13.779009
DOM,manufacturing,iron-and-steel,2020-01-01 00:00:00,2020-12-31 00:00:00,co2e_100yr,0,tonnes,annual,2026-05-01 00:00:00,2026-05-18 14:20:13.779009
DOM,manufacturing,iron-and-steel,2021-01-01 00:00:00,2021-12-31 00:00:00,co2e_100yr,0,tonnes,annual,2026-05-01 00:00:00,2026-05-18 14:20:13.779009
DOM,manufacturing,iron-and-steel,2022-01-01 00:00:00,2022-12-31 00:00:00,co2e_100yr,0,tonnes,annual,2026-05-01 00:00:00,2026-05-18 14:20:13.779009
DOM,manufacturing,iron-and-steel,2023-01-01 00:00:00,2023-12-31 00:00:00,co2e_100yr,0,tonnes,annual,2026-05-01 00:00:00,2026-05-18 14:20:13.779009
DOM,manufacturing,iron-and-steel,2024-01-01 00:00:00,2024-12-31 00:00:00,co2e_100yr,0,tonnes,annual,2026-05-01 00:00:00,2026-05-18 14:20:13.779009
DOM,manufacturing,iron-and-steel,2025-01-01 00:00:00,2025-12-31 00:00:00,co2e_100yr,0,tonnes,annual,2026-05-01 00:00:00,2026-05-18 14:20:13.779009
DOM,manufacturing,iron-and-steel,2026-01-01 00:00:00,2026-12-31 00:00:00,co2e_100yr,0,tonnes,annual,2026-05-01 00:00:00,2026-05-18 14:20:13.779009
DZA,manufacturing,iron-and-steel,2015-01-01 00:00:00,2015-12-31 00:00:00,co2e_100yr,497878.05542551406,tonnes,annual,2026-05-01 00:00:00,2026-05-18 14:20:13.779009
DZA,manufacturing,iron-and-steel,2016-01-01 00:00:00,2016-12-31 00:00:00,co2e_100yr,497878.05542551406,tonnes,annual,2026-05-01 00:00:00,2026-05-18 14:20:13.779009
DZA,manufacturing,iron-and-steel,2017-01-01 00:00:00,2017-12-31 00:00:00,co2e_100yr,317875.98923321295,tonnes,annual,2026-05-01 00:00:00,2026-05-18 14:20:13.779009
DZA,manufacturing,iron-and-steel,2018-01-01 00:00:00,2018-12-31 00:00:00,co2e_100yr,1761722.3499672038,tonnes,annual,2026-05-01 00:00:00,2026-05-18 14:20:13.779009
DZA,manufacturing,iron-and-steel,2019-01-01 00:00:00,2019-12-31 00:00:00,co2e_100yr,1838318.9738788214,tonnes,annual,2026-05-01 00:00:00,2026-05-18 14:20:13.779009
DZA,manufacturing,iron-and-steel,2020-01-01 00:00:00,2020-12-31 00:00:00,co2e_100yr,2297898.717348526,tonnes,annual,2026-05-01 00:00:00,2026-05-18 14:20:13.779009
DZA,manufacturing,iron-and-steel,2021-01-01 00:00:00,2021-12-31 00:00:00,co2e_100yr,3077234.5801280937,tonnes,annual,2026-05-01 00:00:00,2026-05-18 14:20:13.779009
DZA,manufacturing,iron-and-steel,2022-01-01 00:00:00,2022-12-31 00:00:00,co2e_100yr,3159080.118651371,tonnes,annual,2026-05-01 00:00:00,2026-05-18 14:20:13.779009
DZA,manufacturing,iron-and-steel,2023-01-01 00:00:00,2023-12-31 00:00:00,co2e_100yr,3245746.4842438507,tonnes,annual,2026-05-01 00:00:00,2026-05-18 14:20:13.779009
DZA,manufacturing,iron-and-steel,2024-01-01 00:00:00,2024-12-31 00:00:00,co2e_100yr,3419955.288495068,tonnes,annual,2026-05-01 00:00:00,2026-05-18 14:20:13.779009
DZA,manufacturing,iron-and-steel,2025-01-01 00:00:00,2025-12-31 00:00:00,co2e_100yr,4211084.589151119,tonnes,annual,2026-05-01 00:00:00,2026-05-18 14:20:13.779009
DZA,manufacturing,iron-and-steel,2026-01-01 00:00:00,2026-12-31 00:00:00,co2e_100yr,1437000.5520317093,tonnes,annual,2026-05-01 00:00:00,2026-05-18 14:20:13.779009
ECU,manufacturing,iron-and-steel,2015-01-01 00:00:00,2015-12-31 00:00:00,co2e_100yr,57574.88000000001,tonnes,annual,2026-05-01 00:00:00,2026-05-18 14:20:13.779009
ECU,manufacturing,iron-and-steel,2016-01-01 00:00:00,2016-12-31 00:00:00,co2e_100yr,46098.32,tonnes,annual,2026-05-01 00:00:00,2026-05-18 14:20:13.779009
ECU,manufacturing,iron-and-steel,2017-01-01 00:00:00,2017-12-31 00:00:00,co2e_100yr,44880,tonnes,annual,2026-05-01 00:00:00,2026-05-18 14:20:13.779009
ECU,manufacturing,iron-and-steel,2018-01-01 00:00:00,2018-12-31 00:00:00,co2e_100yr,46675.200000000004,tonnes,annual,2026-05-01 00:00:00,2026-05-18 14:20:13.779009
ECU,manufacturing,iron-and-steel,2019-01-01 00:00:00,2019-12-31 00:00:00,co2e_100yr,48542.240000000005,tonnes,annual,2026-05-01 00:00:00,2026-05-18 14:20:13.779009
ECU,manufacturing,iron-and-steel,2020-01-01 00:00:00,2020-12-31 00:00:00,co2e_100yr,38575.36,tonnes,annual,2026-05-01 00:00:00,2026-05-18 14:20:13.779009
ECU,manufacturing,iron-and-steel,2021-01-01 00:00:00,2021-12-31 00:00:00,co2e_100yr,48930.560000000005,tonnes,annual,2026-05-01 00:00:00,2026-05-18 14:20:13.779009
ECU,manufacturing,iron-and-steel,2022-01-01 00:00:00,2022-12-31 00:00:00,co2e_100yr,42907.520000000004,tonnes,annual,2026-05-01 00:00:00,2026-05-18 14:20:13.779009
ECU,manufacturing,iron-and-steel,2023-01-01 00:00:00,2023-12-31 00:00:00,co2e_100yr,38734.56,tonnes,annual,2026-05-01 00:00:00,2026-05-18 14:20:13.779009
ECU,manufacturing,iron-and-steel,2024-01-01 00:00:00,2024-12-31 00:00:00,co2e_100yr,39411.520000000004,tonnes,annual,2026-05-01 00:00:00,2026-05-18 14:20:13.779009
ECU,manufacturing,iron-and-steel,2025-01-01 00:00:00,2025-12-31 00:00:00,co2e_100yr,39863.84,tonnes,annual,2026-05-01 00:00:00,2026-05-18 14:20:13.779009
ECU,manufacturing,iron-and-steel,2026-01-01 00:00:00,2026-12-31 00:00:00,co2e_100yr,14202.240000000002,tonnes,annual,2026-05-01 00:00:00,2026-05-18 14:20:13.779009
EGY,manufacturing,iron-and-steel,2015-01-01 00:00:00,2015-12-31 00:00:00,co2e_100yr,5174277.921526253,tonnes,annual,2026-05-01 00:00:00,2026-05-18 14:20:13.779009
EGY,manufacturing,iron-and-steel,2016-01-01 00:00:00,2016-12-31 00:00:00,co2e_100yr,4783686.1422591405,tonnes,annual,2026-05-01 00:00:00,2026-05-18 14:20:13.779009
EGY,manufacturing,iron-and-steel,2017-01-01 00:00:00,2017-12-31 00:00:00,co2e_100yr,6292644.484059965,tonnes,annual,2026-05-01 00:00:00,2026-05-18 14:20:13.779009
EGY,manufacturing,iron-and-steel,2018-01-01 00:00:00,2018-12-31 00:00:00,co2e_100yr,6973727.374121526,tonnes,annual,2026-05-01 00:00:00,2026-05-18 14:20:13.779009
EGY,manufacturing,iron-and-steel,2019-01-01 00:00:00,2019-12-31 00:00:00,co2e_100yr,6161862.148925085,tonnes,annual,2026-05-01 00:00:00,2026-05-18 14:20:13.779009
EGY,manufacturing,iron-and-steel,2020-01-01 00:00:00,2020-12-31 00:00:00,co2e_100yr,6893606.726608566,tonnes,annual,2026-05-01 00:00:00,2026-05-18 14:20:13.779009
EGY,manufacturing,iron-and-steel,2021-01-01 00:00:00,2021-12-31 00:00:00,co2e_100yr,9429000.118558034,tonnes,annual,2026-05-01 00:00:00,2026-05-18 14:20:13.779009
EGY,manufacturing,iron-and-steel,2022-01-01 00:00:00,2022-12-31 00:00:00,co2e_100yr,7835618.792626768,tonnes,annual,2026-05-01 00:00:00,2026-05-18 14:20:13.779009
EGY,manufacturing,iron-and-steel,2023-01-01 00:00:00,2023-12-31 00:00:00,co2e_100yr,8272301.7340432415,tonnes,annual,2026-05-01 00:00:00,2026-05-18 14:20:13.779009
EGY,manufacturing,iron-and-steel,2024-01-01 00:00:00,2024-12-31 00:00:00,co2e_100yr,8582322.75090103,tonnes,annual,2026-05-01 00:00:00,2026-05-18 14:20:13.779009
EGY,manufacturing,iron-and-steel,2025-01-01 00:00:00,2025-12-31 00:00:00,co2e_100yr,8513996.293444818,tonnes,annual,2026-05-01 00:00:00,2026-05-18 14:20:13.779009
EGY,manufacturing,iron-and-steel,2026-01-01 00:00:00,2026-12-31 00:00:00,co2e_100yr,2314454.351535864,tonnes,annual,2026-05-01 00:00:00,2026-05-18 14:20:13.779009
ERI,manufacturing,iron-and-steel,2015-01-01 00:00:00,2015-12-31 00:00:00,co2e_100yr,0,tonnes,annual,2026-05-01 00:00:00,2026-05-18 14:20:13.779009
ERI,manufacturing,iron-and-steel,2016-01-01 00:00:00,2016-12-31 00:00:00,co2e_100yr,0,tonnes,annual,2026-05-01 00:00:00,2026-05-18 14:20:13.779009
ERI,manufacturing,iron-and-steel,2017-01-01 00:00:00,2017-12-31 00:00:00,co2e_100yr,0,tonnes,annual,2026-05-01 00:00:00,2026-05-18 14:20:13.779009
ERI,manufacturing,iron-and-steel,2018-01-01 00:00:00,2018-12-31 00:00:00,co2e_100yr,0,tonnes,annual,2026-05-01 00:00:00,2026-05-18 14:20:13.779009
ERI,manufacturing,iron-and-steel,2019-01-01 00:00:00,2019-12-31 00:00:00,co2e_100yr,0,tonnes,annual,2026-05-01 00:00:00,2026-05-18 14:20:13.779009
ERI,manufacturing,iron-and-steel,2020-01-01 00:00:00,2020-12-31 00:00:00,co2e_100yr,0,tonnes,annual,2026-05-01 00:00:00,2026-05-18 14:20:13.779009
ERI,manufacturing,iron-and-steel,2021-01-01 00:00:00,2021-12-31 00:00:00,co2e_100yr,0,tonnes,annual,2026-05-01 00:00:00,2026-05-18 14:20:13.779009
ERI,manufacturing,iron-and-steel,2022-01-01 00:00:00,2022-12-31 00:00:00,co2e_100yr,0,tonnes,annual,2026-05-01 00:00:00,2026-05-18 14:20:13.779009
ERI,manufacturing,iron-and-steel,2023-01-01 00:00:00,2023-12-31 00:00:00,co2e_100yr,0,tonnes,annual,2026-05-01 00:00:00,2026-05-18 14:20:13.779009
ERI,manufacturing,iron-and-steel,2024-01-01 00:00:00,2024-12-31 00:00:00,co2e_100yr,0,tonnes,annual,2026-05-01 00:00:00,2026-05-18 14:20:13.779009
ERI,manufacturing,iron-and-steel,2025-01-01 00:00:00,2025-12-31 00:00:00,co2e_100yr,0,tonnes,annual,2026-05-01 00:00:00,2026-05-18 14:20:13.779009
ERI,manufacturing,iron-and-steel,2026-01-01 00:00:00,2026-12-31 00:00:00,co2e_100yr,0,tonnes,annual,2026-05-01 00:00:00,2026-05-18 14:20:13.779009
ESH,manufacturing,iron-and-steel,2015-01-01 00:00:00,2015-12-31 00:00:00,co2e_100yr,0,tonnes,annual,2026-05-01 00:00:00,2026-05-18 14:20:13.779009
ESH,manufacturing,iron-and-steel,2016-01-01 00:00:00,2016-12-31 00:00:00,co2e_100yr,0,tonnes,annual,2026-05-01 00:00:00,2026-05-18 14:20:13.779009
ESH,manufacturing,iron-and-steel,2017-01-01 00:00:00,2017-12-31 00:00:00,co2e_100yr,0,tonnes,annual,2026-05-01 00:00:00,2026-05-18 14:20:13.779009
ESH,manufacturing,iron-and-steel,2018-01-01 00:00:00,2018-12-31 00:00:00,co2e_100yr,0,tonnes,annual,2026-05-01 00:00:00,2026-05-18 14:20:13.779009
ESH,manufacturing,iron-and-steel,2019-01-01 00:00:00,2019-12-31 00:00:00,co2e_100yr,0,tonnes,annual,2026-05-01 00:00:00,2026-05-18 14:20:13.779009
ESH,manufacturing,iron-and-steel,2020-01-01 00:00:00,2020-12-31 00:00:00,co2e_100yr,0,tonnes,annual,2026-05-01 00:00:00,2026-05-18 14:20:13.779009
ESH,manufacturing,iron-and-steel,2021-01-01 00:00:00,2021-12-31 00:00:00,co2e_100yr,0,tonnes,annual,2026-05-01 00:00:00,2026-05-18 14:20:13.779009
ESH,manufacturing,iron-and-steel,2022-01-01 00:00:00,2022-12-31 00:00:00,co2e_100yr,0,tonnes,annual,2026-05-01 00:00:00,2026-05-18 14:20:13.779009
ESH,manufacturing,iron-and-steel,2023-01-01 00:00:00,2023-12-31 00:00:00,co2e_100yr,0,tonnes,annual,2026-05-01 00:00:00,2026-05-18 14:20:13.779009
ESH,manufacturing,iron-and-steel,2024-01-01 00:00:00,2024-12-31 00:00:00,co2e_100yr,0,tonnes,annual,2026-05-01 00:00:00,2026-05-18 14:20:13.779009
ESH,manufacturing,iron-and-steel,2025-01-01 00:00:00,2025-12-31 00:00:00,co2e_100yr,0,tonnes,annual,2026-05-01 00:00:00,2026-05-18 14:20:13.779009
ESH,manufacturing,iron-and-steel,2026-01-01 00:00:00,2026-12-31 00:00:00,co2e_100yr,0,tonnes,annual,2026-05-01 00:00:00,2026-05-18 14:20:13.779009
ESP,manufacturing,iron-and-steel,2015-01-01 00:00:00,2015-12-31 00:00:00,co2e_100yr,9306759.971087141,tonnes,annual,2026-05-01 00:00:00,2026-05-18 14:20:13.779009
ESP,manufacturing,iron-and-steel,2016-01-01 00:00:00,2016-12-31 00:00:00,co2e_100yr,8998448.009266453,tonnes,annual,2026-05-01 00:00:00,2026-05-18 14:20:13.779009
ESP,manufacturing,iron-and-steel,2017-01-01 00:00:00,2017-12-31 00:00:00,co2e_100yr,9454623.825078689,tonnes,annual,2026-05-01 00:00:00,2026-05-18 14:20:13.779009
ESP,manufacturing,iron-and-steel,2018-01-01 00:00:00,2018-12-31 00:00:00,co2e_100yr,9552500.359623557,tonnes,annual,2026-05-01 00:00:00,2026-05-18 14:20:13.779009
ESP,manufacturing,iron-and-steel,2019-01-01 00:00:00,2019-12-31 00:00:00,co2e_100yr,8413873.499740599,tonnes,annual,2026-05-01 00:00:00,2026-05-18 14:20:13.779009
ESP,manufacturing,iron-and-steel,2020-01-01 00:00:00,2020-12-31 00:00:00,co2e_100yr,6182763.8513232805,tonnes,annual,2026-05-01 00:00:00,2026-05-18 14:20:13.779009
ESP,manufacturing,iron-and-steel,2021-01-01 00:00:00,2021-12-31 00:00:00,co2e_100yr,8301842.086213047,tonnes,annual,2026-05-01 00:00:00,2026-05-18 14:20:13.779009
ESP,manufacturing,iron-and-steel,2022-01-01 00:00:00,2022-12-31 00:00:00,co2e_100yr,7054525.067688067,tonnes,annual,2026-05-01 00:00:00,2026-05-18 14:20:13.779009
ESP,manufacturing,iron-and-steel,2023-01-01 00:00:00,2023-12-31 00:00:00,co2e_100yr,7076357.482981265,tonnes,annual,2026-05-01 00:00:00,2026-05-18 14:20:13.779009
ESP,manufacturing,iron-and-steel,2024-01-01 00:00:00,2024-12-31 00:00:00,co2e_100yr,7117495.848414183,tonnes,annual,2026-05-01 00:00:00,2026-05-18 14:20:13.779009
ESP,manufacturing,iron-and-steel,2025-01-01 00:00:00,2025-12-31 00:00:00,co2e_100yr,6969420.920016255,tonnes,annual,2026-05-01 00:00:00,2026-05-18 14:20:13.779009
ESP,manufacturing,iron-and-steel,2026-01-01 00:00:00,2026-12-31 00:00:00,co2e_100yr,1573231.118034314,tonnes,annual,2026-05-01 00:00:00,2026-05-18 14:20:13.779009
EST,manufacturing,iron-and-steel,2015-01-01 00:00:00,2015-12-31 00:00:00,co2e_100yr,0,tonnes,annual,2026-05-01 00:00:00,2026-05-18 14:20:13.779009
EST,manufacturing,iron-and-steel,2016-01-01 00:00:00,2016-12-31 00:00:00,co2e_100yr,0,tonnes,annual,2026-05-01 00:00:00,2026-05-18 14:20:13.779009
EST,manufacturing,iron-and-steel,2017-01-01 00:00:00,2017-12-31 00:00:00,co2e_100yr,0,tonnes,annual,2026-05-01 00:00:00,2026-05-18 14:20:13.779009
EST,manufacturing,iron-and-steel,2018-01-01 00:00:00,2018-12-31 00:00:00,co2e_100yr,0,tonnes,annual,2026-05-01 00:00:00,2026-05-18 14:20:13.779009
EST,manufacturing,iron-and-steel,2019-01-01 00:00:00,2019-12-31 00:00:00,co2e_100yr,0,tonnes,annual,2026-05-01 00:00:00,2026-05-18 14:20:13.779009
EST,manufacturing,iron-and-steel,2020-01-01 00:00:00,2020-12-31 00:00:00,co2e_100yr,0,tonnes,annual,2026-05-01 00:00:00,2026-05-18 14:20:13.779009
EST,manufacturing,iron-and-steel,2021-01-01 00:00:00,2021-12-31 00:00:00,co2e_100yr,0,tonnes,annual,2026-05-01 00:00:00,2026-05-18 14:20:13.779009
EST,manufacturing,iron-and-steel,2022-01-01 00:00:00,2022-12-31 00:00:00,co2e_100yr,0,tonnes,annual,2026-05-01 00:00:00,2026-05-18 14:20:13.779009
EST,manufacturing,iron-and-steel,2023-01-01 00:00:00,2023-12-31 00:00:00,co2e_100yr,0,tonnes,annual,2026-05-01 00:00:00,2026-05-18 14:20:13.779009
EST,manufacturing,iron-and-steel,2024-01-01 00:00:00,2024-12-31 00:00:00,co2e_100yr,0,tonnes,annual,2026-05-01 00:00:00,2026-05-18 14:20:13.779009
EST,manufacturing,iron-and-steel,2025-01-01 00:00:00,2025-12-31 00:00:00,co2e_100yr,0,tonnes,annual,2026-05-01 00:00:00,2026-05-18 14:20:13.779009
EST,manufacturing,iron-and-steel,2026-01-01 00:00:00,2026-12-31 00:00:00,co2e_100yr,0,tonnes,annual,2026-05-01 00:00:00,2026-05-18 14:20:13.779009
ETH,manufacturing,iron-and-steel,2015-01-01 00:00:00,2015-12-31 00:00:00,co2e_100yr,0,tonnes,annual,2026-05-01 00:00:00,2026-05-18 14:20:13.779009
ETH,manufacturing,iron-and-steel,2016-01-01 00:00:00,2016-12-31 00:00:00,co2e_100yr,0,tonnes,annual,2026-05-01 00:00:00,2026-05-18 14:20:13.779009
ETH,manufacturing,iron-and-steel,2017-01-01 00:00:00,2017-12-31 00:00:00,co2e_100yr,0,tonnes,annual,2026-05-01 00:00:00,2026-05-18 14:20:13.779009
ETH,manufacturing,iron-and-steel,2018-01-01 00:00:00,2018-12-31 00:00:00,co2e_100yr,0,tonnes,annual,2026-05-01 00:00:00,2026-05-18 14:20:13.779009
ETH,manufacturing,iron-and-steel,2019-01-01 00:00:00,2019-12-31 00:00:00,co2e_100yr,0,tonnes,annual,2026-05-01 00:00:00,2026-05-18 14:20:13.779009
ETH,manufacturing,iron-and-steel,2020-01-01 00:00:00,2020-12-31 00:00:00,co2e_100yr,0,tonnes,annual,2026-05-01 00:00:00,2026-05-18 14:20:13.779009
ETH,manufacturing,iron-and-steel,2021-01-01 00:00:00,2021-12-31 00:00:00,co2e_100yr,0,tonnes,annual,2026-05-01 00:00:00,2026-05-18 14:20:13.779009
ETH,manufacturing,iron-and-steel,2022-01-01 00:00:00,2022-12-31 00:00:00,co2e_100yr,0,tonnes,annual,2026-05-01 00:00:00,2026-05-18 14:20:13.779009
ETH,manufacturing,iron-and-steel,2023-01-01 00:00:00,2023-12-31 00:00:00,co2e_100yr,0,tonnes,annual,2026-05-01 00:00:00,2026-05-18 14:20:13.779009
ETH,manufacturing,iron-and-steel,2024-01-01 00:00:00,2024-12-31 00:00:00,co2e_100yr,0,tonnes,annual,2026-05-01 00:00:00,2026-05-18 14:20:13.779009
ETH,manufacturing,iron-and-steel,2025-01-01 00:00:00,2025-12-31 00:00:00,co2e_100yr,0,tonnes,annual,2026-05-01 00:00:00,2026-05-18 14:20:13.779009
ETH,manufacturing,iron-and-steel,2026-01-01 00:00:00,2026-12-31 00:00:00,co2e_100yr,0,tonnes,annual,2026-05-01 00:00:00,2026-05-18 14:20:13.779009
FIN,manufacturing,iron-and-steel,2015-01-01 00:00:00,2015-12-31 00:00:00,co2e_100yr,5192576.211739934,tonnes,annual,2026-05-01 00:00:00,2026-05-18 14:20:13.779009
FIN,manufacturing,iron-and-steel,2016-01-01 00:00:00,2016-12-31 00:00:00,co2e_100yr,5433542.719175753,tonnes,annual,2026-05-01 00:00:00,2026-05-18 14:20:13.779009
FIN,manufacturing,iron-and-steel,2017-01-01 00:00:00,2017-12-31 00:00:00,co2e_100yr,5332283.809310261,tonnes,annual,2026-05-01 00:00:00,2026-05-18 14:20:13.779009
FIN,manufacturing,iron-and-steel,2018-01-01 00:00:00,2018-12-31 00:00:00,co2e_100yr,5521438.018883596,tonnes,annual,2026-05-01 00:00:00,2026-05-18 14:20:13.779009
FIN,manufacturing,iron-and-steel,2019-01-01 00:00:00,2019-12-31 00:00:00,co2e_100yr,4583282.000456637,tonnes,annual,2026-05-01 00:00:00,2026-05-18 14:20:13.779009
FIN,manufacturing,iron-and-steel,2020-01-01 00:00:00,2020-12-31 00:00:00,co2e_100yr,4698397.6970528355,tonnes,annual,2026-05-01 00:00:00,2026-05-18 14:20:13.779009
FIN,manufacturing,iron-and-steel,2021-01-01 00:00:00,2021-12-31 00:00:00,co2e_100yr,5188684.173876057,tonnes,annual,2026-05-01 00:00:00,2026-05-18 14:20:13.779009
FIN,manufacturing,iron-and-steel,2022-01-01 00:00:00,2022-12-31 00:00:00,co2e_100yr,4106964.5184651753,tonnes,annual,2026-05-01 00:00:00,2026-05-18 14:20:13.779009
FIN,manufacturing,iron-and-steel,2023-01-01 00:00:00,2023-12-31 00:00:00,co2e_100yr,4677310.498473014,tonnes,annual,2026-05-01 00:00:00,2026-05-18 14:20:13.779009
FIN,manufacturing,iron-and-steel,2024-01-01 00:00:00,2024-12-31 00:00:00,co2e_100yr,4199257.519262601,tonnes,annual,2026-05-01 00:00:00,2026-05-18 14:20:13.779009
FIN,manufacturing,iron-and-steel,2025-01-01 00:00:00,2025-12-31 00:00:00,co2e_100yr,4744108.2619063165,tonnes,annual,2026-05-01 00:00:00,2026-05-18 14:20:13.779009
FIN,manufacturing,iron-and-steel,2026-01-01 00:00:00,2026-12-31 00:00:00,co2e_100yr,1251512.4446329908,tonnes,annual,2026-05-01 00:00:00,2026-05-18 14:20:13.779009
FJI,manufacturing,iron-and-steel,2015-01-01 00:00:00,2015-12-31 00:00:00,co2e_100yr,0,tonnes,annual,2026-05-01 00:00:00,2026-05-18 14:20:13.779009
FJI,manufacturing,iron-and-steel,2016-01-01 00:00:00,2016-12-31 00:00:00,co2e_100yr,0,tonnes,annual,2026-05-01 00:00:00,2026-05-18 14:20:13.779009
FJI,manufacturing,iron-and-steel,2017-01-01 00:00:00,2017-12-31 00:00:00,co2e_100yr,0,tonnes,annual,2026-05-01 00:00:00,2026-05-18 14:20:13.779009
FJI,manufacturing,iron-and-steel,2018-01-01 00:00:00,2018-12-31 00:00:00,co2e_100yr,0,tonnes,annual,2026-05-01 00:00:00,2026-05-18 14:20:13.779009
FJI,manufacturing,iron-and-steel,2019-01-01 00:00:00,2019-12-31 00:00:00,co2e_100yr,0,tonnes,annual,2026-05-01 00:00:00,2026-05-18 14:20:13.779009
FJI,manufacturing,iron-and-steel,2020-01-01 00:00:00,2020-12-31 00:00:00,co2e_100yr,0,tonnes,annual,2026-05-01 00:00:00,2026-05-18 14:20:13.779009
FJI,manufacturing,iron-and-steel,2021-01-01 00:00:00,2021-12-31 00:00:00,co2e_100yr,0,tonnes,annual,2026-05-01 00:00:00,2026-05-18 14:20:13.779009
FJI,manufacturing,iron-and-steel,2022-01-01 00:00:00,2022-12-31 00:00:00,co2e_100yr,0,tonnes,annual,2026-05-01 00:00:00,2026-05-18 14:20:13.779009
FJI,manufacturing,iron-and-steel,2023-01-01 00:00:00,2023-12-31 00:00:00,co2e_100yr,0,tonnes,annual,2026-05-01 00:00:00,2026-05-18 14:20:13.779009
FJI,manufacturing,iron-and-steel,2024-01-01 00:00:00,2024-12-31 00:00:00,co2e_100yr,0,tonnes,annual,2026-05-01 00:00:00,2026-05-18 14:20:13.779009
FJI,manufacturing,iron-and-steel,2025-01-01 00:00:00,2025-12-31 00:00:00,co2e_100yr,0,tonnes,annual,2026-05-01 00:00:00,2026-05-18 14:20:13.779009
FJI,manufacturing,iron-and-steel,2026-01-01 00:00:00,2026-12-31 00:00:00,co2e_100yr,0,tonnes,annual,2026-05-01 00:00:00,2026-05-18 14:20:13.779009
FLK,manufacturing,iron-and-steel,2015-01-01 00:00:00,2015-12-31 00:00:00,co2e_100yr,0,tonnes,annual,2026-05-01 00:00:00,2026-05-18 14:20:13.779009
FLK,manufacturing,iron-and-steel,2016-01-01 00:00:00,2016-12-31 00:00:00,co2e_100yr,0,tonnes,annual,2026-05-01 00:00:00,2026-05-18 14:20:13.779009
FLK,manufacturing,iron-and-steel,2017-01-01 00:00:00,2017-12-31 00:00:00,co2e_100yr,0,tonnes,annual,2026-05-01 00:00:00,2026-05-18 14:20:13.779009
FLK,manufacturing,iron-and-steel,2018-01-01 00:00:00,2018-12-31 00:00:00,co2e_100yr,0,tonnes,annual,2026-05-01 00:00:00,2026-05-18 14:20:13.779009
FLK,manufacturing,iron-and-steel,2019-01-01 00:00:00,2019-12-31 00:00:00,co2e_100yr,0,tonnes,annual,2026-05-01 00:00:00,2026-05-18 14:20:13.779009
FLK,manufacturing,iron-and-steel,2020-01-01 00:00:00,2020-12-31 00:00:00,co2e_100yr,0,tonnes,annual,2026-05-01 00:00:00,2026-05-18 14:20:13.779009
FLK,manufacturing,iron-and-steel,2021-01-01 00:00:00,2021-12-31 00:00:00,co2e_100yr,0,tonnes,annual,2026-05-01 00:00:00,2026-05-18 14:20:13.779009
FLK,manufacturing,iron-and-steel,2022-01-01 00:00:00,2022-12-31 00:00:00,co2e_100yr,0,tonnes,annual,2026-05-01 00:00:00,2026-05-18 14:20:13.779009
FLK,manufacturing,iron-and-steel,2023-01-01 00:00:00,2023-12-31 00:00:00,co2e_100yr,0,tonnes,annual,2026-05-01 00:00:00,2026-05-18 14:20:13.779009
FLK,manufacturing,iron-and-steel,2024-01-01 00:00:00,2024-12-31 00:00:00,co2e_100yr,0,tonnes,annual,2026-05-01 00:00:00,2026-05-18 14:20:13.779009
FLK,manufacturing,iron-and-steel,2025-01-01 00:00:00,2025-12-31 00:00:00,co2e_100yr,0,tonnes,annual,2026-05-01 00:00:00,2026-05-18 14:20:13.779009
FLK,manufacturing,iron-and-steel,2026-01-01 00:00:00,2026-12-31 00:00:00,co2e_100yr,0,tonnes,annual,2026-05-01 00:00:00,2026-05-18 14:20:13.779009
FRA,manufacturing,iron-and-steel,2015-01-01 00:00:00,2015-12-31 00:00:00,co2e_100yr,20478711.79066244,tonnes,annual,2026-05-01 00:00:00,2026-05-18 14:20:13.779009
FRA,manufacturing,iron-and-steel,2016-01-01 00:00:00,2016-12-31 00:00:00,co2e_100yr,19838271.761558104,tonnes,annual,2026-05-01 00:00:00,2026-05-18 14:20:13.779009
FRA,manufacturing,iron-and-steel,2017-01-01 00:00:00,2017-12-31 00:00:00,co2e_100yr,22158897.030085843,tonnes,annual,2026-05-01 00:00:00,2026-05-18 14:20:13.779009
FRA,manufacturing,iron-and-steel,2018-01-01 00:00:00,2018-12-31 00:00:00,co2e_100yr,21871037.05893976,tonnes,annual,2026-05-01 00:00:00,2026-05-18 14:20:13.779009
FRA,manufacturing,iron-and-steel,2019-01-01 00:00:00,2019-12-31 00:00:00,co2e_100yr,20876780.56817521,tonnes,annual,2026-05-01 00:00:00,2026-05-18 14:20:13.779009
FRA,manufacturing,iron-and-steel,2020-01-01 00:00:00,2020-12-31 00:00:00,co2e_100yr,16277941.44195165,tonnes,annual,2026-05-01 00:00:00,2026-05-18 14:20:13.779009
FRA,manufacturing,iron-and-steel,2021-01-01 00:00:00,2021-12-31 00:00:00,co2e_100yr,18819205.68181172,tonnes,annual,2026-05-01 00:00:00,2026-05-18 14:20:13.779009
FRA,manufacturing,iron-and-steel,2022-01-01 00:00:00,2022-12-31 00:00:00,co2e_100yr,16256900.699226126,tonnes,annual,2026-05-01 00:00:00,2026-05-18 14:20:13.779009
FRA,manufacturing,iron-and-steel,2023-01-01 00:00:00,2023-12-31 00:00:00,co2e_100yr,13432473.012692742,tonnes,annual,2026-05-01 00:00:00,2026-05-18 14:20:13.779009
FRA,manufacturing,iron-and-steel,2024-01-01 00:00:00,2024-12-31 00:00:00,co2e_100yr,14074480.683619732,tonnes,annual,2026-05-01 00:00:00,2026-05-18 14:20:13.779009
FRA,manufacturing,iron-and-steel,2025-01-01 00:00:00,2025-12-31 00:00:00,co2e_100yr,13271269.994208375,tonnes,annual,2026-05-01 00:00:00,2026-05-18 14:20:13.779009
FRA,manufacturing,iron-and-steel,2026-01-01 00:00:00,2026-12-31 00:00:00,co2e_100yr,3175143.5010907752,tonnes,annual,2026-05-01 00:00:00,2026-05-18 14:20:13.779009
FRO,manufacturing,iron-and-steel,2015-01-01 00:00:00,2015-12-31 00:00:00,co2e_100yr,0,tonnes,annual,2026-05-01 00:00:00,2026-05-18 14:20:13.779009
FRO,manufacturing,iron-and-steel,2016-01-01 00:00:00,2016-12-31 00:00:00,co2e_100yr,0,tonnes,annual,2026-05-01 00:00:00,2026-05-18 14:20:13.779009
FRO,manufacturing,iron-and-steel,2017-01-01 00:00:00,2017-12-31 00:00:00,co2e_100yr,0,tonnes,annual,2026-05-01 00:00:00,2026-05-18 14:20:13.779009
FRO,manufacturing,iron-and-steel,2018-01-01 00:00:00,2018-12-31 00:00:00,co2e_100yr,0,tonnes,annual,2026-05-01 00:00:00,2026-05-18 14:20:13.779009
FRO,manufacturing,iron-and-steel,2019-01-01 00:00:00,2019-12-31 00:00:00,co2e_100yr,0,tonnes,annual,2026-05-01 00:00:00,2026-05-18 14:20:13.779009
FRO,manufacturing,iron-and-steel,2020-01-01 00:00:00,2020-12-31 00:00:00,co2e_100yr,0,tonnes,annual,2026-05-01 00:00:00,2026-05-18 14:20:13.779009
FRO,manufacturing,iron-and-steel,2021-01-01 00:00:00,2021-12-31 00:00:00,co2e_100yr,0,tonnes,annual,2026-05-01 00:00:00,2026-05-18 14:20:13.779009
FRO,manufacturing,iron-and-steel,2022-01-01 00:00:00,2022-12-31 00:00:00,co2e_100yr,0,tonnes,annual,2026-05-01 00:00:00,2026-05-18 14:20:13.779009
FRO,manufacturing,iron-and-steel,2023-01-01 00:00:00,2023-12-31 00:00:00,co2e_100yr,0,tonnes,annual,2026-05-01 00:00:00,2026-05-18 14:20:13.779009
FRO,manufacturing,iron-and-steel,2024-01-01 00:00:00,2024-12-31 00:00:00,co2e_100yr,0,tonnes,annual,2026-05-01 00:00:00,2026-05-18 14:20:13.779009
FRO,manufacturing,iron-and-steel,2025-01-01 00:00:00,2025-12-31 00:00:00,co2e_100yr,0,tonnes,annual,2026-05-01 00:00:00,2026-05-18 14:20:13.779009
FRO,manufacturing,iron-and-steel,2026-01-01 00:00:00,2026-12-31 00:00:00,co2e_100yr,0,tonnes,annual,2026-05-01 00:00:00,2026-05-18 14:20:13.779009
FSM,manufacturing,iron-and-steel,2015-01-01 00:00:00,2015-12-31 00:00:00,co2e_100yr,0,tonnes,annual,2026-05-01 00:00:00,2026-05-18 14:20:13.779009
FSM,manufacturing,iron-and-steel,2016-01-01 00:00:00,2016-12-31 00:00:00,co2e_100yr,0,tonnes,annual,2026-05-01 00:00:00,2026-05-18 14:20:13.779009
FSM,manufacturing,iron-and-steel,2017-01-01 00:00:00,2017-12-31 00:00:00,co2e_100yr,0,tonnes,annual,2026-05-01 00:00:00,2026-05-18 14:20:13.779009
FSM,manufacturing,iron-and-steel,2018-01-01 00:00:00,2018-12-31 00:00:00,co2e_100yr,0,tonnes,annual,2026-05-01 00:00:00,2026-05-18 14:20:13.779009
FSM,manufacturing,iron-and-steel,2019-01-01 00:00:00,2019-12-31 00:00:00,co2e_100yr,0,tonnes,annual,2026-05-01 00:00:00,2026-05-18 14:20:13.779009
FSM,manufacturing,iron-and-steel,2020-01-01 00:00:00,2020-12-31 00:00:00,co2e_100yr,0,tonnes,annual,2026-05-01 00:00:00,2026-05-18 14:20:13.779009
FSM,manufacturing,iron-and-steel,2021-01-01 00:00:00,2021-12-31 00:00:00,co2e_100yr,0,tonnes,annual,2026-05-01 00:00:00,2026-05-18 14:20:13.779009
FSM,manufacturing,iron-and-steel,2022-01-01 00:00:00,2022-12-31 00:00:00,co2e_100yr,0,tonnes,annual,2026-05-01 00:00:00,2026-05-18 14:20:13.779009
FSM,manufacturing,iron-and-steel,2023-01-01 00:00:00,2023-12-31 00:00:00,co2e_100yr,0,tonnes,annual,2026-05-01 00:00:00,2026-05-18 14:20:13.779009
FSM,manufacturing,iron-and-steel,2024-01-01 00:00:00,2024-12-31 00:00:00,co2e_100yr,0,tonnes,annual,2026-05-01 00:00:00,2026-05-18 14:20:13.779009
FSM,manufacturing,iron-and-steel,2025-01-01 00:00:00,2025-12-31 00:00:00,co2e_100yr,0,tonnes,annual,2026-05-01 00:00:00,2026-05-18 14:20:13.779009
FSM,manufacturing,iron-and-steel,2026-01-01 00:00:00,2026-12-31 00:00:00,co2e_100yr,0,tonnes,annual,2026-05-01 00:00:00,2026-05-18 14:20:13.779009
GAB,manufacturing,iron-and-steel,2015-01-01 00:00:00,2015-12-31 00:00:00,co2e_100yr,0,tonnes,annual,2026-05-01 00:00:00,2026-05-18 14:20:13.779009
GAB,manufacturing,iron-and-steel,2016-01-01 00:00:00,2016-12-31 00:00:00,co2e_100yr,0,tonnes,annual,2026-05-01 00:00:00,2026-05-18 14:20:13.779009
GAB,manufacturing,iron-and-steel,2017-01-01 00:00:00,2017-12-31 00:00:00,co2e_100yr,0,tonnes,annual,2026-05-01 00:00:00,2026-05-18 14:20:13.779009
GAB,manufacturing,iron-and-steel,2018-01-01 00:00:00,2018-12-31 00:00:00,co2e_100yr,0,tonnes,annual,2026-05-01 00:00:00,2026-05-18 14:20:13.779009
GAB,manufacturing,iron-and-steel,2019-01-01 00:00:00,2019-12-31 00:00:00,co2e_100yr,0,tonnes,annual,2026-05-01 00:00:00,2026-05-18 14:20:13.779009
GAB,manufacturing,iron-and-steel,2020-01-01 00:00:00,2020-12-31 00:00:00,co2e_100yr,0,tonnes,annual,2026-05-01 00:00:00,2026-05-18 14:20:13.779009
GAB,manufacturing,iron-and-steel,2021-01-01 00:00:00,2021-12-31 00:00:00,co2e_100yr,0,tonnes,annual,2026-05-01 00:00:00,2026-05-18 14:20:13.779009
GAB,manufacturing,iron-and-steel,2022-01-01 00:00:00,2022-12-31 00:00:00,co2e_100yr,0,tonnes,annual,2026-05-01 00:00:00,2026-05-18 14:20:13.779009
GAB,manufacturing,iron-and-steel,2023-01-01 00:00:00,2023-12-31 00:00:00,co2e_100yr,0,tonnes,annual,2026-05-01 00:00:00,2026-05-18 14:20:13.779009
GAB,manufacturing,iron-and-steel,2024-01-01 00:00:00,2024-12-31 00:00:00,co2e_100yr,0,tonnes,annual,2026-05-01 00:00:00,2026-05-18 14:20:13.779009
GAB,manufacturing,iron-and-steel,2025-01-01 00:00:00,2025-12-31 00:00:00,co2e_100yr,0,tonnes,annual,2026-05-01 00:00:00,2026-05-18 14:20:13.779009
GAB,manufacturing,iron-and-steel,2026-01-01 00:00:00,2026-12-31 00:00:00,co2e_100yr,0,tonnes,annual,2026-05-01 00:00:00,2026-05-18 14:20:13.779009
GBR,manufacturing,iron-and-steel,2015-01-01 00:00:00,2015-12-31 00:00:00,co2e_100yr,19028699.136779513,tonnes,annual,2026-05-01 00:00:00,2026-05-18 14:20:13.779009
GBR,manufacturing,iron-and-steel,2016-01-01 00:00:00,2016-12-31 00:00:00,co2e_100yr,12870760.273935398,tonnes,annual,2026-05-01 00:00:00,2026-05-18 14:20:13.779009
GBR,manufacturing,iron-and-steel,2017-01-01 00:00:00,2017-12-31 00:00:00,co2e_100yr,12559803.306877045,tonnes,annual,2026-05-01 00:00:00,2026-05-18 14:20:13.779009
GBR,manufacturing,iron-and-steel,2018-01-01 00:00:00,2018-12-31 00:00:00,co2e_100yr,11877215.027824564,tonnes,annual,2026-05-01 00:00:00,2026-05-18 14:20:13.779009
GBR,manufacturing,iron-and-steel,2019-01-01 00:00:00,2019-12-31 00:00:00,co2e_100yr,11929141.779858867,tonnes,annual,2026-05-01 00:00:00,2026-05-18 14:20:13.779009
GBR,manufacturing,iron-and-steel,2020-01-01 00:00:00,2020-12-31 00:00:00,co2e_100yr,11984174.152408678,tonnes,annual,2026-05-01 00:00:00,2026-05-18 14:20:13.779009
GBR,manufacturing,iron-and-steel,2021-01-01 00:00:00,2021-12-31 00:00:00,co2e_100yr,11826461.047798771,tonnes,annual,2026-05-01 00:00:00,2026-05-18 14:20:13.779009
GBR,manufacturing,iron-and-steel,2022-01-01 00:00:00,2022-12-31 00:00:00,co2e_100yr,9795284.886359999,tonnes,annual,2026-05-01 00:00:00,2026-05-18 14:20:13.779009
GBR,manufacturing,iron-and-steel,2023-01-01 00:00:00,2023-12-31 00:00:00,co2e_100yr,9239590.226998143,tonnes,annual,2026-05-01 00:00:00,2026-05-18 14:20:13.779009
GBR,manufacturing,iron-and-steel,2024-01-01 00:00:00,2024-12-31 00:00:00,co2e_100yr,5782827.484389659,tonnes,annual,2026-05-01 00:00:00,2026-05-18 14:20:13.779009
GBR,manufacturing,iron-and-steel,2025-01-01 00:00:00,2025-12-31 00:00:00,co2e_100yr,3351845.1132703144,tonnes,annual,2026-05-01 00:00:00,2026-05-18 14:20:13.779009
GBR,manufacturing,iron-and-steel,2026-01-01 00:00:00,2026-12-31 00:00:00,co2e_100yr,876163.7567099509,tonnes,annual,2026-05-01 00:00:00,2026-05-18 14:20:13.779009
GEO,manufacturing,iron-and-steel,2015-01-01 00:00:00,2015-12-31 00:00:00,co2e_100yr,0,tonnes,annual,2026-05-01 00:00:00,2026-05-18 14:20:13.779009
GEO,manufacturing,iron-and-steel,2016-01-01 00:00:00,2016-12-31 00:00:00,co2e_100yr,193643.8356164383,tonnes,annual,2026-05-01 00:00:00,2026-05-18 14:20:13.779009
GEO,manufacturing,iron-and-steel,2017-01-01 00:00:00,2017-12-31 00:00:00,co2e_100yr,189999.99999999997,tonnes,annual,2026-05-01 00:00:00,2026-05-18 14:20:13.779009
GEO,manufacturing,iron-and-steel,2018-01-01 00:00:00,2018-12-31 00:00:00,co2e_100yr,189999.9999999999,tonnes,annual,2026-05-01 00:00:00,2026-05-18 14:20:13.779009
GEO,manufacturing,iron-and-steel,2019-01-01 00:00:00,2019-12-31 00:00:00,co2e_100yr,249851.9,tonnes,annual,2026-05-01 00:00:00,2026-05-18 14:20:13.779009
GEO,manufacturing,iron-and-steel,2020-01-01 00:00:00,2020-12-31 00:00:00,co2e_100yr,253912.20000000004,tonnes,annual,2026-05-01 00:00:00,2026-05-18 14:20:13.779009
GEO,manufacturing,iron-and-steel,2021-01-01 00:00:00,2021-12-31 00:00:00,co2e_100yr,257883.20000000004,tonnes,annual,2026-05-01 00:00:00,2026-05-18 14:20:13.779009
GEO,manufacturing,iron-and-steel,2022-01-01 00:00:00,2022-12-31 00:00:00,co2e_100yr,290071.1,tonnes,annual,2026-05-01 00:00:00,2026-05-18 14:20:13.779009
GEO,manufacturing,iron-and-steel,2023-01-01 00:00:00,2023-12-31 00:00:00,co2e_100yr,243956.19999999998,tonnes,annual,2026-05-01 00:00:00,2026-05-18 14:20:13.779009
GEO,manufacturing,iron-and-steel,2024-01-01 00:00:00,2024-12-31 00:00:00,co2e_100yr,262849.8,tonnes,annual,2026-05-01 00:00:00,2026-05-18 14:20:13.779009
GEO,manufacturing,iron-and-steel,2025-01-01 00:00:00,2025-12-31 00:00:00,co2e_100yr,199500,tonnes,annual,2026-05-01 00:00:00,2026-05-18 14:20:13.779009
GEO,manufacturing,iron-and-steel,2026-01-01 00:00:00,2026-12-31 00:00:00,co2e_100yr,50831.50684931506,tonnes,annual,2026-05-01 00:00:00,2026-05-18 14:20:13.779009
GGY,manufacturing,iron-and-steel,2015-01-01 00:00:00,2015-12-31 00:00:00,co2e_100yr,0,tonnes,annual,2026-05-01 00:00:00,2026-05-18 14:20:13.779009
GGY,manufacturing,iron-and-steel,2016-01-01 00:00:00,2016-12-31 00:00:00,co2e_100yr,0,tonnes,annual,2026-05-01 00:00:00,2026-05-18 14:20:13.779009
GGY,manufacturing,iron-and-steel,2017-01-01 00:00:00,2017-12-31 00:00:00,co2e_100yr,0,tonnes,annual,2026-05-01 00:00:00,2026-05-18 14:20:13.779009
GGY,manufacturing,iron-and-steel,2018-01-01 00:00:00,2018-12-31 00:00:00,co2e_100yr,0,tonnes,annual,2026-05-01 00:00:00,2026-05-18 14:20:13.779009
GGY,manufacturing,iron-and-steel,2019-01-01 00:00:00,2019-12-31 00:00:00,co2e_100yr,0,tonnes,annual,2026-05-01 00:00:00,2026-05-18 14:20:13.779009
GGY,manufacturing,iron-and-steel,2020-01-01 00:00:00,2020-12-31 00:00:00,co2e_100yr,0,tonnes,annual,2026-05-01 00:00:00,2026-05-18 14:20:13.779009
GGY,manufacturing,iron-and-steel,2021-01-01 00:00:00,2021-12-31 00:00:00,co2e_100yr,0,tonnes,annual,2026-05-01 00:00:00,2026-05-18 14:20:13.779009
GGY,manufacturing,iron-and-steel,2022-01-01 00:00:00,2022-12-31 00:00:00,co2e_100yr,0,tonnes,annual,2026-05-01 00:00:00,2026-05-18 14:20:13.779009
GGY,manufacturing,iron-and-steel,2023-01-01 00:00:00,2023-12-31 00:00:00,co2e_100yr,0,tonnes,annual,2026-05-01 00:00:00,2026-05-18 14:20:13.779009
GGY,manufacturing,iron-and-steel,2024-01-01 00:00:00,2024-12-31 00:00:00,co2e_100yr,0,tonnes,annual,2026-05-01 00:00:00,2026-05-18 14:20:13.779009
GGY,manufacturing,iron-and-steel,2025-01-01 00:00:00,2025-12-31 00:00:00,co2e_100yr,0,tonnes,annual,2026-05-01 00:00:00,2026-05-18 14:20:13.779009
GGY,manufacturing,iron-and-steel,2026-01-01 00:00:00,2026-12-31 00:00:00,co2e_100yr,0,tonnes,annual,2026-05-01 00:00:00,2026-05-18 14:20:13.779009
GHA,manufacturing,iron-and-steel,2015-01-01 00:00:00,2015-12-31 00:00:00,co2e_100yr,67670.11943156601,tonnes,annual,2026-05-01 00:00:00,2026-05-18 14:20:13.779009
GHA,manufacturing,iron-and-steel,2016-01-01 00:00:00,2016-12-31 00:00:00,co2e_100yr,81204.14331787919,tonnes,annual,2026-05-01 00:00:00,2026-05-18 14:20:13.779009
GHA,manufacturing,iron-and-steel,2017-01-01 00:00:00,2017-12-31 00:00:00,co2e_100yr,94738.1672041924,tonnes,annual,2026-05-01 00:00:00,2026-05-18 14:20:13.779009
GHA,manufacturing,iron-and-steel,2018-01-01 00:00:00,2018-12-31 00:00:00,co2e_100yr,108272.1910905056,tonnes,annual,2026-05-01 00:00:00,2026-05-18 14:20:13.779009
GHA,manufacturing,iron-and-steel,2019-01-01 00:00:00,2019-12-31 00:00:00,co2e_100yr,108272.19109050561,tonnes,annual,2026-05-01 00:00:00,2026-05-18 14:20:13.779009
GHA,manufacturing,iron-and-steel,2020-01-01 00:00:00,2020-12-31 00:00:00,co2e_100yr,108272.1910905056,tonnes,annual,2026-05-01 00:00:00,2026-05-18 14:20:13.779009
GHA,manufacturing,iron-and-steel,2021-01-01 00:00:00,2021-12-31 00:00:00,co2e_100yr,108272.1910905056,tonnes,annual,2026-05-01 00:00:00,2026-05-18 14:20:13.779009
GHA,manufacturing,iron-and-steel,2022-01-01 00:00:00,2022-12-31 00:00:00,co2e_100yr,108272.19109050561,tonnes,annual,2026-05-01 00:00:00,2026-05-18 14:20:13.779009
GHA,manufacturing,iron-and-steel,2023-01-01 00:00:00,2023-12-31 00:00:00,co2e_100yr,59549.70509977808,tonnes,annual,2026-05-01 00:00:00,2026-05-18 14:20:13.779009
GHA,manufacturing,iron-and-steel,2024-01-01 00:00:00,2024-12-31 00:00:00,co2e_100yr,66316.71704293467,tonnes,annual,2026-05-01 00:00:00,2026-05-18 14:20:13.779009
GHA,manufacturing,iron-and-steel,2025-01-01 00:00:00,2025-12-31 00:00:00,co2e_100yr,67670.119431566,tonnes,annual,2026-05-01 00:00:00,2026-05-18 14:20:13.779009
GHA,manufacturing,iron-and-steel,2026-01-01 00:00:00,2026-12-31 00:00:00,co2e_100yr,50725.175412312354,tonnes,annual,2026-05-01 00:00:00,2026-05-18 14:20:13.779009
GIB,manufacturing,iron-and-steel,2015-01-01 00:00:00,2015-12-31 00:00:00,co2e_100yr,0,tonnes,annual,2026-05-01 00:00:00,2026-05-18 14:20:13.779009
GIB,manufacturing,iron-and-steel,2016-01-01 00:00:00,2016-12-31 00:00:00,co2e_100yr,0,tonnes,annual,2026-05-01 00:00:00,2026-05-18 14:20:13.779009
GIB,manufacturing,iron-and-steel,2017-01-01 00:00:00,2017-12-31 00:00:00,co2e_100yr,0,tonnes,annual,2026-05-01 00:00:00,2026-05-18 14:20:13.779009
GIB,manufacturing,iron-and-steel,2018-01-01 00:00:00,2018-12-31 00:00:00,co2e_100yr,0,tonnes,annual,2026-05-01 00:00:00,2026-05-18 14:20:13.779009
GIB,manufacturing,iron-and-steel,2019-01-01 00:00:00,2019-12-31 00:00:00,co2e_100yr,0,tonnes,annual,2026-05-01 00:00:00,2026-05-18 14:20:13.779009
GIB,manufacturing,iron-and-steel,2020-01-01 00:00:00,2020-12-31 00:00:00,co2e_100yr,0,tonnes,annual,2026-05-01 00:00:00,2026-05-18 14:20:13.779009
GIB,manufacturing,iron-and-steel,2021-01-01 00:00:00,2021-12-31 00:00:00,co2e_100yr,0,tonnes,annual,2026-05-01 00:00:00,2026-05-18 14:20:13.779009
GIB,manufacturing,iron-and-steel,2022-01-01 00:00:00,2022-12-31 00:00:00,co2e_100yr,0,tonnes,annual,2026-05-01 00:00:00,2026-05-18 14:20:13.779009
GIB,manufacturing,iron-and-steel,2023-01-01 00:00:00,2023-12-31 00:00:00,co2e_100yr,0,tonnes,annual,2026-05-01 00:00:00,2026-05-18 14:20:13.779009
GIB,manufacturing,iron-and-steel,2024-01-01 00:00:00,2024-12-31 00:00:00,co2e_100yr,0,tonnes,annual,2026-05-01 00:00:00,2026-05-18 14:20:13.779009
GIB,manufacturing,iron-and-steel,2025-01-01 00:00:00,2025-12-31 00:00:00,co2e_100yr,0,tonnes,annual,2026-05-01 00:00:00,2026-05-18 14:20:13.779009
GIB,manufacturing,iron-and-steel,2026-01-01 00:00:00,2026-12-31 00:00:00,co2e_100yr,0,tonnes,annual,2026-05-01 00:00:00,2026-05-18 14:20:13.779009
GIN,manufacturing,iron-and-steel,2015-01-01 00:00:00,2015-12-31 00:00:00,co2e_100yr,0,tonnes,annual,2026-05-01 00:00:00,2026-05-18 14:20:13.779009
GIN,manufacturing,iron-and-steel,2016-01-01 00:00:00,2016-12-31 00:00:00,co2e_100yr,0,tonnes,annual,2026-05-01 00:00:00,2026-05-18 14:20:13.779009
GIN,manufacturing,iron-and-steel,2017-01-01 00:00:00,2017-12-31 00:00:00,co2e_100yr,0,tonnes,annual,2026-05-01 00:00:00,2026-05-18 14:20:13.779009
GIN,manufacturing,iron-and-steel,2018-01-01 00:00:00,2018-12-31 00:00:00,co2e_100yr,0,tonnes,annual,2026-05-01 00:00:00,2026-05-18 14:20:13.779009
GIN,manufacturing,iron-and-steel,2019-01-01 00:00:00,2019-12-31 00:00:00,co2e_100yr,0,tonnes,annual,2026-05-01 00:00:00,2026-05-18 14:20:13.779009
GIN,manufacturing,iron-and-steel,2020-01-01 00:00:00,2020-12-31 00:00:00,co2e_100yr,0,tonnes,annual,2026-05-01 00:00:00,2026-05-18 14:20:13.779009
GIN,manufacturing,iron-and-steel,2021-01-01 00:00:00,2021-12-31 00:00:00,co2e_100yr,0,tonnes,annual,2026-05-01 00:00:00,2026-05-18 14:20:13.779009
GIN,manufacturing,iron-and-steel,2022-01-01 00:00:00,2022-12-31 00:00:00,co2e_100yr,0,tonnes,annual,2026-05-01 00:00:00,2026-05-18 14:20:13.779009
GIN,manufacturing,iron-and-steel,2023-01-01 00:00:00,2023-12-31 00:00:00,co2e_100yr,0,tonnes,annual,2026-05-01 00:00:00,2026-05-18 14:20:13.779009
GIN,manufacturing,iron-and-steel,2024-01-01 00:00:00,2024-12-31 00:00:00,co2e_100yr,0,tonnes,annual,2026-05-01 00:00:00,2026-05-18 14:20:13.779009
GIN,manufacturing,iron-and-steel,2025-01-01 00:00:00,2025-12-31 00:00:00,co2e_100yr,0,tonnes,annual,2026-05-01 00:00:00,2026-05-18 14:20:13.779009
GIN,manufacturing,iron-and-steel,2026-01-01 00:00:00,2026-12-31 00:00:00,co2e_100yr,0,tonnes,annual,2026-05-01 00:00:00,2026-05-18 14:20:13.779009
GLP,manufacturing,iron-and-steel,2015-01-01 00:00:00,2015-12-31 00:00:00,co2e_100yr,0,tonnes,annual,2026-05-01 00:00:00,2026-05-18 14:20:13.779009
GLP,manufacturing,iron-and-steel,2016-01-01 00:00:00,2016-12-31 00:00:00,co2e_100yr,0,tonnes,annual,2026-05-01 00:00:00,2026-05-18 14:20:13.779009
GLP,manufacturing,iron-and-steel,2017-01-01 00:00:00,2017-12-31 00:00:00,co2e_100yr,0,tonnes,annual,2026-05-01 00:00:00,2026-05-18 14:20:13.779009
GLP,manufacturing,iron-and-steel,2018-01-01 00:00:00,2018-12-31 00:00:00,co2e_100yr,0,tonnes,annual,2026-05-01 00:00:00,2026-05-18 14:20:13.779009
GLP,manufacturing,iron-and-steel,2019-01-01 00:00:00,2019-12-31 00:00:00,co2e_100yr,0,tonnes,annual,2026-05-01 00:00:00,2026-05-18 14:20:13.779009
GLP,manufacturing,iron-and-steel,2020-01-01 00:00:00,2020-12-31 00:00:00,co2e_100yr,0,tonnes,annual,2026-05-01 00:00:00,2026-05-18 14:20:13.779009
GLP,manufacturing,iron-and-steel,2021-01-01 00:00:00,2021-12-31 00:00:00,co2e_100yr,0,tonnes,annual,2026-05-01 00:00:00,2026-05-18 14:20:13.779009
GLP,manufacturing,iron-and-steel,2022-01-01 00:00:00,2022-12-31 00:00:00,co2e_100yr,0,tonnes,annual,2026-05-01 00:00:00,2026-05-18 14:20:13.779009
GLP,manufacturing,iron-and-steel,2023-01-01 00:00:00,2023-12-31 00:00:00,co2e_100yr,0,tonnes,annual,2026-05-01 00:00:00,2026-05-18 14:20:13.779009
GLP,manufacturing,iron-and-steel,2024-01-01 00:00:00,2024-12-31 00:00:00,co2e_100yr,0,tonnes,annual,2026-05-01 00:00:00,2026-05-18 14:20:13.779009
GLP,manufacturing,iron-and-steel,2025-01-01 00:00:00,2025-12-31 00:00:00,co2e_100yr,0,tonnes,annual,2026-05-01 00:00:00,2026-05-18 14:20:13.779009
GLP,manufacturing,iron-and-steel,2026-01-01 00:00:00,2026-12-31 00:00:00,co2e_100yr,0,tonnes,annual,2026-05-01 00:00:00,2026-05-18 14:20:13.779009
GMB,manufacturing,iron-and-steel,2015-01-01 00:00:00,2015-12-31 00:00:00,co2e_100yr,0,tonnes,annual,2026-05-01 00:00:00,2026-05-18 14:20:13.779009
GMB,manufacturing,iron-and-steel,2016-01-01 00:00:00,2016-12-31 00:00:00,co2e_100yr,0,tonnes,annual,2026-05-01 00:00:00,2026-05-18 14:20:13.779009
GMB,manufacturing,iron-and-steel,2017-01-01 00:00:00,2017-12-31 00:00:00,co2e_100yr,0,tonnes,annual,2026-05-01 00:00:00,2026-05-18 14:20:13.779009
GMB,manufacturing,iron-and-steel,2018-01-01 00:00:00,2018-12-31 00:00:00,co2e_100yr,0,tonnes,annual,2026-05-01 00:00:00,2026-05-18 14:20:13.779009
GMB,manufacturing,iron-and-steel,2019-01-01 00:00:00,2019-12-31 00:00:00,co2e_100yr,0,tonnes,annual,2026-05-01 00:00:00,2026-05-18 14:20:13.779009
GMB,manufacturing,iron-and-steel,2020-01-01 00:00:00,2020-12-31 00:00:00,co2e_100yr,0,tonnes,annual,2026-05-01 00:00:00,2026-05-18 14:20:13.779009
GMB,manufacturing,iron-and-steel,2021-01-01 00:00:00,2021-12-31 00:00:00,co2e_100yr,0,tonnes,annual,2026-05-01 00:00:00,2026-05-18 14:20:13.779009
GMB,manufacturing,iron-and-steel,2022-01-01 00:00:00,2022-12-31 00:00:00,co2e_100yr,0,tonnes,annual,2026-05-01 00:00:00,2026-05-18 14:20:13.779009
GMB,manufacturing,iron-and-steel,2023-01-01 00:00:00,2023-12-31 00:00:00,co2e_100yr,0,tonnes,annual,2026-05-01 00:00:00,2026-05-18 14:20:13.779009
GMB,manufacturing,iron-and-steel,2024-01-01 00:00:00,2024-12-31 00:00:00,co2e_100yr,0,tonnes,annual,2026-05-01 00:00:00,2026-05-18 14:20:13.779009
GMB,manufacturing,iron-and-steel,2025-01-01 00:00:00,2025-12-31 00:00:00,co2e_100yr,0,tonnes,annual,2026-05-01 00:00:00,2026-05-18 14:20:13.779009
GMB,manufacturing,iron-and-steel,2026-01-01 00:00:00,2026-12-31 00:00:00,co2e_100yr,0,tonnes,annual,2026-05-01 00:00:00,2026-05-18 14:20:13.779009
GNB,manufacturing,iron-and-steel,2015-01-01 00:00:00,2015-12-31 00:00:00,co2e_100yr,0,tonnes,annual,2026-05-01 00:00:00,2026-05-18 14:20:13.779009
GNB,manufacturing,iron-and-steel,2016-01-01 00:00:00,2016-12-31 00:00:00,co2e_100yr,0,tonnes,annual,2026-05-01 00:00:00,2026-05-18 14:20:13.779009
GNB,manufacturing,iron-and-steel,2017-01-01 00:00:00,2017-12-31 00:00:00,co2e_100yr,0,tonnes,annual,2026-05-01 00:00:00,2026-05-18 14:20:13.779009
GNB,manufacturing,iron-and-steel,2018-01-01 00:00:00,2018-12-31 00:00:00,co2e_100yr,0,tonnes,annual,2026-05-01 00:00:00,2026-05-18 14:20:13.779009
GNB,manufacturing,iron-and-steel,2019-01-01 00:00:00,2019-12-31 00:00:00,co2e_100yr,0,tonnes,annual,2026-05-01 00:00:00,2026-05-18 14:20:13.779009
GNB,manufacturing,iron-and-steel,2020-01-01 00:00:00,2020-12-31 00:00:00,co2e_100yr,0,tonnes,annual,2026-05-01 00:00:00,2026-05-18 14:20:13.779009
GNB,manufacturing,iron-and-steel,2021-01-01 00:00:00,2021-12-31 00:00:00,co2e_100yr,0,tonnes,annual,2026-05-01 00:00:00,2026-05-18 14:20:13.779009
GNB,manufacturing,iron-and-steel,2022-01-01 00:00:00,2022-12-31 00:00:00,co2e_100yr,0,tonnes,annual,2026-05-01 00:00:00,2026-05-18 14:20:13.779009
GNB,manufacturing,iron-and-steel,2023-01-01 00:00:00,2023-12-31 00:00:00,co2e_100yr,0,tonnes,annual,2026-05-01 00:00:00,2026-05-18 14:20:13.779009
GNB,manufacturing,iron-and-steel,2024-01-01 00:00:00,2024-12-31 00:00:00,co2e_100yr,0,tonnes,annual,2026-05-01 00:00:00,2026-05-18 14:20:13.779009
GNB,manufacturing,iron-and-steel,2025-01-01 00:00:00,2025-12-31 00:00:00,co2e_100yr,0,tonnes,annual,2026-05-01 00:00:00,2026-05-18 14:20:13.779009
GNB,manufacturing,iron-and-steel,2026-01-01 00:00:00,2026-12-31 00:00:00,co2e_100yr,0,tonnes,annual,2026-05-01 00:00:00,2026-05-18 14:20:13.779009
GNQ,manufacturing,iron-and-steel,2015-01-01 00:00:00,2015-12-31 00:00:00,co2e_100yr,0,tonnes,annual,2026-05-01 00:00:00,2026-05-18 14:20:13.779009
GNQ,manufacturing,iron-and-steel,2016-01-01 00:00:00,2016-12-31 00:00:00,co2e_100yr,0,tonnes,annual,2026-05-01 00:00:00,2026-05-18 14:20:13.779009
GNQ,manufacturing,iron-and-steel,2017-01-01 00:00:00,2017-12-31 00:00:00,co2e_100yr,0,tonnes,annual,2026-05-01 00:00:00,2026-05-18 14:20:13.779009
GNQ,manufacturing,iron-and-steel,2018-01-01 00:00:00,2018-12-31 00:00:00,co2e_100yr,0,tonnes,annual,2026-05-01 00:00:00,2026-05-18 14:20:13.779009
GNQ,manufacturing,iron-and-steel,2019-01-01 00:00:00,2019-12-31 00:00:00,co2e_100yr,0,tonnes,annual,2026-05-01 00:00:00,2026-05-18 14:20:13.779009
GNQ,manufacturing,iron-and-steel,2020-01-01 00:00:00,2020-12-31 00:00:00,co2e_100yr,0,tonnes,annual,2026-05-01 00:00:00,2026-05-18 14:20:13.779009
GNQ,manufacturing,iron-and-steel,2021-01-01 00:00:00,2021-12-31 00:00:00,co2e_100yr,0,tonnes,annual,2026-05-01 00:00:00,2026-05-18 14:20:13.779009
GNQ,manufacturing,iron-and-steel,2022-01-01 00:00:00,2022-12-31 00:00:00,co2e_100yr,0,tonnes,annual,2026-05-01 00:00:00,2026-05-18 14:20:13.779009
GNQ,manufacturing,iron-and-steel,2023-01-01 00:00:00,2023-12-31 00:00:00,co2e_100yr,0,tonnes,annual,2026-05-01 00:00:00,2026-05-18 14:20:13.779009
GNQ,manufacturing,iron-and-steel,2024-01-01 00:00:00,2024-12-31 00:00:00,co2e_100yr,0,tonnes,annual,2026-05-01 00:00:00,2026-05-18 14:20:13.779009
GNQ,manufacturing,iron-and-steel,2025-01-01 00:00:00,2025-12-31 00:00:00,co2e_100yr,0,tonnes,annual,2026-05-01 00:00:00,2026-05-18 14:20:13.779009
GNQ,manufacturing,iron-and-steel,2026-01-01 00:00:00,2026-12-31 00:00:00,co2e_100yr,0,tonnes,annual,2026-05-01 00:00:00,2026-05-18 14:20:13.779009
GRC,manufacturing,iron-and-steel,2015-01-01 00:00:00,2015-12-31 00:00:00,co2e_100yr,72799.99999999999,tonnes,annual,2026-05-01 00:00:00,2026-05-18 14:20:13.779009
GRC,manufacturing,iron-and-steel,2016-01-01 00:00:00,2016-12-31 00:00:00,co2e_100yr,92640.00000000001,tonnes,annual,2026-05-01 00:00:00,2026-05-18 14:20:13.779009
GRC,manufacturing,iron-and-steel,2017-01-01 00:00:00,2017-12-31 00:00:00,co2e_100yr,108720.00000000001,tonnes,annual,2026-05-01 00:00:00,2026-05-18 14:20:13.779009
GRC,manufacturing,iron-and-steel,2018-01-01 00:00:00,2018-12-31 00:00:00,co2e_100yr,117360.00000000001,tonnes,annual,2026-05-01 00:00:00,2026-05-18 14:20:13.779009
GRC,manufacturing,iron-and-steel,2019-01-01 00:00:00,2019-12-31 00:00:00,co2e_100yr,108000.00000000004,tonnes,annual,2026-05-01 00:00:00,2026-05-18 14:20:13.779009
GRC,manufacturing,iron-and-steel,2020-01-01 00:00:00,2020-12-31 00:00:00,co2e_100yr,112640.00000000001,tonnes,annual,2026-05-01 00:00:00,2026-05-18 14:20:13.779009
GRC,manufacturing,iron-and-steel,2021-01-01 00:00:00,2021-12-31 00:00:00,co2e_100yr,119840,tonnes,annual,2026-05-01 00:00:00,2026-05-18 14:20:13.779009
GRC,manufacturing,iron-and-steel,2022-01-01 00:00:00,2022-12-31 00:00:00,co2e_100yr,123440,tonnes,annual,2026-05-01 00:00:00,2026-05-18 14:20:13.779009
GRC,manufacturing,iron-and-steel,2023-01-01 00:00:00,2023-12-31 00:00:00,co2e_100yr,94480,tonnes,annual,2026-05-01 00:00:00,2026-05-18 14:20:13.779009
GRC,manufacturing,iron-and-steel,2024-01-01 00:00:00,2024-12-31 00:00:00,co2e_100yr,106880,tonnes,annual,2026-05-01 00:00:00,2026-05-18 14:20:13.779009
GRC,manufacturing,iron-and-steel,2025-01-01 00:00:00,2025-12-31 00:00:00,co2e_100yr,107360,tonnes,annual,2026-05-01 00:00:00,2026-05-18 14:20:13.779009
GRC,manufacturing,iron-and-steel,2026-01-01 00:00:00,2026-12-31 00:00:00,co2e_100yr,22160,tonnes,annual,2026-05-01 00:00:00,2026-05-18 14:20:13.779009
GRD,manufacturing,iron-and-steel,2015-01-01 00:00:00,2015-12-31 00:00:00,co2e_100yr,0,tonnes,annual,2026-05-01 00:00:00,2026-05-18 14:20:13.779009
GRD,manufacturing,iron-and-steel,2016-01-01 00:00:00,2016-12-31 00:00:00,co2e_100yr,0,tonnes,annual,2026-05-01 00:00:00,2026-05-18 14:20:13.779009
GRD,manufacturing,iron-and-steel,2017-01-01 00:00:00,2017-12-31 00:00:00,co2e_100yr,0,tonnes,annual,2026-05-01 00:00:00,2026-05-18 14:20:13.779009
GRD,manufacturing,iron-and-steel,2018-01-01 00:00:00,2018-12-31 00:00:00,co2e_100yr,0,tonnes,annual,2026-05-01 00:00:00,2026-05-18 14:20:13.779009
GRD,manufacturing,iron-and-steel,2019-01-01 00:00:00,2019-12-31 00:00:00,co2e_100yr,0,tonnes,annual,2026-05-01 00:00:00,2026-05-18 14:20:13.779009
GRD,manufacturing,iron-and-steel,2020-01-01 00:00:00,2020-12-31 00:00:00,co2e_100yr,0,tonnes,annual,2026-05-01 00:00:00,2026-05-18 14:20:13.779009
GRD,manufacturing,iron-and-steel,2021-01-01 00:00:00,2021-12-31 00:00:00,co2e_100yr,0,tonnes,annual,2026-05-01 00:00:00,2026-05-18 14:20:13.779009
GRD,manufacturing,iron-and-steel,2022-01-01 00:00:00,2022-12-31 00:00:00,co2e_100yr,0,tonnes,annual,2026-05-01 00:00:00,2026-05-18 14:20:13.779009
GRD,manufacturing,iron-and-steel,2023-01-01 00:00:00,2023-12-31 00:00:00,co2e_100yr,0,tonnes,annual,2026-05-01 00:00:00,2026-05-18 14:20:13.779009
GRD,manufacturing,iron-and-steel,2024-01-01 00:00:00,2024-12-31 00:00:00,co2e_100yr,0,tonnes,annual,2026-05-01 00:00:00,2026-05-18 14:20:13.779009
GRD,manufacturing,iron-and-steel,2025-01-01 00:00:00,2025-12-31 00:00:00,co2e_100yr,0,tonnes,annual,2026-05-01 00:00:00,2026-05-18 14:20:13.779009
GRD,manufacturing,iron-and-steel,2026-01-01 00:00:00,2026-12-31 00:00:00,co2e_100yr,0,tonnes,annual,2026-05-01 00:00:00,2026-05-18 14:20:13.779009
GRL,manufacturing,iron-and-steel,2015-01-01 00:00:00,2015-12-31 00:00:00,co2e_100yr,0,tonnes,annual,2026-05-01 00:00:00,2026-05-18 14:20:13.779009
GRL,manufacturing,iron-and-steel,2016-01-01 00:00:00,2016-12-31 00:00:00,co2e_100yr,0,tonnes,annual,2026-05-01 00:00:00,2026-05-18 14:20:13.779009
GRL,manufacturing,iron-and-steel,2017-01-01 00:00:00,2017-12-31 00:00:00,co2e_100yr,0,tonnes,annual,2026-05-01 00:00:00,2026-05-18 14:20:13.779009
GRL,manufacturing,iron-and-steel,2018-01-01 00:00:00,2018-12-31 00:00:00,co2e_100yr,0,tonnes,annual,2026-05-01 00:00:00,2026-05-18 14:20:13.779009
GRL,manufacturing,iron-and-steel,2019-01-01 00:00:00,2019-12-31 00:00:00,co2e_100yr,0,tonnes,annual,2026-05-01 00:00:00,2026-05-18 14:20:13.779009
GRL,manufacturing,iron-and-steel,2020-01-01 00:00:00,2020-12-31 00:00:00,co2e_100yr,0,tonnes,annual,2026-05-01 00:00:00,2026-05-18 14:20:13.779009
GRL,manufacturing,iron-and-steel,2021-01-01 00:00:00,2021-12-31 00:00:00,co2e_100yr,0,tonnes,annual,2026-05-01 00:00:00,2026-05-18 14:20:13.779009
GRL,manufacturing,iron-and-steel,2022-01-01 00:00:00,2022-12-31 00:00:00,co2e_100yr,0,tonnes,annual,2026-05-01 00:00:00,2026-05-18 14:20:13.779009
GRL,manufacturing,iron-and-steel,2023-01-01 00:00:00,2023-12-31 00:00:00,co2e_100yr,0,tonnes,annual,2026-05-01 00:00:00,2026-05-18 14:20:13.779009
GRL,manufacturing,iron-and-steel,2024-01-01 00:00:00,2024-12-31 00:00:00,co2e_100yr,0,tonnes,annual,2026-05-01 00:00:00,2026-05-18 14:20:13.779009
GRL,manufacturing,iron-and-steel,2025-01-01 00:00:00,2025-12-31 00:00:00,co2e_100yr,0,tonnes,annual,2026-05-01 00:00:00,2026-05-18 14:20:13.779009
GRL,manufacturing,iron-and-steel,2026-01-01 00:00:00,2026-12-31 00:00:00,co2e_100yr,0,tonnes,annual,2026-05-01 00:00:00,2026-05-18 14:20:13.779009
GTM,manufacturing,iron-and-steel,2015-01-01 00:00:00,2015-12-31 00:00:00,co2e_100yr,32211.303768961017,tonnes,annual,2026-05-01 00:00:00,2026-05-18 14:20:13.779009
GTM,manufacturing,iron-and-steel,2016-01-01 00:00:00,2016-12-31 00:00:00,co2e_100yr,25101.77852278936,tonnes,annual,2026-05-01 00:00:00,2026-05-18 14:20:13.779009
GTM,manufacturing,iron-and-steel,2017-01-01 00:00:00,2017-12-31 00:00:00,co2e_100yr,23504.017343789485,tonnes,annual,2026-05-01 00:00:00,2026-05-18 14:20:13.779009
GTM,manufacturing,iron-and-steel,2018-01-01 00:00:00,2018-12-31 00:00:00,co2e_100yr,23974.09769066528,tonnes,annual,2026-05-01 00:00:00,2026-05-18 14:20:13.779009
GTM,manufacturing,iron-and-steel,2019-01-01 00:00:00,2019-12-31 00:00:00,co2e_100yr,24453.61804450691,tonnes,annual,2026-05-01 00:00:00,2026-05-18 14:20:13.779009
GTM,manufacturing,iron-and-steel,2020-01-01 00:00:00,2020-12-31 00:00:00,co2e_100yr,19407.85432120028,tonnes,annual,2026-05-01 00:00:00,2026-05-18 14:20:13.779009
GTM,manufacturing,iron-and-steel,2021-01-01 00:00:00,2021-12-31 00:00:00,co2e_100yr,24551.36,tonnes,annual,2026-05-01 00:00:00,2026-05-18 14:20:13.779009
GTM,manufacturing,iron-and-steel,2022-01-01 00:00:00,2022-12-31 00:00:00,co2e_100yr,21684.559999999998,tonnes,annual,2026-05-01 00:00:00,2026-05-18 14:20:13.779009
GTM,manufacturing,iron-and-steel,2023-01-01 00:00:00,2023-12-31 00:00:00,co2e_100yr,19304.8,tonnes,annual,2026-05-01 00:00:00,2026-05-18 14:20:13.779009
GTM,manufacturing,iron-and-steel,2024-01-01 00:00:00,2024-12-31 00:00:00,co2e_100yr,19956.56,tonnes,annual,2026-05-01 00:00:00,2026-05-18 14:20:13.779009
GTM,manufacturing,iron-and-steel,2025-01-01 00:00:00,2025-12-31 00:00:00,co2e_100yr,20650.48,tonnes,annual,2026-05-01 00:00:00,2026-05-18 14:20:13.779009
GTM,manufacturing,iron-and-steel,2026-01-01 00:00:00,2026-12-31 00:00:00,co2e_100yr,6963.599999999999,tonnes,annual,2026-05-01 00:00:00,2026-05-18 14:20:13.779009
GUF,manufacturing,iron-and-steel,2015-01-01 00:00:00,2015-12-31 00:00:00,co2e_100yr,0,tonnes,annual,2026-05-01 00:00:00,2026-05-18 14:20:13.779009
GUF,manufacturing,iron-and-steel,2016-01-01 00:00:00,2016-12-31 00:00:00,co2e_100yr,0,tonnes,annual,2026-05-01 00:00:00,2026-05-18 14:20:13.779009
GUF,manufacturing,iron-and-steel,2017-01-01 00:00:00,2017-12-31 00:00:00,co2e_100yr,0,tonnes,annual,2026-05-01 00:00:00,2026-05-18 14:20:13.779009
GUF,manufacturing,iron-and-steel,2018-01-01 00:00:00,2018-12-31 00:00:00,co2e_100yr,0,tonnes,annual,2026-05-01 00:00:00,2026-05-18 14:20:13.779009
GUF,manufacturing,iron-and-steel,2019-01-01 00:00:00,2019-12-31 00:00:00,co2e_100yr,0,tonnes,annual,2026-05-01 00:00:00,2026-05-18 14:20:13.779009
GUF,manufacturing,iron-and-steel,2020-01-01 00:00:00,2020-12-31 00:00:00,co2e_100yr,0,tonnes,annual,2026-05-01 00:00:00,2026-05-18 14:20:13.779009
GUF,manufacturing,iron-and-steel,2021-01-01 00:00:00,2021-12-31 00:00:00,co2e_100yr,0,tonnes,annual,2026-05-01 00:00:00,2026-05-18 14:20:13.779009
GUF,manufacturing,iron-and-steel,2022-01-01 00:00:00,2022-12-31 00:00:00,co2e_100yr,0,tonnes,annual,2026-05-01 00:00:00,2026-05-18 14:20:13.779009
GUF,manufacturing,iron-and-steel,2023-01-01 00:00:00,2023-12-31 00:00:00,co2e_100yr,0,tonnes,annual,2026-05-01 00:00:00,2026-05-18 14:20:13.779009
GUF,manufacturing,iron-and-steel,2024-01-01 00:00:00,2024-12-31 00:00:00,co2e_100yr,0,tonnes,annual,2026-05-01 00:00:00,2026-05-18 14:20:13.779009
GUF,manufacturing,iron-and-steel,2025-01-01 00:00:00,2025-12-31 00:00:00,co2e_100yr,0,tonnes,annual,2026-05-01 00:00:00,2026-05-18 14:20:13.779009
GUF,manufacturing,iron-and-steel,2026-01-01 00:00:00,2026-12-31 00:00:00,co2e_100yr,0,tonnes,annual,2026-05-01 00:00:00,2026-05-18 14:20:13.779009
GUM,manufacturing,iron-and-steel,2015-01-01 00:00:00,2015-12-31 00:00:00,co2e_100yr,0,tonnes,annual,2026-05-01 00:00:00,2026-05-18 14:20:13.779009
GUM,manufacturing,iron-and-steel,2016-01-01 00:00:00,2016-12-31 00:00:00,co2e_100yr,0,tonnes,annual,2026-05-01 00:00:00,2026-05-18 14:20:13.779009
GUM,manufacturing,iron-and-steel,2017-01-01 00:00:00,2017-12-31 00:00:00,co2e_100yr,0,tonnes,annual,2026-05-01 00:00:00,2026-05-18 14:20:13.779009
GUM,manufacturing,iron-and-steel,2018-01-01 00:00:00,2018-12-31 00:00:00,co2e_100yr,0,tonnes,annual,2026-05-01 00:00:00,2026-05-18 14:20:13.779009
GUM,manufacturing,iron-and-steel,2019-01-01 00:00:00,2019-12-31 00:00:00,co2e_100yr,0,tonnes,annual,2026-05-01 00:00:00,2026-05-18 14:20:13.779009
GUM,manufacturing,iron-and-steel,2020-01-01 00:00:00,2020-12-31 00:00:00,co2e_100yr,0,tonnes,annual,2026-05-01 00:00:00,2026-05-18 14:20:13.779009
GUM,manufacturing,iron-and-steel,2021-01-01 00:00:00,2021-12-31 00:00:00,co2e_100yr,0,tonnes,annual,2026-05-01 00:00:00,2026-05-18 14:20:13.779009
GUM,manufacturing,iron-and-steel,2022-01-01 00:00:00,2022-12-31 00:00:00,co2e_100yr,0,tonnes,annual,2026-05-01 00:00:00,2026-05-18 14:20:13.779009
GUM,manufacturing,iron-and-steel,2023-01-01 00:00:00,2023-12-31 00:00:00,co2e_100yr,0,tonnes,annual,2026-05-01 00:00:00,2026-05-18 14:20:13.779009
GUM,manufacturing,iron-and-steel,2024-01-01 00:00:00,2024-12-31 00:00:00,co2e_100yr,0,tonnes,annual,2026-05-01 00:00:00,2026-05-18 14:20:13.779009
GUM,manufacturing,iron-and-steel,2025-01-01 00:00:00,2025-12-31 00:00:00,co2e_100yr,0,tonnes,annual,2026-05-01 00:00:00,2026-05-18 14:20:13.779009
GUM,manufacturing,iron-and-steel,2026-01-01 00:00:00,2026-12-31 00:00:00,co2e_100yr,0,tonnes,annual,2026-05-01 00:00:00,2026-05-18 14:20:13.779009
GUY,manufacturing,iron-and-steel,2015-01-01 00:00:00,2015-12-31 00:00:00,co2e_100yr,0,tonnes,annual,2026-05-01 00:00:00,2026-05-18 14:20:13.779009
GUY,manufacturing,iron-and-steel,2016-01-01 00:00:00,2016-12-31 00:00:00,co2e_100yr,0,tonnes,annual,2026-05-01 00:00:00,2026-05-18 14:20:13.779009
GUY,manufacturing,iron-and-steel,2017-01-01 00:00:00,2017-12-31 00:00:00,co2e_100yr,0,tonnes,annual,2026-05-01 00:00:00,2026-05-18 14:20:13.779009
GUY,manufacturing,iron-and-steel,2018-01-01 00:00:00,2018-12-31 00:00:00,co2e_100yr,0,tonnes,annual,2026-05-01 00:00:00,2026-05-18 14:20:13.779009
GUY,manufacturing,iron-and-steel,2019-01-01 00:00:00,2019-12-31 00:00:00,co2e_100yr,0,tonnes,annual,2026-05-01 00:00:00,2026-05-18 14:20:13.779009
GUY,manufacturing,iron-and-steel,2020-01-01 00:00:00,2020-12-31 00:00:00,co2e_100yr,0,tonnes,annual,2026-05-01 00:00:00,2026-05-18 14:20:13.779009
GUY,manufacturing,iron-and-steel,2021-01-01 00:00:00,2021-12-31 00:00:00,co2e_100yr,0,tonnes,annual,2026-05-01 00:00:00,2026-05-18 14:20:13.779009
GUY,manufacturing,iron-and-steel,2022-01-01 00:00:00,2022-12-31 00:00:00,co2e_100yr,0,tonnes,annual,2026-05-01 00:00:00,2026-05-18 14:20:13.779009
GUY,manufacturing,iron-and-steel,2023-01-01 00:00:00,2023-12-31 00:00:00,co2e_100yr,0,tonnes,annual,2026-05-01 00:00:00,2026-05-18 14:20:13.779009
GUY,manufacturing,iron-and-steel,2024-01-01 00:00:00,2024-12-31 00:00:00,co2e_100yr,0,tonnes,annual,2026-05-01 00:00:00,2026-05-18 14:20:13.779009
GUY,manufacturing,iron-and-steel,2025-01-01 00:00:00,2025-12-31 00:00:00,co2e_100yr,0,tonnes,annual,2026-05-01 00:00:00,2026-05-18 14:20:13.779009
GUY,manufacturing,iron-and-steel,2026-01-01 00:00:00,2026-12-31 00:00:00,co2e_100yr,0,tonnes,annual,2026-05-01 00:00:00,2026-05-18 14:20:13.779009
HKG,manufacturing,iron-and-steel,2015-01-01 00:00:00,2015-12-31 00:00:00,co2e_100yr,0,tonnes,annual,2026-05-01 00:00:00,2026-05-18 14:20:13.779009
HKG,manufacturing,iron-and-steel,2016-01-01 00:00:00,2016-12-31 00:00:00,co2e_100yr,0,tonnes,annual,2026-05-01 00:00:00,2026-05-18 14:20:13.779009
HKG,manufacturing,iron-and-steel,2017-01-01 00:00:00,2017-12-31 00:00:00,co2e_100yr,0,tonnes,annual,2026-05-01 00:00:00,2026-05-18 14:20:13.779009
HKG,manufacturing,iron-and-steel,2018-01-01 00:00:00,2018-12-31 00:00:00,co2e_100yr,0,tonnes,annual,2026-05-01 00:00:00,2026-05-18 14:20:13.779009
HKG,manufacturing,iron-and-steel,2019-01-01 00:00:00,2019-12-31 00:00:00,co2e_100yr,0,tonnes,annual,2026-05-01 00:00:00,2026-05-18 14:20:13.779009
HKG,manufacturing,iron-and-steel,2020-01-01 00:00:00,2020-12-31 00:00:00,co2e_100yr,0,tonnes,annual,2026-05-01 00:00:00,2026-05-18 14:20:13.779009
HKG,manufacturing,iron-and-steel,2021-01-01 00:00:00,2021-12-31 00:00:00,co2e_100yr,0,tonnes,annual,2026-05-01 00:00:00,2026-05-18 14:20:13.779009
HKG,manufacturing,iron-and-steel,2022-01-01 00:00:00,2022-12-31 00:00:00,co2e_100yr,0,tonnes,annual,2026-05-01 00:00:00,2026-05-18 14:20:13.779009
HKG,manufacturing,iron-and-steel,2023-01-01 00:00:00,2023-12-31 00:00:00,co2e_100yr,0,tonnes,annual,2026-05-01 00:00:00,2026-05-18 14:20:13.779009
HKG,manufacturing,iron-and-steel,2024-01-01 00:00:00,2024-12-31 00:00:00,co2e_100yr,0,tonnes,annual,2026-05-01 00:00:00,2026-05-18 14:20:13.779009
HKG,manufacturing,iron-and-steel,2025-01-01 00:00:00,2025-12-31 00:00:00,co2e_100yr,0,tonnes,annual,2026-05-01 00:00:00,2026-05-18 14:20:13.779009
HKG,manufacturing,iron-and-steel,2026-01-01 00:00:00,2026-12-31 00:00:00,co2e_100yr,0,tonnes,annual,2026-05-01 00:00:00,2026-05-18 14:20:13.779009
HMD,manufacturing,iron-and-steel,2015-01-01 00:00:00,2015-12-31 00:00:00,co2e_100yr,0,tonnes,annual,2026-05-01 00:00:00,2026-05-18 14:20:13.779009
HMD,manufacturing,iron-and-steel,2016-01-01 00:00:00,2016-12-31 00:00:00,co2e_100yr,0,tonnes,annual,2026-05-01 00:00:00,2026-05-18 14:20:13.779009
HMD,manufacturing,iron-and-steel,2017-01-01 00:00:00,2017-12-31 00:00:00,co2e_100yr,0,tonnes,annual,2026-05-01 00:00:00,2026-05-18 14:20:13.779009
HMD,manufacturing,iron-and-steel,2018-01-01 00:00:00,2018-12-31 00:00:00,co2e_100yr,0,tonnes,annual,2026-05-01 00:00:00,2026-05-18 14:20:13.779009
HMD,manufacturing,iron-and-steel,2019-01-01 00:00:00,2019-12-31 00:00:00,co2e_100yr,0,tonnes,annual,2026-05-01 00:00:00,2026-05-18 14:20:13.779009
HMD,manufacturing,iron-and-steel,2020-01-01 00:00:00,2020-12-31 00:00:00,co2e_100yr,0,tonnes,annual,2026-05-01 00:00:00,2026-05-18 14:20:13.779009
HMD,manufacturing,iron-and-steel,2021-01-01 00:00:00,2021-12-31 00:00:00,co2e_100yr,0,tonnes,annual,2026-05-01 00:00:00,2026-05-18 14:20:13.779009
HMD,manufacturing,iron-and-steel,2022-01-01 00:00:00,2022-12-31 00:00:00,co2e_100yr,0,tonnes,annual,2026-05-01 00:00:00,2026-05-18 14:20:13.779009
HMD,manufacturing,iron-and-steel,2023-01-01 00:00:00,2023-12-31 00:00:00,co2e_100yr,0,tonnes,annual,2026-05-01 00:00:00,2026-05-18 14:20:13.779009
HMD,manufacturing,iron-and-steel,2024-01-01 00:00:00,2024-12-31 00:00:00,co2e_100yr,0,tonnes,annual,2026-05-01 00:00:00,2026-05-18 14:20:13.779009
HMD,manufacturing,iron-and-steel,2025-01-01 00:00:00,2025-12-31 00:00:00,co2e_100yr,0,tonnes,annual,2026-05-01 00:00:00,2026-05-18 14:20:13.779009
HMD,manufacturing,iron-and-steel,2026-01-01 00:00:00,2026-12-31 00:00:00,co2e_100yr,0,tonnes,annual,2026-05-01 00:00:00,2026-05-18 14:20:13.779009
HND,manufacturing,iron-and-steel,2015-01-01 00:00:00,2015-12-31 00:00:00,co2e_100yr,0,tonnes,annual,2026-05-01 00:00:00,2026-05-18 14:20:13.779009
HND,manufacturing,iron-and-steel,2016-01-01 00:00:00,2016-12-31 00:00:00,co2e_100yr,0,tonnes,annual,2026-05-01 00:00:00,2026-05-18 14:20:13.779009
HND,manufacturing,iron-and-steel,2017-01-01 00:00:00,2017-12-31 00:00:00,co2e_100yr,0,tonnes,annual,2026-05-01 00:00:00,2026-05-18 14:20:13.779009
HND,manufacturing,iron-and-steel,2018-01-01 00:00:00,2018-12-31 00:00:00,co2e_100yr,0,tonnes,annual,2026-05-01 00:00:00,2026-05-18 14:20:13.779009
HND,manufacturing,iron-and-steel,2019-01-01 00:00:00,2019-12-31 00:00:00,co2e_100yr,0,tonnes,annual,2026-05-01 00:00:00,2026-05-18 14:20:13.779009
HND,manufacturing,iron-and-steel,2020-01-01 00:00:00,2020-12-31 00:00:00,co2e_100yr,0,tonnes,annual,2026-05-01 00:00:00,2026-05-18 14:20:13.779009
HND,manufacturing,iron-and-steel,2021-01-01 00:00:00,2021-12-31 00:00:00,co2e_100yr,0,tonnes,annual,2026-05-01 00:00:00,2026-05-18 14:20:13.779009
HND,manufacturing,iron-and-steel,2022-01-01 00:00:00,2022-12-31 00:00:00,co2e_100yr,0,tonnes,annual,2026-05-01 00:00:00,2026-05-18 14:20:13.779009
HND,manufacturing,iron-and-steel,2023-01-01 00:00:00,2023-12-31 00:00:00,co2e_100yr,0,tonnes,annual,2026-05-01 00:00:00,2026-05-18 14:20:13.779009
HND,manufacturing,iron-and-steel,2024-01-01 00:00:00,2024-12-31 00:00:00,co2e_100yr,0,tonnes,annual,2026-05-01 00:00:00,2026-05-18 14:20:13.779009
HND,manufacturing,iron-and-steel,2025-01-01 00:00:00,2025-12-31 00:00:00,co2e_100yr,0,tonnes,annual,2026-05-01 00:00:00,2026-05-18 14:20:13.779009
HND,manufacturing,iron-and-steel,2026-01-01 00:00:00,2026-12-31 00:00:00,co2e_100yr,0,tonnes,annual,2026-05-01 00:00:00,2026-05-18 14:20:13.779009
HRV,manufacturing,iron-and-steel,2015-01-01 00:00:00,2015-12-31 00:00:00,co2e_100yr,9723.519999999999,tonnes,annual,2026-05-01 00:00:00,2026-05-18 14:20:13.779009
HRV,manufacturing,iron-and-steel,2016-01-01 00:00:00,2016-12-31 00:00:00,co2e_100yr,5.200000000000001,tonnes,annual,2026-05-01 00:00:00,2026-05-18 14:20:13.779009
HRV,manufacturing,iron-and-steel,2017-01-01 00:00:00,2017-12-31 00:00:00,co2e_100yr,6.8,tonnes,annual,2026-05-01 00:00:00,2026-05-18 14:20:13.779009
HRV,manufacturing,iron-and-steel,2018-01-01 00:00:00,2018-12-31 00:00:00,co2e_100yr,10864.079999999998,tonnes,annual,2026-05-01 00:00:00,2026-05-18 14:20:13.779009
HRV,manufacturing,iron-and-steel,2019-01-01 00:00:00,2019-12-31 00:00:00,co2e_100yr,5530,tonnes,annual,2026-05-01 00:00:00,2026-05-18 14:20:13.779009
HRV,manufacturing,iron-and-steel,2020-01-01 00:00:00,2020-12-31 00:00:00,co2e_100yr,3621.84,tonnes,annual,2026-05-01 00:00:00,2026-05-18 14:20:13.779009
HRV,manufacturing,iron-and-steel,2021-01-01 00:00:00,2021-12-31 00:00:00,co2e_100yr,14811.52,tonnes,annual,2026-05-01 00:00:00,2026-05-18 14:20:13.779009
HRV,manufacturing,iron-and-steel,2022-01-01 00:00:00,2022-12-31 00:00:00,co2e_100yr,13530.8,tonnes,annual,2026-05-01 00:00:00,2026-05-18 14:20:13.779009
HRV,manufacturing,iron-and-steel,2023-01-01 00:00:00,2023-12-31 00:00:00,co2e_100yr,16994.64,tonnes,annual,2026-05-01 00:00:00,2026-05-18 14:20:13.779009
HRV,manufacturing,iron-and-steel,2024-01-01 00:00:00,2024-12-31 00:00:00,co2e_100yr,12259.92,tonnes,annual,2026-05-01 00:00:00,2026-05-18 14:20:13.779009
HRV,manufacturing,iron-and-steel,2025-01-01 00:00:00,2025-12-31 00:00:00,co2e_100yr,0,tonnes,annual,2026-05-01 00:00:00,2026-05-18 14:20:13.779009
HRV,manufacturing,iron-and-steel,2026-01-01 00:00:00,2026-12-31 00:00:00,co2e_100yr,0,tonnes,annual,2026-05-01 00:00:00,2026-05-18 14:20:13.779009
HTI,manufacturing,iron-and-steel,2015-01-01 00:00:00,2015-12-31 00:00:00,co2e_100yr,0,tonnes,annual,2026-05-01 00:00:00,2026-05-18 14:20:13.779009
HTI,manufacturing,iron-and-steel,2016-01-01 00:00:00,2016-12-31 00:00:00,co2e_100yr,0,tonnes,annual,2026-05-01 00:00:00,2026-05-18 14:20:13.779009
HTI,manufacturing,iron-and-steel,2017-01-01 00:00:00,2017-12-31 00:00:00,co2e_100yr,0,tonnes,annual,2026-05-01 00:00:00,2026-05-18 14:20:13.779009
HTI,manufacturing,iron-and-steel,2018-01-01 00:00:00,2018-12-31 00:00:00,co2e_100yr,0,tonnes,annual,2026-05-01 00:00:00,2026-05-18 14:20:13.779009
HTI,manufacturing,iron-and-steel,2019-01-01 00:00:00,2019-12-31 00:00:00,co2e_100yr,0,tonnes,annual,2026-05-01 00:00:00,2026-05-18 14:20:13.779009
HTI,manufacturing,iron-and-steel,2020-01-01 00:00:00,2020-12-31 00:00:00,co2e_100yr,0,tonnes,annual,2026-05-01 00:00:00,2026-05-18 14:20:13.779009
HTI,manufacturing,iron-and-steel,2021-01-01 00:00:00,2021-12-31 00:00:00,co2e_100yr,0,tonnes,annual,2026-05-01 00:00:00,2026-05-18 14:20:13.779009
HTI,manufacturing,iron-and-steel,2022-01-01 00:00:00,2022-12-31 00:00:00,co2e_100yr,0,tonnes,annual,2026-05-01 00:00:00,2026-05-18 14:20:13.779009
HTI,manufacturing,iron-and-steel,2023-01-01 00:00:00,2023-12-31 00:00:00,co2e_100yr,0,tonnes,annual,2026-05-01 00:00:00,2026-05-18 14:20:13.779009
HTI,manufacturing,iron-and-steel,2024-01-01 00:00:00,2024-12-31 00:00:00,co2e_100yr,0,tonnes,annual,2026-05-01 00:00:00,2026-05-18 14:20:13.779009
HTI,manufacturing,iron-and-steel,2025-01-01 00:00:00,2025-12-31 00:00:00,co2e_100yr,0,tonnes,annual,2026-05-01 00:00:00,2026-05-18 14:20:13.779009
HTI,manufacturing,iron-and-steel,2026-01-01 00:00:00,2026-12-31 00:00:00,co2e_100yr,0,tonnes,annual,2026-05-01 00:00:00,2026-05-18 14:20:13.779009
HUN,manufacturing,iron-and-steel,2015-01-01 00:00:00,2015-12-31 00:00:00,co2e_100yr,13154879.151404588,tonnes,annual,2026-05-01 00:00:00,2026-05-18 14:20:13.779009
HUN,manufacturing,iron-and-steel,2016-01-01 00:00:00,2016-12-31 00:00:00,co2e_100yr,9133955.867035331,tonnes,annual,2026-05-01 00:00:00,2026-05-18 14:20:13.779009
HUN,manufacturing,iron-and-steel,2017-01-01 00:00:00,2017-12-31 00:00:00,co2e_100yr,14026902.261328198,tonnes,annual,2026-05-01 00:00:00,2026-05-18 14:20:13.779009
HUN,manufacturing,iron-and-steel,2018-01-01 00:00:00,2018-12-31 00:00:00,co2e_100yr,14527735.39756499,tonnes,annual,2026-05-01 00:00:00,2026-05-18 14:20:13.779009
HUN,manufacturing,iron-and-steel,2019-01-01 00:00:00,2019-12-31 00:00:00,co2e_100yr,12439551.379160224,tonnes,annual,2026-05-01 00:00:00,2026-05-18 14:20:13.779009
HUN,manufacturing,iron-and-steel,2020-01-01 00:00:00,2020-12-31 00:00:00,co2e_100yr,10398334.637786835,tonnes,annual,2026-05-01 00:00:00,2026-05-18 14:20:13.779009
HUN,manufacturing,iron-and-steel,2021-01-01 00:00:00,2021-12-31 00:00:00,co2e_100yr,2089536.330365,tonnes,annual,2026-05-01 00:00:00,2026-05-18 14:20:13.779009
HUN,manufacturing,iron-and-steel,2022-01-01 00:00:00,2022-12-31 00:00:00,co2e_100yr,1567847.3075342465,tonnes,annual,2026-05-01 00:00:00,2026-05-18 14:20:13.779009
HUN,manufacturing,iron-and-steel,2023-01-01 00:00:00,2023-12-31 00:00:00,co2e_100yr,692022.145951,tonnes,annual,2026-05-01 00:00:00,2026-05-18 14:20:13.779009
HUN,manufacturing,iron-and-steel,2024-01-01 00:00:00,2024-12-31 00:00:00,co2e_100yr,348000,tonnes,annual,2026-05-01 00:00:00,2026-05-18 14:20:13.779009
HUN,manufacturing,iron-and-steel,2025-01-01 00:00:00,2025-12-31 00:00:00,co2e_100yr,2203999.996749805,tonnes,annual,2026-05-01 00:00:00,2026-05-18 14:20:13.779009
HUN,manufacturing,iron-and-steel,2026-01-01 00:00:00,2026-12-31 00:00:00,co2e_100yr,388143.1377344328,tonnes,annual,2026-05-01 00:00:00,2026-05-18 14:20:13.779009
IDN,manufacturing,iron-and-steel,2015-01-01 00:00:00,2015-12-31 00:00:00,co2e_100yr,6094833.2242075605,tonnes,annual,2026-05-01 00:00:00,2026-05-18 14:20:13.779009
IDN,manufacturing,iron-and-steel,2016-01-01 00:00:00,2016-12-31 00:00:00,co2e_100yr,5958864.026499207,tonnes,annual,2026-05-01 00:00:00,2026-05-18 14:20:13.779009
IDN,manufacturing,iron-and-steel,2017-01-01 00:00:00,2017-12-31 00:00:00,co2e_100yr,6522832.597904854,tonnes,annual,2026-05-01 00:00:00,2026-05-18 14:20:13.779009
IDN,manufacturing,iron-and-steel,2018-01-01 00:00:00,2018-12-31 00:00:00,co2e_100yr,7763223.192996596,tonnes,annual,2026-05-01 00:00:00,2026-05-18 14:20:13.779009
IDN,manufacturing,iron-and-steel,2019-01-01 00:00:00,2019-12-31 00:00:00,co2e_100yr,10753838.651412863,tonnes,annual,2026-05-01 00:00:00,2026-05-18 14:20:13.779009
IDN,manufacturing,iron-and-steel,2020-01-01 00:00:00,2020-12-31 00:00:00,co2e_100yr,16161027.483808184,tonnes,annual,2026-05-01 00:00:00,2026-05-18 14:20:13.779009
IDN,manufacturing,iron-and-steel,2021-01-01 00:00:00,2021-12-31 00:00:00,co2e_100yr,18555728.251467988,tonnes,annual,2026-05-01 00:00:00,2026-05-18 14:20:13.779009
IDN,manufacturing,iron-and-steel,2022-01-01 00:00:00,2022-12-31 00:00:00,co2e_100yr,18663293.85848166,tonnes,annual,2026-05-01 00:00:00,2026-05-18 14:20:13.779009
IDN,manufacturing,iron-and-steel,2023-01-01 00:00:00,2023-12-31 00:00:00,co2e_100yr,19906897.983216085,tonnes,annual,2026-05-01 00:00:00,2026-05-18 14:20:13.779009
IDN,manufacturing,iron-and-steel,2024-01-01 00:00:00,2024-12-31 00:00:00,co2e_100yr,25395848.244589284,tonnes,annual,2026-05-01 00:00:00,2026-05-18 14:20:13.779009
IDN,manufacturing,iron-and-steel,2025-01-01 00:00:00,2025-12-31 00:00:00,co2e_100yr,25974456.41483171,tonnes,annual,2026-05-01 00:00:00,2026-05-18 14:20:13.779009
IDN,manufacturing,iron-and-steel,2026-01-01 00:00:00,2026-12-31 00:00:00,co2e_100yr,6945440.859802518,tonnes,annual,2026-05-01 00:00:00,2026-05-18 14:20:13.779009
IMN,manufacturing,iron-and-steel,2015-01-01 00:00:00,2015-12-31 00:00:00,co2e_100yr,0,tonnes,annual,2026-05-01 00:00:00,2026-05-18 14:20:13.779009
IMN,manufacturing,iron-and-steel,2016-01-01 00:00:00,2016-12-31 00:00:00,co2e_100yr,0,tonnes,annual,2026-05-01 00:00:00,2026-05-18 14:20:13.779009
IMN,manufacturing,iron-and-steel,2017-01-01 00:00:00,2017-12-31 00:00:00,co2e_100yr,0,tonnes,annual,2026-05-01 00:00:00,2026-05-18 14:20:13.779009
IMN,manufacturing,iron-and-steel,2018-01-01 00:00:00,2018-12-31 00:00:00,co2e_100yr,0,tonnes,annual,2026-05-01 00:00:00,2026-05-18 14:20:13.779009
IMN,manufacturing,iron-and-steel,2019-01-01 00:00:00,2019-12-31 00:00:00,co2e_100yr,0,tonnes,annual,2026-05-01 00:00:00,2026-05-18 14:20:13.779009
IMN,manufacturing,iron-and-steel,2020-01-01 00:00:00,2020-12-31 00:00:00,co2e_100yr,0,tonnes,annual,2026-05-01 00:00:00,2026-05-18 14:20:13.779009
IMN,manufacturing,iron-and-steel,2021-01-01 00:00:00,2021-12-31 00:00:00,co2e_100yr,0,tonnes,annual,2026-05-01 00:00:00,2026-05-18 14:20:13.779009
IMN,manufacturing,iron-and-steel,2022-01-01 00:00:00,2022-12-31 00:00:00,co2e_100yr,0,tonnes,annual,2026-05-01 00:00:00,2026-05-18 14:20:13.779009
IMN,manufacturing,iron-and-steel,2023-01-01 00:00:00,2023-12-31 00:00:00,co2e_100yr,0,tonnes,annual,2026-05-01 00:00:00,2026-05-18 14:20:13.779009
IMN,manufacturing,iron-and-steel,2024-01-01 00:00:00,2024-12-31 00:00:00,co2e_100yr,0,tonnes,annual,2026-05-01 00:00:00,2026-05-18 14:20:13.779009
IMN,manufacturing,iron-and-steel,2025-01-01 00:00:00,2025-12-31 00:00:00,co2e_100yr,0,tonnes,annual,2026-05-01 00:00:00,2026-05-18 14:20:13.779009
IMN,manufacturing,iron-and-steel,2026-01-01 00:00:00,2026-12-31 00:00:00,co2e_100yr,0,tonnes,annual,2026-05-01 00:00:00,2026-05-18 14:20:13.779009
IND,manufacturing,iron-and-steel,2015-01-01 00:00:00,2015-12-31 00:00:00,co2e_100yr,159463119.71780613,tonnes,annual,2026-05-01 00:00:00,2026-05-18 14:20:13.779009
IND,manufacturing,iron-and-steel,2016-01-01 00:00:00,2016-12-31 00:00:00,co2e_100yr,171016709.14181703,tonnes,annual,2026-05-01 00:00:00,2026-05-18 14:20:13.779009
IND,manufacturing,iron-and-steel,2017-01-01 00:00:00,2017-12-31 00:00:00,co2e_100yr,181879564.64124197,tonnes,annual,2026-05-01 00:00:00,2026-05-18 14:20:13.779009
IND,manufacturing,iron-and-steel,2018-01-01 00:00:00,2018-12-31 00:00:00,co2e_100yr,197062463.59540886,tonnes,annual,2026-05-01 00:00:00,2026-05-18 14:20:13.779009
IND,manufacturing,iron-and-steel,2019-01-01 00:00:00,2019-12-31 00:00:00,co2e_100yr,199824503.31863636,tonnes,annual,2026-05-01 00:00:00,2026-05-18 14:20:13.779009
IND,manufacturing,iron-and-steel,2020-01-01 00:00:00,2020-12-31 00:00:00,co2e_100yr,180129792.24319667,tonnes,annual,2026-05-01 00:00:00,2026-05-18 14:20:13.779009
IND,manufacturing,iron-and-steel,2021-01-01 00:00:00,2021-12-31 00:00:00,co2e_100yr,212123623.2706552,tonnes,annual,2026-05-01 00:00:00,2026-05-18 14:20:13.779009
IND,manufacturing,iron-and-steel,2022-01-01 00:00:00,2022-12-31 00:00:00,co2e_100yr,225168477.8434638,tonnes,annual,2026-05-01 00:00:00,2026-05-18 14:20:13.779009
IND,manufacturing,iron-and-steel,2023-01-01 00:00:00,2023-12-31 00:00:00,co2e_100yr,247635637.92197013,tonnes,annual,2026-05-01 00:00:00,2026-05-18 14:20:13.779009
IND,manufacturing,iron-and-steel,2024-01-01 00:00:00,2024-12-31 00:00:00,co2e_100yr,256274955.02924967,tonnes,annual,2026-05-01 00:00:00,2026-05-18 14:20:13.779009
IND,manufacturing,iron-and-steel,2025-01-01 00:00:00,2025-12-31 00:00:00,co2e_100yr,285519556.90643364,tonnes,annual,2026-05-01 00:00:00,2026-05-18 14:20:13.779009
IND,manufacturing,iron-and-steel,2026-01-01 00:00:00,2026-12-31 00:00:00,co2e_100yr,77480953.51051803,tonnes,annual,2026-05-01 00:00:00,2026-05-18 14:20:13.779009
IOT,manufacturing,iron-and-steel,2015-01-01 00:00:00,2015-12-31 00:00:00,co2e_100yr,0,tonnes,annual,2026-05-01 00:00:00,2026-05-18 14:20:13.779009
IOT,manufacturing,iron-and-steel,2016-01-01 00:00:00,2016-12-31 00:00:00,co2e_100yr,0,tonnes,annual,2026-05-01 00:00:00,2026-05-18 14:20:13.779009
IOT,manufacturing,iron-and-steel,2017-01-01 00:00:00,2017-12-31 00:00:00,co2e_100yr,0,tonnes,annual,2026-05-01 00:00:00,2026-05-18 14:20:13.779009
IOT,manufacturing,iron-and-steel,2018-01-01 00:00:00,2018-12-31 00:00:00,co2e_100yr,0,tonnes,annual,2026-05-01 00:00:00,2026-05-18 14:20:13.779009
IOT,manufacturing,iron-and-steel,2019-01-01 00:00:00,2019-12-31 00:00:00,co2e_100yr,0,tonnes,annual,2026-05-01 00:00:00,2026-05-18 14:20:13.779009
IOT,manufacturing,iron-and-steel,2020-01-01 00:00:00,2020-12-31 00:00:00,co2e_100yr,0,tonnes,annual,2026-05-01 00:00:00,2026-05-18 14:20:13.779009
IOT,manufacturing,iron-and-steel,2021-01-01 00:00:00,2021-12-31 00:00:00,co2e_100yr,0,tonnes,annual,2026-05-01 00:00:00,2026-05-18 14:20:13.779009
IOT,manufacturing,iron-and-steel,2022-01-01 00:00:00,2022-12-31 00:00:00,co2e_100yr,0,tonnes,annual,2026-05-01 00:00:00,2026-05-18 14:20:13.779009
IOT,manufacturing,iron-and-steel,2023-01-01 00:00:00,2023-12-31 00:00:00,co2e_100yr,0,tonnes,annual,2026-05-01 00:00:00,2026-05-18 14:20:13.779009
IOT,manufacturing,iron-and-steel,2024-01-01 00:00:00,2024-12-31 00:00:00,co2e_100yr,0,tonnes,annual,2026-05-01 00:00:00,2026-05-18 14:20:13.779009
IOT,manufacturing,iron-and-steel,2025-01-01 00:00:00,2025-12-31 00:00:00,co2e_100yr,0,tonnes,annual,2026-05-01 00:00:00,2026-05-18 14:20:13.779009
IOT,manufacturing,iron-and-steel,2026-01-01 00:00:00,2026-12-31 00:00:00,co2e_100yr,0,tonnes,annual,2026-05-01 00:00:00,2026-05-18 14:20:13.779009
IRL,manufacturing,iron-and-steel,2015-01-01 00:00:00,2015-12-31 00:00:00,co2e_100yr,0,tonnes,annual,2026-05-01 00:00:00,2026-05-18 14:20:13.779009
IRL,manufacturing,iron-and-steel,2016-01-01 00:00:00,2016-12-31 00:00:00,co2e_100yr,0,tonnes,annual,2026-05-01 00:00:00,2026-05-18 14:20:13.779009
IRL,manufacturing,iron-and-steel,2017-01-01 00:00:00,2017-12-31 00:00:00,co2e_100yr,0,tonnes,annual,2026-05-01 00:00:00,2026-05-18 14:20:13.779009
IRL,manufacturing,iron-and-steel,2018-01-01 00:00:00,2018-12-31 00:00:00,co2e_100yr,0,tonnes,annual,2026-05-01 00:00:00,2026-05-18 14:20:13.779009
IRL,manufacturing,iron-and-steel,2019-01-01 00:00:00,2019-12-31 00:00:00,co2e_100yr,0,tonnes,annual,2026-05-01 00:00:00,2026-05-18 14:20:13.779009
IRL,manufacturing,iron-and-steel,2020-01-01 00:00:00,2020-12-31 00:00:00,co2e_100yr,0,tonnes,annual,2026-05-01 00:00:00,2026-05-18 14:20:13.779009
IRL,manufacturing,iron-and-steel,2021-01-01 00:00:00,2021-12-31 00:00:00,co2e_100yr,0,tonnes,annual,2026-05-01 00:00:00,2026-05-18 14:20:13.779009
IRL,manufacturing,iron-and-steel,2022-01-01 00:00:00,2022-12-31 00:00:00,co2e_100yr,0,tonnes,annual,2026-05-01 00:00:00,2026-05-18 14:20:13.779009
IRL,manufacturing,iron-and-steel,2023-01-01 00:00:00,2023-12-31 00:00:00,co2e_100yr,0,tonnes,annual,2026-05-01 00:00:00,2026-05-18 14:20:13.779009
IRL,manufacturing,iron-and-steel,2024-01-01 00:00:00,2024-12-31 00:00:00,co2e_100yr,0,tonnes,annual,2026-05-01 00:00:00,2026-05-18 14:20:13.779009
IRL,manufacturing,iron-and-steel,2025-01-01 00:00:00,2025-12-31 00:00:00,co2e_100yr,0,tonnes,annual,2026-05-01 00:00:00,2026-05-18 14:20:13.779009
IRL,manufacturing,iron-and-steel,2026-01-01 00:00:00,2026-12-31 00:00:00,co2e_100yr,0,tonnes,annual,2026-05-01 00:00:00,2026-05-18 14:20:13.779009
IRN,manufacturing,iron-and-steel,2015-01-01 00:00:00,2015-12-31 00:00:00,co2e_100yr,16716481.234484877,tonnes,annual,2026-05-01 00:00:00,2026-05-18 14:20:13.779009
IRN,manufacturing,iron-and-steel,2016-01-01 00:00:00,2016-12-31 00:00:00,co2e_100yr,18354716.192497887,tonnes,annual,2026-05-01 00:00:00,2026-05-18 14:20:13.779009
IRN,manufacturing,iron-and-steel,2017-01-01 00:00:00,2017-12-31 00:00:00,co2e_100yr,21652561.263762362,tonnes,annual,2026-05-01 00:00:00,2026-05-18 14:20:13.779009
IRN,manufacturing,iron-and-steel,2018-01-01 00:00:00,2018-12-31 00:00:00,co2e_100yr,24887232.321709447,tonnes,annual,2026-05-01 00:00:00,2026-05-18 14:20:13.779009
IRN,manufacturing,iron-and-steel,2019-01-01 00:00:00,2019-12-31 00:00:00,co2e_100yr,26029612.6447644,tonnes,annual,2026-05-01 00:00:00,2026-05-18 14:20:13.779009
IRN,manufacturing,iron-and-steel,2020-01-01 00:00:00,2020-12-31 00:00:00,co2e_100yr,29372791.43646725,tonnes,annual,2026-05-01 00:00:00,2026-05-18 14:20:13.779009
IRN,manufacturing,iron-and-steel,2021-01-01 00:00:00,2021-12-31 00:00:00,co2e_100yr,29924121.583598766,tonnes,annual,2026-05-01 00:00:00,2026-05-18 14:20:13.779009
IRN,manufacturing,iron-and-steel,2022-01-01 00:00:00,2022-12-31 00:00:00,co2e_100yr,30621093.268201552,tonnes,annual,2026-05-01 00:00:00,2026-05-18 14:20:13.779009
IRN,manufacturing,iron-and-steel,2023-01-01 00:00:00,2023-12-31 00:00:00,co2e_100yr,29865276.369062033,tonnes,annual,2026-05-01 00:00:00,2026-05-18 14:20:13.779009
IRN,manufacturing,iron-and-steel,2024-01-01 00:00:00,2024-12-31 00:00:00,co2e_100yr,30230032.748629034,tonnes,annual,2026-05-01 00:00:00,2026-05-18 14:20:13.779009
IRN,manufacturing,iron-and-steel,2025-01-01 00:00:00,2025-12-31 00:00:00,co2e_100yr,31391170.394741338,tonnes,annual,2026-05-01 00:00:00,2026-05-18 14:20:13.779009
IRN,manufacturing,iron-and-steel,2026-01-01 00:00:00,2026-12-31 00:00:00,co2e_100yr,5659827.756076498,tonnes,annual,2026-05-01 00:00:00,2026-05-18 14:20:13.779009
IRQ,manufacturing,iron-and-steel,2015-01-01 00:00:00,2015-12-31 00:00:00,co2e_100yr,339632.9293732886,tonnes,annual,2026-05-01 00:00:00,2026-05-18 14:20:13.779009
IRQ,manufacturing,iron-and-steel,2016-01-01 00:00:00,2016-12-31 00:00:00,co2e_100yr,362275.12466484116,tonnes,annual,2026-05-01 00:00:00,2026-05-18 14:20:13.779009
IRQ,manufacturing,iron-and-steel,2017-01-01 00:00:00,2017-12-31 00:00:00,co2e_100yr,362275.1246648413,tonnes,annual,2026-05-01 00:00:00,2026-05-18 14:20:13.779009
IRQ,manufacturing,iron-and-steel,2018-01-01 00:00:00,2018-12-31 00:00:00,co2e_100yr,384917.3199563938,tonnes,annual,2026-05-01 00:00:00,2026-05-18 14:20:13.779009
IRQ,manufacturing,iron-and-steel,2019-01-01 00:00:00,2019-12-31 00:00:00,co2e_100yr,407559.51524794626,tonnes,annual,2026-05-01 00:00:00,2026-05-18 14:20:13.779009
IRQ,manufacturing,iron-and-steel,2020-01-01 00:00:00,2020-12-31 00:00:00,co2e_100yr,448315.46677274094,tonnes,annual,2026-05-01 00:00:00,2026-05-18 14:20:13.779009
IRQ,manufacturing,iron-and-steel,2021-01-01 00:00:00,2021-12-31 00:00:00,co2e_100yr,622660.3705176958,tonnes,annual,2026-05-01 00:00:00,2026-05-18 14:20:13.779009
IRQ,manufacturing,iron-and-steel,2022-01-01 00:00:00,2022-12-31 00:00:00,co2e_100yr,963975.0773760588,tonnes,annual,2026-05-01 00:00:00,2026-05-18 14:20:13.779009
IRQ,manufacturing,iron-and-steel,2023-01-01 00:00:00,2023-12-31 00:00:00,co2e_100yr,989074.5311933066,tonnes,annual,2026-05-01 00:00:00,2026-05-18 14:20:13.779009
IRQ,manufacturing,iron-and-steel,2024-01-01 00:00:00,2024-12-31 00:00:00,co2e_100yr,1084212.3717618096,tonnes,annual,2026-05-01 00:00:00,2026-05-18 14:20:13.779009
IRQ,manufacturing,iron-and-steel,2025-01-01 00:00:00,2025-12-31 00:00:00,co2e_100yr,1087802.478953074,tonnes,annual,2026-05-01 00:00:00,2026-05-18 14:20:13.779009
IRQ,manufacturing,iron-and-steel,2026-01-01 00:00:00,2026-12-31 00:00:00,co2e_100yr,278234.31017282885,tonnes,annual,2026-05-01 00:00:00,2026-05-18 14:20:13.779009
ISL,manufacturing,iron-and-steel,2015-01-01 00:00:00,2015-12-31 00:00:00,co2e_100yr,0,tonnes,annual,2026-05-01 00:00:00,2026-05-18 14:20:13.779009
ISL,manufacturing,iron-and-steel,2016-01-01 00:00:00,2016-12-31 00:00:00,co2e_100yr,0,tonnes,annual,2026-05-01 00:00:00,2026-05-18 14:20:13.779009
ISL,manufacturing,iron-and-steel,2017-01-01 00:00:00,2017-12-31 00:00:00,co2e_100yr,0,tonnes,annual,2026-05-01 00:00:00,2026-05-18 14:20:13.779009
ISL,manufacturing,iron-and-steel,2018-01-01 00:00:00,2018-12-31 00:00:00,co2e_100yr,0,tonnes,annual,2026-05-01 00:00:00,2026-05-18 14:20:13.779009
ISL,manufacturing,iron-and-steel,2019-01-01 00:00:00,2019-12-31 00:00:00,co2e_100yr,0,tonnes,annual,2026-05-01 00:00:00,2026-05-18 14:20:13.779009
ISL,manufacturing,iron-and-steel,2020-01-01 00:00:00,2020-12-31 00:00:00,co2e_100yr,0,tonnes,annual,2026-05-01 00:00:00,2026-05-18 14:20:13.779009
ISL,manufacturing,iron-and-steel,2021-01-01 00:00:00,2021-12-31 00:00:00,co2e_100yr,0,tonnes,annual,2026-05-01 00:00:00,2026-05-18 14:20:13.779009
ISL,manufacturing,iron-and-steel,2022-01-01 00:00:00,2022-12-31 00:00:00,co2e_100yr,0,tonnes,annual,2026-05-01 00:00:00,2026-05-18 14:20:13.779009
ISL,manufacturing,iron-and-steel,2023-01-01 00:00:00,2023-12-31 00:00:00,co2e_100yr,0,tonnes,annual,2026-05-01 00:00:00,2026-05-18 14:20:13.779009
ISL,manufacturing,iron-and-steel,2024-01-01 00:00:00,2024-12-31 00:00:00,co2e_100yr,0,tonnes,annual,2026-05-01 00:00:00,2026-05-18 14:20:13.779009
ISL,manufacturing,iron-and-steel,2025-01-01 00:00:00,2025-12-31 00:00:00,co2e_100yr,0,tonnes,annual,2026-05-01 00:00:00,2026-05-18 14:20:13.779009
ISL,manufacturing,iron-and-steel,2026-01-01 00:00:00,2026-12-31 00:00:00,co2e_100yr,0,tonnes,annual,2026-05-01 00:00:00,2026-05-18 14:20:13.779009
ISR,manufacturing,iron-and-steel,2015-01-01 00:00:00,2015-12-31 00:00:00,co2e_100yr,23999.999999999996,tonnes,annual,2026-05-01 00:00:00,2026-05-18 14:20:13.779009
ISR,manufacturing,iron-and-steel,2016-01-01 00:00:00,2016-12-31 00:00:00,co2e_100yr,24000,tonnes,annual,2026-05-01 00:00:00,2026-05-18 14:20:13.779009
ISR,manufacturing,iron-and-steel,2017-01-01 00:00:00,2017-12-31 00:00:00,co2e_100yr,23999.999999999996,tonnes,annual,2026-05-01 00:00:00,2026-05-18 14:20:13.779009
ISR,manufacturing,iron-and-steel,2018-01-01 00:00:00,2018-12-31 00:00:00,co2e_100yr,23999.999999999996,tonnes,annual,2026-05-01 00:00:00,2026-05-18 14:20:13.779009
ISR,manufacturing,iron-and-steel,2019-01-01 00:00:00,2019-12-31 00:00:00,co2e_100yr,23999.999999999996,tonnes,annual,2026-05-01 00:00:00,2026-05-18 14:20:13.779009
ISR,manufacturing,iron-and-steel,2020-01-01 00:00:00,2020-12-31 00:00:00,co2e_100yr,23999.999999999996,tonnes,annual,2026-05-01 00:00:00,2026-05-18 14:20:13.779009
ISR,manufacturing,iron-and-steel,2021-01-01 00:00:00,2021-12-31 00:00:00,co2e_100yr,23999.999999999996,tonnes,annual,2026-05-01 00:00:00,2026-05-18 14:20:13.779009
ISR,manufacturing,iron-and-steel,2022-01-01 00:00:00,2022-12-31 00:00:00,co2e_100yr,23999.999999999996,tonnes,annual,2026-05-01 00:00:00,2026-05-18 14:20:13.779009
ISR,manufacturing,iron-and-steel,2023-01-01 00:00:00,2023-12-31 00:00:00,co2e_100yr,23999.999999999996,tonnes,annual,2026-05-01 00:00:00,2026-05-18 14:20:13.779009
ISR,manufacturing,iron-and-steel,2024-01-01 00:00:00,2024-12-31 00:00:00,co2e_100yr,24000,tonnes,annual,2026-05-01 00:00:00,2026-05-18 14:20:13.779009
ISR,manufacturing,iron-and-steel,2025-01-01 00:00:00,2025-12-31 00:00:00,co2e_100yr,23999.999999999996,tonnes,annual,2026-05-01 00:00:00,2026-05-18 14:20:13.779009
ISR,manufacturing,iron-and-steel,2026-01-01 00:00:00,2026-12-31 00:00:00,co2e_100yr,6115.068493150685,tonnes,annual,2026-05-01 00:00:00,2026-05-18 14:20:13.779009
ITA,manufacturing,iron-and-steel,2015-01-01 00:00:00,2015-12-31 00:00:00,co2e_100yr,19547014.072716407,tonnes,annual,2026-05-01 00:00:00,2026-05-18 14:20:13.779009
ITA,manufacturing,iron-and-steel,2016-01-01 00:00:00,2016-12-31 00:00:00,co2e_100yr,22400288.238367382,tonnes,annual,2026-05-01 00:00:00,2026-05-18 14:20:13.779009
ITA,manufacturing,iron-and-steel,2017-01-01 00:00:00,2017-12-31 00:00:00,co2e_100yr,19946510.8605266,tonnes,annual,2026-05-01 00:00:00,2026-05-18 14:20:13.779009
ITA,manufacturing,iron-and-steel,2018-01-01 00:00:00,2018-12-31 00:00:00,co2e_100yr,19452265.96136851,tonnes,annual,2026-05-01 00:00:00,2026-05-18 14:20:13.779009
ITA,manufacturing,iron-and-steel,2019-01-01 00:00:00,2019-12-31 00:00:00,co2e_100yr,18218974.10189124,tonnes,annual,2026-05-01 00:00:00,2026-05-18 14:20:13.779009
ITA,manufacturing,iron-and-steel,2020-01-01 00:00:00,2020-12-31 00:00:00,co2e_100yr,14397397.360920032,tonnes,annual,2026-05-01 00:00:00,2026-05-18 14:20:13.779009
ITA,manufacturing,iron-and-steel,2021-01-01 00:00:00,2021-12-31 00:00:00,co2e_100yr,14223830.75606899,tonnes,annual,2026-05-01 00:00:00,2026-05-18 14:20:13.779009
ITA,manufacturing,iron-and-steel,2022-01-01 00:00:00,2022-12-31 00:00:00,co2e_100yr,13174171.75895234,tonnes,annual,2026-05-01 00:00:00,2026-05-18 14:20:13.779009
ITA,manufacturing,iron-and-steel,2023-01-01 00:00:00,2023-12-31 00:00:00,co2e_100yr,13072856.190776387,tonnes,annual,2026-05-01 00:00:00,2026-05-18 14:20:13.779009
ITA,manufacturing,iron-and-steel,2024-01-01 00:00:00,2024-12-31 00:00:00,co2e_100yr,12684241.872965505,tonnes,annual,2026-05-01 00:00:00,2026-05-18 14:20:13.779009
ITA,manufacturing,iron-and-steel,2025-01-01 00:00:00,2025-12-31 00:00:00,co2e_100yr,14348810.338260684,tonnes,annual,2026-05-01 00:00:00,2026-05-18 14:20:13.779009
ITA,manufacturing,iron-and-steel,2026-01-01 00:00:00,2026-12-31 00:00:00,co2e_100yr,3726465.7243644176,tonnes,annual,2026-05-01 00:00:00,2026-05-18 14:20:13.779009
JAM,manufacturing,iron-and-steel,2015-01-01 00:00:00,2015-12-31 00:00:00,co2e_100yr,0,tonnes,annual,2026-05-01 00:00:00,2026-05-18 14:20:13.779009
JAM,manufacturing,iron-and-steel,2016-01-01 00:00:00,2016-12-31 00:00:00,co2e_100yr,0,tonnes,annual,2026-05-01 00:00:00,2026-05-18 14:20:13.779009
JAM,manufacturing,iron-and-steel,2017-01-01 00:00:00,2017-12-31 00:00:00,co2e_100yr,0,tonnes,annual,2026-05-01 00:00:00,2026-05-18 14:20:13.779009
JAM,manufacturing,iron-and-steel,2018-01-01 00:00:00,2018-12-31 00:00:00,co2e_100yr,0,tonnes,annual,2026-05-01 00:00:00,2026-05-18 14:20:13.779009
JAM,manufacturing,iron-and-steel,2019-01-01 00:00:00,2019-12-31 00:00:00,co2e_100yr,0,tonnes,annual,2026-05-01 00:00:00,2026-05-18 14:20:13.779009
JAM,manufacturing,iron-and-steel,2020-01-01 00:00:00,2020-12-31 00:00:00,co2e_100yr,0,tonnes,annual,2026-05-01 00:00:00,2026-05-18 14:20:13.779009
JAM,manufacturing,iron-and-steel,2021-01-01 00:00:00,2021-12-31 00:00:00,co2e_100yr,0,tonnes,annual,2026-05-01 00:00:00,2026-05-18 14:20:13.779009
JAM,manufacturing,iron-and-steel,2022-01-01 00:00:00,2022-12-31 00:00:00,co2e_100yr,0,tonnes,annual,2026-05-01 00:00:00,2026-05-18 14:20:13.779009
JAM,manufacturing,iron-and-steel,2023-01-01 00:00:00,2023-12-31 00:00:00,co2e_100yr,0,tonnes,annual,2026-05-01 00:00:00,2026-05-18 14:20:13.779009
JAM,manufacturing,iron-and-steel,2024-01-01 00:00:00,2024-12-31 00:00:00,co2e_100yr,0,tonnes,annual,2026-05-01 00:00:00,2026-05-18 14:20:13.779009
JAM,manufacturing,iron-and-steel,2025-01-01 00:00:00,2025-12-31 00:00:00,co2e_100yr,0,tonnes,annual,2026-05-01 00:00:00,2026-05-18 14:20:13.779009
JAM,manufacturing,iron-and-steel,2026-01-01 00:00:00,2026-12-31 00:00:00,co2e_100yr,0,tonnes,annual,2026-05-01 00:00:00,2026-05-18 14:20:13.779009
JEY,manufacturing,iron-and-steel,2015-01-01 00:00:00,2015-12-31 00:00:00,co2e_100yr,0,tonnes,annual,2026-05-01 00:00:00,2026-05-18 14:20:13.779009
JEY,manufacturing,iron-and-steel,2016-01-01 00:00:00,2016-12-31 00:00:00,co2e_100yr,0,tonnes,annual,2026-05-01 00:00:00,2026-05-18 14:20:13.779009
JEY,manufacturing,iron-and-steel,2017-01-01 00:00:00,2017-12-31 00:00:00,co2e_100yr,0,tonnes,annual,2026-05-01 00:00:00,2026-05-18 14:20:13.779009
JEY,manufacturing,iron-and-steel,2018-01-01 00:00:00,2018-12-31 00:00:00,co2e_100yr,0,tonnes,annual,2026-05-01 00:00:00,2026-05-18 14:20:13.779009
JEY,manufacturing,iron-and-steel,2019-01-01 00:00:00,2019-12-31 00:00:00,co2e_100yr,0,tonnes,annual,2026-05-01 00:00:00,2026-05-18 14:20:13.779009
JEY,manufacturing,iron-and-steel,2020-01-01 00:00:00,2020-12-31 00:00:00,co2e_100yr,0,tonnes,annual,2026-05-01 00:00:00,2026-05-18 14:20:13.779009
JEY,manufacturing,iron-and-steel,2021-01-01 00:00:00,2021-12-31 00:00:00,co2e_100yr,0,tonnes,annual,2026-05-01 00:00:00,2026-05-18 14:20:13.779009
JEY,manufacturing,iron-and-steel,2022-01-01 00:00:00,2022-12-31 00:00:00,co2e_100yr,0,tonnes,annual,2026-05-01 00:00:00,2026-05-18 14:20:13.779009
JEY,manufacturing,iron-and-steel,2023-01-01 00:00:00,2023-12-31 00:00:00,co2e_100yr,0,tonnes,annual,2026-05-01 00:00:00,2026-05-18 14:20:13.779009
JEY,manufacturing,iron-and-steel,2024-01-01 00:00:00,2024-12-31 00:00:00,co2e_100yr,0,tonnes,annual,2026-05-01 00:00:00,2026-05-18 14:20:13.779009
JEY,manufacturing,iron-and-steel,2025-01-01 00:00:00,2025-12-31 00:00:00,co2e_100yr,0,tonnes,annual,2026-05-01 00:00:00,2026-05-18 14:20:13.779009
JEY,manufacturing,iron-and-steel,2026-01-01 00:00:00,2026-12-31 00:00:00,co2e_100yr,0,tonnes,annual,2026-05-01 00:00:00,2026-05-18 14:20:13.779009
JOR,manufacturing,iron-and-steel,2015-01-01 00:00:00,2015-12-31 00:00:00,co2e_100yr,23999.999999999996,tonnes,annual,2026-05-01 00:00:00,2026-05-18 14:20:13.779009
JOR,manufacturing,iron-and-steel,2016-01-01 00:00:00,2016-12-31 00:00:00,co2e_100yr,26399.999999999996,tonnes,annual,2026-05-01 00:00:00,2026-05-18 14:20:13.779009
JOR,manufacturing,iron-and-steel,2017-01-01 00:00:00,2017-12-31 00:00:00,co2e_100yr,26400.000000000007,tonnes,annual,2026-05-01 00:00:00,2026-05-18 14:20:13.779009
JOR,manufacturing,iron-and-steel,2018-01-01 00:00:00,2018-12-31 00:00:00,co2e_100yr,28000,tonnes,annual,2026-05-01 00:00:00,2026-05-18 14:20:13.779009
JOR,manufacturing,iron-and-steel,2019-01-01 00:00:00,2019-12-31 00:00:00,co2e_100yr,28000,tonnes,annual,2026-05-01 00:00:00,2026-05-18 14:20:13.779009
JOR,manufacturing,iron-and-steel,2020-01-01 00:00:00,2020-12-31 00:00:00,co2e_100yr,28000.000000000004,tonnes,annual,2026-05-01 00:00:00,2026-05-18 14:20:13.779009
JOR,manufacturing,iron-and-steel,2021-01-01 00:00:00,2021-12-31 00:00:00,co2e_100yr,28000,tonnes,annual,2026-05-01 00:00:00,2026-05-18 14:20:13.779009
JOR,manufacturing,iron-and-steel,2022-01-01 00:00:00,2022-12-31 00:00:00,co2e_100yr,28000,tonnes,annual,2026-05-01 00:00:00,2026-05-18 14:20:13.779009
JOR,manufacturing,iron-and-steel,2023-01-01 00:00:00,2023-12-31 00:00:00,co2e_100yr,24000,tonnes,annual,2026-05-01 00:00:00,2026-05-18 14:20:13.779009
JOR,manufacturing,iron-and-steel,2024-01-01 00:00:00,2024-12-31 00:00:00,co2e_100yr,24000,tonnes,annual,2026-05-01 00:00:00,2026-05-18 14:20:13.779009
JOR,manufacturing,iron-and-steel,2025-01-01 00:00:00,2025-12-31 00:00:00,co2e_100yr,24000,tonnes,annual,2026-05-01 00:00:00,2026-05-18 14:20:13.779009
JOR,manufacturing,iron-and-steel,2026-01-01 00:00:00,2026-12-31 00:00:00,co2e_100yr,6400,tonnes,annual,2026-05-01 00:00:00,2026-05-18 14:20:13.779009
JPN,manufacturing,iron-and-steel,2015-01-01 00:00:00,2015-12-31 00:00:00,co2e_100yr,154067865.35628134,tonnes,annual,2026-05-01 00:00:00,2026-05-18 14:20:13.779009
JPN,manufacturing,iron-and-steel,2016-01-01 00:00:00,2016-12-31 00:00:00,co2e_100yr,154841271.95901412,tonnes,annual,2026-05-01 00:00:00,2026-05-18 14:20:13.779009
JPN,manufacturing,iron-and-steel,2017-01-01 00:00:00,2017-12-31 00:00:00,co2e_100yr,150963430.4519891,tonnes,annual,2026-05-01 00:00:00,2026-05-18 14:20:13.779009
JPN,manufacturing,iron-and-steel,2018-01-01 00:00:00,2018-12-31 00:00:00,co2e_100yr,148991014.21440908,tonnes,annual,2026-05-01 00:00:00,2026-05-18 14:20:13.779009
JPN,manufacturing,iron-and-steel,2019-01-01 00:00:00,2019-12-31 00:00:00,co2e_100yr,142679901.39507774,tonnes,annual,2026-05-01 00:00:00,2026-05-18 14:20:13.779009
JPN,manufacturing,iron-and-steel,2020-01-01 00:00:00,2020-12-31 00:00:00,co2e_100yr,118219615.2802806,tonnes,annual,2026-05-01 00:00:00,2026-05-18 14:20:13.779009
JPN,manufacturing,iron-and-steel,2021-01-01 00:00:00,2021-12-31 00:00:00,co2e_100yr,136583207.45356697,tonnes,annual,2026-05-01 00:00:00,2026-05-18 14:20:13.779009
JPN,manufacturing,iron-and-steel,2022-01-01 00:00:00,2022-12-31 00:00:00,co2e_100yr,123503825.79955208,tonnes,annual,2026-05-01 00:00:00,2026-05-18 14:20:13.779009
JPN,manufacturing,iron-and-steel,2023-01-01 00:00:00,2023-12-31 00:00:00,co2e_100yr,121610791.18236257,tonnes,annual,2026-05-01 00:00:00,2026-05-18 14:20:13.779009
JPN,manufacturing,iron-and-steel,2024-01-01 00:00:00,2024-12-31 00:00:00,co2e_100yr,118858367.37008809,tonnes,annual,2026-05-01 00:00:00,2026-05-18 14:20:13.779009
JPN,manufacturing,iron-and-steel,2025-01-01 00:00:00,2025-12-31 00:00:00,co2e_100yr,114434035.21443908,tonnes,annual,2026-05-01 00:00:00,2026-05-18 14:20:13.779009
JPN,manufacturing,iron-and-steel,2026-01-01 00:00:00,2026-12-31 00:00:00,co2e_100yr,28429951.11800825,tonnes,annual,2026-05-01 00:00:00,2026-05-18 14:20:13.779009
KAZ,manufacturing,iron-and-steel,2015-01-01 00:00:00,2015-12-31 00:00:00,co2e_100yr,7341612.1158261215,tonnes,annual,2026-05-01 00:00:00,2026-05-18 14:20:13.779009
KAZ,manufacturing,iron-and-steel,2016-01-01 00:00:00,2016-12-31 00:00:00,co2e_100yr,8053241.525518733,tonnes,annual,2026-05-01 00:00:00,2026-05-18 14:20:13.779009
KAZ,manufacturing,iron-and-steel,2017-01-01 00:00:00,2017-12-31 00:00:00,co2e_100yr,8714174.380958831,tonnes,annual,2026-05-01 00:00:00,2026-05-18 14:20:13.779009
KAZ,manufacturing,iron-and-steel,2018-01-01 00:00:00,2018-12-31 00:00:00,co2e_100yr,7447611.100167486,tonnes,annual,2026-05-01 00:00:00,2026-05-18 14:20:13.779009
KAZ,manufacturing,iron-and-steel,2019-01-01 00:00:00,2019-12-31 00:00:00,co2e_100yr,7762934.279367296,tonnes,annual,2026-05-01 00:00:00,2026-05-18 14:20:13.779009
KAZ,manufacturing,iron-and-steel,2020-01-01 00:00:00,2020-12-31 00:00:00,co2e_100yr,7307818.168291431,tonnes,annual,2026-05-01 00:00:00,2026-05-18 14:20:13.779009
KAZ,manufacturing,iron-and-steel,2021-01-01 00:00:00,2021-12-31 00:00:00,co2e_100yr,8088521.291988116,tonnes,annual,2026-05-01 00:00:00,2026-05-18 14:20:13.779009
KAZ,manufacturing,iron-and-steel,2022-01-01 00:00:00,2022-12-31 00:00:00,co2e_100yr,8027149.6419662945,tonnes,annual,2026-05-01 00:00:00,2026-05-18 14:20:13.779009
KAZ,manufacturing,iron-and-steel,2023-01-01 00:00:00,2023-12-31 00:00:00,co2e_100yr,8027681.523076924,tonnes,annual,2026-05-01 00:00:00,2026-05-18 14:20:13.779009
KAZ,manufacturing,iron-and-steel,2024-01-01 00:00:00,2024-12-31 00:00:00,co2e_100yr,8548624.107692307,tonnes,annual,2026-05-01 00:00:00,2026-05-18 14:20:13.779009
KAZ,manufacturing,iron-and-steel,2025-01-01 00:00:00,2025-12-31 00:00:00,co2e_100yr,8472709.607692307,tonnes,annual,2026-05-01 00:00:00,2026-05-18 14:20:13.779009
KAZ,manufacturing,iron-and-steel,2026-01-01 00:00:00,2026-12-31 00:00:00,co2e_100yr,1976668.7999999998,tonnes,annual,2026-05-01 00:00:00,2026-05-18 14:20:13.779009
KEN,manufacturing,iron-and-steel,2015-01-01 00:00:00,2015-12-31 00:00:00,co2e_100yr,328105.59006211185,tonnes,annual,2026-05-01 00:00:00,2026-05-18 14:20:13.779009
KEN,manufacturing,iron-and-steel,2016-01-01 00:00:00,2016-12-31 00:00:00,co2e_100yr,355447.7225672879,tonnes,annual,2026-05-01 00:00:00,2026-05-18 14:20:13.779009
KEN,manufacturing,iron-and-steel,2017-01-01 00:00:00,2017-12-31 00:00:00,co2e_100yr,382789.8550724638,tonnes,annual,2026-05-01 00:00:00,2026-05-18 14:20:13.779009
KEN,manufacturing,iron-and-steel,2018-01-01 00:00:00,2018-12-31 00:00:00,co2e_100yr,410131.98757763975,tonnes,annual,2026-05-01 00:00:00,2026-05-18 14:20:13.779009
KEN,manufacturing,iron-and-steel,2019-01-01 00:00:00,2019-12-31 00:00:00,co2e_100yr,437474.12008281576,tonnes,annual,2026-05-01 00:00:00,2026-05-18 14:20:13.779009
KEN,manufacturing,iron-and-steel,2020-01-01 00:00:00,2020-12-31 00:00:00,co2e_100yr,421068.84057971014,tonnes,annual,2026-05-01 00:00:00,2026-05-18 14:20:13.779009
KEN,manufacturing,iron-and-steel,2021-01-01 00:00:00,2021-12-31 00:00:00,co2e_100yr,485000.00000000006,tonnes,annual,2026-05-01 00:00:00,2026-05-18 14:20:13.779009
KEN,manufacturing,iron-and-steel,2022-01-01 00:00:00,2022-12-31 00:00:00,co2e_100yr,673150.6849315066,tonnes,annual,2026-05-01 00:00:00,2026-05-18 14:20:13.779009
KEN,manufacturing,iron-and-steel,2023-01-01 00:00:00,2023-12-31 00:00:00,co2e_100yr,1364999.9999999998,tonnes,annual,2026-05-01 00:00:00,2026-05-18 14:20:13.779009
KEN,manufacturing,iron-and-steel,2024-01-01 00:00:00,2024-12-31 00:00:00,co2e_100yr,1749999.9999999995,tonnes,annual,2026-05-01 00:00:00,2026-05-18 14:20:13.779009
KEN,manufacturing,iron-and-steel,2025-01-01 00:00:00,2025-12-31 00:00:00,co2e_100yr,1800000,tonnes,annual,2026-05-01 00:00:00,2026-05-18 14:20:13.779009
KEN,manufacturing,iron-and-steel,2026-01-01 00:00:00,2026-12-31 00:00:00,co2e_100yr,332500.93826233817,tonnes,annual,2026-05-01 00:00:00,2026-05-18 14:20:13.779009
KGZ,manufacturing,iron-and-steel,2015-01-01 00:00:00,2015-12-31 00:00:00,co2e_100yr,0,tonnes,annual,2026-05-01 00:00:00,2026-05-18 14:20:13.779009
KGZ,manufacturing,iron-and-steel,2016-01-01 00:00:00,2016-12-31 00:00:00,co2e_100yr,0,tonnes,annual,2026-05-01 00:00:00,2026-05-18 14:20:13.779009
KGZ,manufacturing,iron-and-steel,2017-01-01 00:00:00,2017-12-31 00:00:00,co2e_100yr,0,tonnes,annual,2026-05-01 00:00:00,2026-05-18 14:20:13.779009
KGZ,manufacturing,iron-and-steel,2018-01-01 00:00:00,2018-12-31 00:00:00,co2e_100yr,0,tonnes,annual,2026-05-01 00:00:00,2026-05-18 14:20:13.779009
KGZ,manufacturing,iron-and-steel,2019-01-01 00:00:00,2019-12-31 00:00:00,co2e_100yr,0,tonnes,annual,2026-05-01 00:00:00,2026-05-18 14:20:13.779009
KGZ,manufacturing,iron-and-steel,2020-01-01 00:00:00,2020-12-31 00:00:00,co2e_100yr,0,tonnes,annual,2026-05-01 00:00:00,2026-05-18 14:20:13.779009
KGZ,manufacturing,iron-and-steel,2021-01-01 00:00:00,2021-12-31 00:00:00,co2e_100yr,0,tonnes,annual,2026-05-01 00:00:00,2026-05-18 14:20:13.779009
KGZ,manufacturing,iron-and-steel,2022-01-01 00:00:00,2022-12-31 00:00:00,co2e_100yr,0,tonnes,annual,2026-05-01 00:00:00,2026-05-18 14:20:13.779009
KGZ,manufacturing,iron-and-steel,2023-01-01 00:00:00,2023-12-31 00:00:00,co2e_100yr,0,tonnes,annual,2026-05-01 00:00:00,2026-05-18 14:20:13.779009
KGZ,manufacturing,iron-and-steel,2024-01-01 00:00:00,2024-12-31 00:00:00,co2e_100yr,0,tonnes,annual,2026-05-01 00:00:00,2026-05-18 14:20:13.779009
KGZ,manufacturing,iron-and-steel,2025-01-01 00:00:00,2025-12-31 00:00:00,co2e_100yr,0,tonnes,annual,2026-05-01 00:00:00,2026-05-18 14:20:13.779009
KGZ,manufacturing,iron-and-steel,2026-01-01 00:00:00,2026-12-31 00:00:00,co2e_100yr,0,tonnes,annual,2026-05-01 00:00:00,2026-05-18 14:20:13.779009
KHM,manufacturing,iron-and-steel,2015-01-01 00:00:00,2015-12-31 00:00:00,co2e_100yr,0,tonnes,annual,2026-05-01 00:00:00,2026-05-18 14:20:13.779009
KHM,manufacturing,iron-and-steel,2016-01-01 00:00:00,2016-12-31 00:00:00,co2e_100yr,0,tonnes,annual,2026-05-01 00:00:00,2026-05-18 14:20:13.779009
KHM,manufacturing,iron-and-steel,2017-01-01 00:00:00,2017-12-31 00:00:00,co2e_100yr,0,tonnes,annual,2026-05-01 00:00:00,2026-05-18 14:20:13.779009
KHM,manufacturing,iron-and-steel,2018-01-01 00:00:00,2018-12-31 00:00:00,co2e_100yr,0,tonnes,annual,2026-05-01 00:00:00,2026-05-18 14:20:13.779009
KHM,manufacturing,iron-and-steel,2019-01-01 00:00:00,2019-12-31 00:00:00,co2e_100yr,0,tonnes,annual,2026-05-01 00:00:00,2026-05-18 14:20:13.779009
KHM,manufacturing,iron-and-steel,2020-01-01 00:00:00,2020-12-31 00:00:00,co2e_100yr,0,tonnes,annual,2026-05-01 00:00:00,2026-05-18 14:20:13.779009
KHM,manufacturing,iron-and-steel,2021-01-01 00:00:00,2021-12-31 00:00:00,co2e_100yr,0,tonnes,annual,2026-05-01 00:00:00,2026-05-18 14:20:13.779009
KHM,manufacturing,iron-and-steel,2022-01-01 00:00:00,2022-12-31 00:00:00,co2e_100yr,0,tonnes,annual,2026-05-01 00:00:00,2026-05-18 14:20:13.779009
KHM,manufacturing,iron-and-steel,2023-01-01 00:00:00,2023-12-31 00:00:00,co2e_100yr,0,tonnes,annual,2026-05-01 00:00:00,2026-05-18 14:20:13.779009
KHM,manufacturing,iron-and-steel,2024-01-01 00:00:00,2024-12-31 00:00:00,co2e_100yr,0,tonnes,annual,2026-05-01 00:00:00,2026-05-18 14:20:13.779009
KHM,manufacturing,iron-and-steel,2025-01-01 00:00:00,2025-12-31 00:00:00,co2e_100yr,0,tonnes,annual,2026-05-01 00:00:00,2026-05-18 14:20:13.779009
KHM,manufacturing,iron-and-steel,2026-01-01 00:00:00,2026-12-31 00:00:00,co2e_100yr,0,tonnes,annual,2026-05-01 00:00:00,2026-05-18 14:20:13.779009
KIR,manufacturing,iron-and-steel,2015-01-01 00:00:00,2015-12-31 00:00:00,co2e_100yr,0,tonnes,annual,2026-05-01 00:00:00,2026-05-18 14:20:13.779009
KIR,manufacturing,iron-and-steel,2016-01-01 00:00:00,2016-12-31 00:00:00,co2e_100yr,0,tonnes,annual,2026-05-01 00:00:00,2026-05-18 14:20:13.779009
KIR,manufacturing,iron-and-steel,2017-01-01 00:00:00,2017-12-31 00:00:00,co2e_100yr,0,tonnes,annual,2026-05-01 00:00:00,2026-05-18 14:20:13.779009
KIR,manufacturing,iron-and-steel,2018-01-01 00:00:00,2018-12-31 00:00:00,co2e_100yr,0,tonnes,annual,2026-05-01 00:00:00,2026-05-18 14:20:13.779009
KIR,manufacturing,iron-and-steel,2019-01-01 00:00:00,2019-12-31 00:00:00,co2e_100yr,0,tonnes,annual,2026-05-01 00:00:00,2026-05-18 14:20:13.779009
KIR,manufacturing,iron-and-steel,2020-01-01 00:00:00,2020-12-31 00:00:00,co2e_100yr,0,tonnes,annual,2026-05-01 00:00:00,2026-05-18 14:20:13.779009
KIR,manufacturing,iron-and-steel,2021-01-01 00:00:00,2021-12-31 00:00:00,co2e_100yr,0,tonnes,annual,2026-05-01 00:00:00,2026-05-18 14:20:13.779009
KIR,manufacturing,iron-and-steel,2022-01-01 00:00:00,2022-12-31 00:00:00,co2e_100yr,0,tonnes,annual,2026-05-01 00:00:00,2026-05-18 14:20:13.779009
KIR,manufacturing,iron-and-steel,2023-01-01 00:00:00,2023-12-31 00:00:00,co2e_100yr,0,tonnes,annual,2026-05-01 00:00:00,2026-05-18 14:20:13.779009
KIR,manufacturing,iron-and-steel,2024-01-01 00:00:00,2024-12-31 00:00:00,co2e_100yr,0,tonnes,annual,2026-05-01 00:00:00,2026-05-18 14:20:13.779009
KIR,manufacturing,iron-and-steel,2025-01-01 00:00:00,2025-12-31 00:00:00,co2e_100yr,0,tonnes,annual,2026-05-01 00:00:00,2026-05-18 14:20:13.779009
KIR,manufacturing,iron-and-steel,2026-01-01 00:00:00,2026-12-31 00:00:00,co2e_100yr,0,tonnes,annual,2026-05-01 00:00:00,2026-05-18 14:20:13.779009
KNA,manufacturing,iron-and-steel,2015-01-01 00:00:00,2015-12-31 00:00:00,co2e_100yr,0,tonnes,annual,2026-05-01 00:00:00,2026-05-18 14:20:13.779009
KNA,manufacturing,iron-and-steel,2016-01-01 00:00:00,2016-12-31 00:00:00,co2e_100yr,0,tonnes,annual,2026-05-01 00:00:00,2026-05-18 14:20:13.779009
KNA,manufacturing,iron-and-steel,2017-01-01 00:00:00,2017-12-31 00:00:00,co2e_100yr,0,tonnes,annual,2026-05-01 00:00:00,2026-05-18 14:20:13.779009
KNA,manufacturing,iron-and-steel,2018-01-01 00:00:00,2018-12-31 00:00:00,co2e_100yr,0,tonnes,annual,2026-05-01 00:00:00,2026-05-18 14:20:13.779009
KNA,manufacturing,iron-and-steel,2019-01-01 00:00:00,2019-12-31 00:00:00,co2e_100yr,0,tonnes,annual,2026-05-01 00:00:00,2026-05-18 14:20:13.779009
KNA,manufacturing,iron-and-steel,2020-01-01 00:00:00,2020-12-31 00:00:00,co2e_100yr,0,tonnes,annual,2026-05-01 00:00:00,2026-05-18 14:20:13.779009
KNA,manufacturing,iron-and-steel,2021-01-01 00:00:00,2021-12-31 00:00:00,co2e_100yr,0,tonnes,annual,2026-05-01 00:00:00,2026-05-18 14:20:13.779009
KNA,manufacturing,iron-and-steel,2022-01-01 00:00:00,2022-12-31 00:00:00,co2e_100yr,0,tonnes,annual,2026-05-01 00:00:00,2026-05-18 14:20:13.779009
KNA,manufacturing,iron-and-steel,2023-01-01 00:00:00,2023-12-31 00:00:00,co2e_100yr,0,tonnes,annual,2026-05-01 00:00:00,2026-05-18 14:20:13.779009
KNA,manufacturing,iron-and-steel,2024-01-01 00:00:00,2024-12-31 00:00:00,co2e_100yr,0,tonnes,annual,2026-05-01 00:00:00,2026-05-18 14:20:13.779009
KNA,manufacturing,iron-and-steel,2025-01-01 00:00:00,2025-12-31 00:00:00,co2e_100yr,0,tonnes,annual,2026-05-01 00:00:00,2026-05-18 14:20:13.779009
KNA,manufacturing,iron-and-steel,2026-01-01 00:00:00,2026-12-31 00:00:00,co2e_100yr,0,tonnes,annual,2026-05-01 00:00:00,2026-05-18 14:20:13.779009
KOR,manufacturing,iron-and-steel,2015-01-01 00:00:00,2015-12-31 00:00:00,co2e_100yr,89929665.40978256,tonnes,annual,2026-05-01 00:00:00,2026-05-18 14:20:13.779009
KOR,manufacturing,iron-and-steel,2016-01-01 00:00:00,2016-12-31 00:00:00,co2e_100yr,88180577.07294421,tonnes,annual,2026-05-01 00:00:00,2026-05-18 14:20:13.779009
KOR,manufacturing,iron-and-steel,2017-01-01 00:00:00,2017-12-31 00:00:00,co2e_100yr,88783591.4243187,tonnes,annual,2026-05-01 00:00:00,2026-05-18 14:20:13.779009
KOR,manufacturing,iron-and-steel,2018-01-01 00:00:00,2018-12-31 00:00:00,co2e_100yr,89984172.63291748,tonnes,annual,2026-05-01 00:00:00,2026-05-18 14:20:13.779009
KOR,manufacturing,iron-and-steel,2019-01-01 00:00:00,2019-12-31 00:00:00,co2e_100yr,90544157.07200249,tonnes,annual,2026-05-01 00:00:00,2026-05-18 14:20:13.779009
KOR,manufacturing,iron-and-steel,2020-01-01 00:00:00,2020-12-31 00:00:00,co2e_100yr,85926821.09281668,tonnes,annual,2026-05-01 00:00:00,2026-05-18 14:20:13.779009
KOR,manufacturing,iron-and-steel,2021-01-01 00:00:00,2021-12-31 00:00:00,co2e_100yr,89382068.64904922,tonnes,annual,2026-05-01 00:00:00,2026-05-18 14:20:13.779009
KOR,manufacturing,iron-and-steel,2022-01-01 00:00:00,2022-12-31 00:00:00,co2e_100yr,84681298.06403044,tonnes,annual,2026-05-01 00:00:00,2026-05-18 14:20:13.779009
KOR,manufacturing,iron-and-steel,2023-01-01 00:00:00,2023-12-31 00:00:00,co2e_100yr,88064235.01912047,tonnes,annual,2026-05-01 00:00:00,2026-05-18 14:20:13.779009
KOR,manufacturing,iron-and-steel,2024-01-01 00:00:00,2024-12-31 00:00:00,co2e_100yr,83534905.4457297,tonnes,annual,2026-05-01 00:00:00,2026-05-18 14:20:13.779009
KOR,manufacturing,iron-and-steel,2025-01-01 00:00:00,2025-12-31 00:00:00,co2e_100yr,82917526.65257375,tonnes,annual,2026-05-01 00:00:00,2026-05-18 14:20:13.779009
KOR,manufacturing,iron-and-steel,2026-01-01 00:00:00,2026-12-31 00:00:00,co2e_100yr,21219521.656958044,tonnes,annual,2026-05-01 00:00:00,2026-05-18 14:20:13.779009
KWT,manufacturing,iron-and-steel,2015-01-01 00:00:00,2015-12-31 00:00:00,co2e_100yr,342144.00000000006,tonnes,annual,2026-05-01 00:00:00,2026-05-18 14:20:13.779009
KWT,manufacturing,iron-and-steel,2016-01-01 00:00:00,2016-12-31 00:00:00,co2e_100yr,342144.00000000006,tonnes,annual,2026-05-01 00:00:00,2026-05-18 14:20:13.779009
KWT,manufacturing,iron-and-steel,2017-01-01 00:00:00,2017-12-31 00:00:00,co2e_100yr,342144.00000000006,tonnes,annual,2026-05-01 00:00:00,2026-05-18 14:20:13.779009
KWT,manufacturing,iron-and-steel,2018-01-01 00:00:00,2018-12-31 00:00:00,co2e_100yr,343200,tonnes,annual,2026-05-01 00:00:00,2026-05-18 14:20:13.779009
KWT,manufacturing,iron-and-steel,2019-01-01 00:00:00,2019-12-31 00:00:00,co2e_100yr,335280,tonnes,annual,2026-05-01 00:00:00,2026-05-18 14:20:13.779009
KWT,manufacturing,iron-and-steel,2020-01-01 00:00:00,2020-12-31 00:00:00,co2e_100yr,343200.00000000006,tonnes,annual,2026-05-01 00:00:00,2026-05-18 14:20:13.779009
KWT,manufacturing,iron-and-steel,2021-01-01 00:00:00,2021-12-31 00:00:00,co2e_100yr,343199.99999999994,tonnes,annual,2026-05-01 00:00:00,2026-05-18 14:20:13.779009
KWT,manufacturing,iron-and-steel,2022-01-01 00:00:00,2022-12-31 00:00:00,co2e_100yr,237600,tonnes,annual,2026-05-01 00:00:00,2026-05-18 14:20:13.779009
KWT,manufacturing,iron-and-steel,2023-01-01 00:00:00,2023-12-31 00:00:00,co2e_100yr,264000,tonnes,annual,2026-05-01 00:00:00,2026-05-18 14:20:13.779009
KWT,manufacturing,iron-and-steel,2024-01-01 00:00:00,2024-12-31 00:00:00,co2e_100yr,267696,tonnes,annual,2026-05-01 00:00:00,2026-05-18 14:20:13.779009
KWT,manufacturing,iron-and-steel,2025-01-01 00:00:00,2025-12-31 00:00:00,co2e_100yr,287759.99999999994,tonnes,annual,2026-05-01 00:00:00,2026-05-18 14:20:13.779009
KWT,manufacturing,iron-and-steel,2026-01-01 00:00:00,2026-12-31 00:00:00,co2e_100yr,67320,tonnes,annual,2026-05-01 00:00:00,2026-05-18 14:20:13.779009
LAO,manufacturing,iron-and-steel,2015-01-01 00:00:00,2015-12-31 00:00:00,co2e_100yr,0,tonnes,annual,2026-05-01 00:00:00,2026-05-18 14:20:13.779009
LAO,manufacturing,iron-and-steel,2016-01-01 00:00:00,2016-12-31 00:00:00,co2e_100yr,0,tonnes,annual,2026-05-01 00:00:00,2026-05-18 14:20:13.779009
LAO,manufacturing,iron-and-steel,2017-01-01 00:00:00,2017-12-31 00:00:00,co2e_100yr,0,tonnes,annual,2026-05-01 00:00:00,2026-05-18 14:20:13.779009
LAO,manufacturing,iron-and-steel,2018-01-01 00:00:00,2018-12-31 00:00:00,co2e_100yr,0,tonnes,annual,2026-05-01 00:00:00,2026-05-18 14:20:13.779009
LAO,manufacturing,iron-and-steel,2019-01-01 00:00:00,2019-12-31 00:00:00,co2e_100yr,0,tonnes,annual,2026-05-01 00:00:00,2026-05-18 14:20:13.779009
LAO,manufacturing,iron-and-steel,2020-01-01 00:00:00,2020-12-31 00:00:00,co2e_100yr,0,tonnes,annual,2026-05-01 00:00:00,2026-05-18 14:20:13.779009
LAO,manufacturing,iron-and-steel,2021-01-01 00:00:00,2021-12-31 00:00:00,co2e_100yr,0,tonnes,annual,2026-05-01 00:00:00,2026-05-18 14:20:13.779009
LAO,manufacturing,iron-and-steel,2022-01-01 00:00:00,2022-12-31 00:00:00,co2e_100yr,0,tonnes,annual,2026-05-01 00:00:00,2026-05-18 14:20:13.779009
LAO,manufacturing,iron-and-steel,2023-01-01 00:00:00,2023-12-31 00:00:00,co2e_100yr,0,tonnes,annual,2026-05-01 00:00:00,2026-05-18 14:20:13.779009
LAO,manufacturing,iron-and-steel,2024-01-01 00:00:00,2024-12-31 00:00:00,co2e_100yr,0,tonnes,annual,2026-05-01 00:00:00,2026-05-18 14:20:13.779009
LAO,manufacturing,iron-and-steel,2025-01-01 00:00:00,2025-12-31 00:00:00,co2e_100yr,0,tonnes,annual,2026-05-01 00:00:00,2026-05-18 14:20:13.779009
LAO,manufacturing,iron-and-steel,2026-01-01 00:00:00,2026-12-31 00:00:00,co2e_100yr,0,tonnes,annual,2026-05-01 00:00:00,2026-05-18 14:20:13.779009
LBN,manufacturing,iron-and-steel,2015-01-01 00:00:00,2015-12-31 00:00:00,co2e_100yr,0,tonnes,annual,2026-05-01 00:00:00,2026-05-18 14:20:13.779009
LBN,manufacturing,iron-and-steel,2016-01-01 00:00:00,2016-12-31 00:00:00,co2e_100yr,0,tonnes,annual,2026-05-01 00:00:00,2026-05-18 14:20:13.779009
LBN,manufacturing,iron-and-steel,2017-01-01 00:00:00,2017-12-31 00:00:00,co2e_100yr,0,tonnes,annual,2026-05-01 00:00:00,2026-05-18 14:20:13.779009
LBN,manufacturing,iron-and-steel,2018-01-01 00:00:00,2018-12-31 00:00:00,co2e_100yr,0,tonnes,annual,2026-05-01 00:00:00,2026-05-18 14:20:13.779009
LBN,manufacturing,iron-and-steel,2019-01-01 00:00:00,2019-12-31 00:00:00,co2e_100yr,0,tonnes,annual,2026-05-01 00:00:00,2026-05-18 14:20:13.779009
LBN,manufacturing,iron-and-steel,2020-01-01 00:00:00,2020-12-31 00:00:00,co2e_100yr,0,tonnes,annual,2026-05-01 00:00:00,2026-05-18 14:20:13.779009
LBN,manufacturing,iron-and-steel,2021-01-01 00:00:00,2021-12-31 00:00:00,co2e_100yr,0,tonnes,annual,2026-05-01 00:00:00,2026-05-18 14:20:13.779009
LBN,manufacturing,iron-and-steel,2022-01-01 00:00:00,2022-12-31 00:00:00,co2e_100yr,0,tonnes,annual,2026-05-01 00:00:00,2026-05-18 14:20:13.779009
LBN,manufacturing,iron-and-steel,2023-01-01 00:00:00,2023-12-31 00:00:00,co2e_100yr,0,tonnes,annual,2026-05-01 00:00:00,2026-05-18 14:20:13.779009
LBN,manufacturing,iron-and-steel,2024-01-01 00:00:00,2024-12-31 00:00:00,co2e_100yr,0,tonnes,annual,2026-05-01 00:00:00,2026-05-18 14:20:13.779009
LBN,manufacturing,iron-and-steel,2025-01-01 00:00:00,2025-12-31 00:00:00,co2e_100yr,0,tonnes,annual,2026-05-01 00:00:00,2026-05-18 14:20:13.779009
LBN,manufacturing,iron-and-steel,2026-01-01 00:00:00,2026-12-31 00:00:00,co2e_100yr,0,tonnes,annual,2026-05-01 00:00:00,2026-05-18 14:20:13.779009
LBR,manufacturing,iron-and-steel,2015-01-01 00:00:00,2015-12-31 00:00:00,co2e_100yr,0,tonnes,annual,2026-05-01 00:00:00,2026-05-18 14:20:13.779009
LBR,manufacturing,iron-and-steel,2016-01-01 00:00:00,2016-12-31 00:00:00,co2e_100yr,0,tonnes,annual,2026-05-01 00:00:00,2026-05-18 14:20:13.779009
LBR,manufacturing,iron-and-steel,2017-01-01 00:00:00,2017-12-31 00:00:00,co2e_100yr,0,tonnes,annual,2026-05-01 00:00:00,2026-05-18 14:20:13.779009
LBR,manufacturing,iron-and-steel,2018-01-01 00:00:00,2018-12-31 00:00:00,co2e_100yr,0,tonnes,annual,2026-05-01 00:00:00,2026-05-18 14:20:13.779009
LBR,manufacturing,iron-and-steel,2019-01-01 00:00:00,2019-12-31 00:00:00,co2e_100yr,0,tonnes,annual,2026-05-01 00:00:00,2026-05-18 14:20:13.779009
LBR,manufacturing,iron-and-steel,2020-01-01 00:00:00,2020-12-31 00:00:00,co2e_100yr,0,tonnes,annual,2026-05-01 00:00:00,2026-05-18 14:20:13.779009
LBR,manufacturing,iron-and-steel,2021-01-01 00:00:00,2021-12-31 00:00:00,co2e_100yr,0,tonnes,annual,2026-05-01 00:00:00,2026-05-18 14:20:13.779009
LBR,manufacturing,iron-and-steel,2022-01-01 00:00:00,2022-12-31 00:00:00,co2e_100yr,0,tonnes,annual,2026-05-01 00:00:00,2026-05-18 14:20:13.779009
LBR,manufacturing,iron-and-steel,2023-01-01 00:00:00,2023-12-31 00:00:00,co2e_100yr,0,tonnes,annual,2026-05-01 00:00:00,2026-05-18 14:20:13.779009
LBR,manufacturing,iron-and-steel,2024-01-01 00:00:00,2024-12-31 00:00:00,co2e_100yr,0,tonnes,annual,2026-05-01 00:00:00,2026-05-18 14:20:13.779009
LBR,manufacturing,iron-and-steel,2025-01-01 00:00:00,2025-12-31 00:00:00,co2e_100yr,0,tonnes,annual,2026-05-01 00:00:00,2026-05-18 14:20:13.779009
LBR,manufacturing,iron-and-steel,2026-01-01 00:00:00,2026-12-31 00:00:00,co2e_100yr,0,tonnes,annual,2026-05-01 00:00:00,2026-05-18 14:20:13.779009
LBY,manufacturing,iron-and-steel,2015-01-01 00:00:00,2015-12-31 00:00:00,co2e_100yr,351807.1713679265,tonnes,annual,2026-05-01 00:00:00,2026-05-18 14:20:13.779009
LBY,manufacturing,iron-and-steel,2016-01-01 00:00:00,2016-12-31 00:00:00,co2e_100yr,491560.2394426999,tonnes,annual,2026-05-01 00:00:00,2026-05-18 14:20:13.779009
LBY,manufacturing,iron-and-steel,2017-01-01 00:00:00,2017-12-31 00:00:00,co2e_100yr,421649.20538850786,tonnes,annual,2026-05-01 00:00:00,2026-05-18 14:20:13.779009
LBY,manufacturing,iron-and-steel,2018-01-01 00:00:00,2018-12-31 00:00:00,co2e_100yr,396341.19306078454,tonnes,annual,2026-05-01 00:00:00,2026-05-18 14:20:13.779009
LBY,manufacturing,iron-and-steel,2019-01-01 00:00:00,2019-12-31 00:00:00,co2e_100yr,606429.2953962835,tonnes,annual,2026-05-01 00:00:00,2026-05-18 14:20:13.779009
LBY,manufacturing,iron-and-steel,2020-01-01 00:00:00,2020-12-31 00:00:00,co2e_100yr,494890.24106476887,tonnes,annual,2026-05-01 00:00:00,2026-05-18 14:20:13.779009
LBY,manufacturing,iron-and-steel,2021-01-01 00:00:00,2021-12-31 00:00:00,co2e_100yr,651727,tonnes,annual,2026-05-01 00:00:00,2026-05-18 14:20:13.779009
LBY,manufacturing,iron-and-steel,2022-01-01 00:00:00,2022-12-31 00:00:00,co2e_100yr,687793,tonnes,annual,2026-05-01 00:00:00,2026-05-18 14:20:13.779009
LBY,manufacturing,iron-and-steel,2023-01-01 00:00:00,2023-12-31 00:00:00,co2e_100yr,902242,tonnes,annual,2026-05-01 00:00:00,2026-05-18 14:20:13.779009
LBY,manufacturing,iron-and-steel,2024-01-01 00:00:00,2024-12-31 00:00:00,co2e_100yr,871924,tonnes,annual,2026-05-01 00:00:00,2026-05-18 14:20:13.779009
LBY,manufacturing,iron-and-steel,2025-01-01 00:00:00,2025-12-31 00:00:00,co2e_100yr,1115722,tonnes,annual,2026-05-01 00:00:00,2026-05-18 14:20:13.779009
LBY,manufacturing,iron-and-steel,2026-01-01 00:00:00,2026-12-31 00:00:00,co2e_100yr,201914,tonnes,annual,2026-05-01 00:00:00,2026-05-18 14:20:13.779009
LCA,manufacturing,iron-and-steel,2015-01-01 00:00:00,2015-12-31 00:00:00,co2e_100yr,0,tonnes,annual,2026-05-01 00:00:00,2026-05-18 14:20:13.779009
LCA,manufacturing,iron-and-steel,2016-01-01 00:00:00,2016-12-31 00:00:00,co2e_100yr,0,tonnes,annual,2026-05-01 00:00:00,2026-05-18 14:20:13.779009
LCA,manufacturing,iron-and-steel,2017-01-01 00:00:00,2017-12-31 00:00:00,co2e_100yr,0,tonnes,annual,2026-05-01 00:00:00,2026-05-18 14:20:13.779009
LCA,manufacturing,iron-and-steel,2018-01-01 00:00:00,2018-12-31 00:00:00,co2e_100yr,0,tonnes,annual,2026-05-01 00:00:00,2026-05-18 14:20:13.779009
LCA,manufacturing,iron-and-steel,2019-01-01 00:00:00,2019-12-31 00:00:00,co2e_100yr,0,tonnes,annual,2026-05-01 00:00:00,2026-05-18 14:20:13.779009
LCA,manufacturing,iron-and-steel,2020-01-01 00:00:00,2020-12-31 00:00:00,co2e_100yr,0,tonnes,annual,2026-05-01 00:00:00,2026-05-18 14:20:13.779009
LCA,manufacturing,iron-and-steel,2021-01-01 00:00:00,2021-12-31 00:00:00,co2e_100yr,0,tonnes,annual,2026-05-01 00:00:00,2026-05-18 14:20:13.779009
LCA,manufacturing,iron-and-steel,2022-01-01 00:00:00,2022-12-31 00:00:00,co2e_100yr,0,tonnes,annual,2026-05-01 00:00:00,2026-05-18 14:20:13.779009
LCA,manufacturing,iron-and-steel,2023-01-01 00:00:00,2023-12-31 00:00:00,co2e_100yr,0,tonnes,annual,2026-05-01 00:00:00,2026-05-18 14:20:13.779009
LCA,manufacturing,iron-and-steel,2024-01-01 00:00:00,2024-12-31 00:00:00,co2e_100yr,0,tonnes,annual,2026-05-01 00:00:00,2026-05-18 14:20:13.779009
LCA,manufacturing,iron-and-steel,2025-01-01 00:00:00,2025-12-31 00:00:00,co2e_100yr,0,tonnes,annual,2026-05-01 00:00:00,2026-05-18 14:20:13.779009
LCA,manufacturing,iron-and-steel,2026-01-01 00:00:00,2026-12-31 00:00:00,co2e_100yr,0,tonnes,annual,2026-05-01 00:00:00,2026-05-18 14:20:13.779009
LIE,manufacturing,iron-and-steel,2015-01-01 00:00:00,2015-12-31 00:00:00,co2e_100yr,0,tonnes,annual,2026-05-01 00:00:00,2026-05-18 14:20:13.779009
LIE,manufacturing,iron-and-steel,2016-01-01 00:00:00,2016-12-31 00:00:00,co2e_100yr,0,tonnes,annual,2026-05-01 00:00:00,2026-05-18 14:20:13.779009
LIE,manufacturing,iron-and-steel,2017-01-01 00:00:00,2017-12-31 00:00:00,co2e_100yr,0,tonnes,annual,2026-05-01 00:00:00,2026-05-18 14:20:13.779009
LIE,manufacturing,iron-and-steel,2018-01-01 00:00:00,2018-12-31 00:00:00,co2e_100yr,0,tonnes,annual,2026-05-01 00:00:00,2026-05-18 14:20:13.779009
LIE,manufacturing,iron-and-steel,2019-01-01 00:00:00,2019-12-31 00:00:00,co2e_100yr,0,tonnes,annual,2026-05-01 00:00:00,2026-05-18 14:20:13.779009
LIE,manufacturing,iron-and-steel,2020-01-01 00:00:00,2020-12-31 00:00:00,co2e_100yr,0,tonnes,annual,2026-05-01 00:00:00,2026-05-18 14:20:13.779009
LIE,manufacturing,iron-and-steel,2021-01-01 00:00:00,2021-12-31 00:00:00,co2e_100yr,0,tonnes,annual,2026-05-01 00:00:00,2026-05-18 14:20:13.779009
LIE,manufacturing,iron-and-steel,2022-01-01 00:00:00,2022-12-31 00:00:00,co2e_100yr,0,tonnes,annual,2026-05-01 00:00:00,2026-05-18 14:20:13.779009
LIE,manufacturing,iron-and-steel,2023-01-01 00:00:00,2023-12-31 00:00:00,co2e_100yr,0,tonnes,annual,2026-05-01 00:00:00,2026-05-18 14:20:13.779009
LIE,manufacturing,iron-and-steel,2024-01-01 00:00:00,2024-12-31 00:00:00,co2e_100yr,0,tonnes,annual,2026-05-01 00:00:00,2026-05-18 14:20:13.779009
LIE,manufacturing,iron-and-steel,2025-01-01 00:00:00,2025-12-31 00:00:00,co2e_100yr,0,tonnes,annual,2026-05-01 00:00:00,2026-05-18 14:20:13.779009
LIE,manufacturing,iron-and-steel,2026-01-01 00:00:00,2026-12-31 00:00:00,co2e_100yr,0,tonnes,annual,2026-05-01 00:00:00,2026-05-18 14:20:13.779009
LKA,manufacturing,iron-and-steel,2015-01-01 00:00:00,2015-12-31 00:00:00,co2e_100yr,2400,tonnes,annual,2026-05-01 00:00:00,2026-05-18 14:20:13.779009
LKA,manufacturing,iron-and-steel,2016-01-01 00:00:00,2016-12-31 00:00:00,co2e_100yr,2400,tonnes,annual,2026-05-01 00:00:00,2026-05-18 14:20:13.779009
LKA,manufacturing,iron-and-steel,2017-01-01 00:00:00,2017-12-31 00:00:00,co2e_100yr,2400,tonnes,annual,2026-05-01 00:00:00,2026-05-18 14:20:13.779009
LKA,manufacturing,iron-and-steel,2018-01-01 00:00:00,2018-12-31 00:00:00,co2e_100yr,2400.0000000000005,tonnes,annual,2026-05-01 00:00:00,2026-05-18 14:20:13.779009
LKA,manufacturing,iron-and-steel,2019-01-01 00:00:00,2019-12-31 00:00:00,co2e_100yr,2400.0000000000005,tonnes,annual,2026-05-01 00:00:00,2026-05-18 14:20:13.779009
LKA,manufacturing,iron-and-steel,2020-01-01 00:00:00,2020-12-31 00:00:00,co2e_100yr,2400,tonnes,annual,2026-05-01 00:00:00,2026-05-18 14:20:13.779009
LKA,manufacturing,iron-and-steel,2021-01-01 00:00:00,2021-12-31 00:00:00,co2e_100yr,2400.0000000000005,tonnes,annual,2026-05-01 00:00:00,2026-05-18 14:20:13.779009
LKA,manufacturing,iron-and-steel,2022-01-01 00:00:00,2022-12-31 00:00:00,co2e_100yr,2400,tonnes,annual,2026-05-01 00:00:00,2026-05-18 14:20:13.779009
LKA,manufacturing,iron-and-steel,2023-01-01 00:00:00,2023-12-31 00:00:00,co2e_100yr,2400,tonnes,annual,2026-05-01 00:00:00,2026-05-18 14:20:13.779009
LKA,manufacturing,iron-and-steel,2024-01-01 00:00:00,2024-12-31 00:00:00,co2e_100yr,2400,tonnes,annual,2026-05-01 00:00:00,2026-05-18 14:20:13.779009
LKA,manufacturing,iron-and-steel,2025-01-01 00:00:00,2025-12-31 00:00:00,co2e_100yr,2400,tonnes,annual,2026-05-01 00:00:00,2026-05-18 14:20:13.779009
LKA,manufacturing,iron-and-steel,2026-01-01 00:00:00,2026-12-31 00:00:00,co2e_100yr,611.5068493150685,tonnes,annual,2026-05-01 00:00:00,2026-05-18 14:20:13.779009
LSO,manufacturing,iron-and-steel,2015-01-01 00:00:00,2015-12-31 00:00:00,co2e_100yr,0,tonnes,annual,2026-05-01 00:00:00,2026-05-18 14:20:13.779009
LSO,manufacturing,iron-and-steel,2016-01-01 00:00:00,2016-12-31 00:00:00,co2e_100yr,0,tonnes,annual,2026-05-01 00:00:00,2026-05-18 14:20:13.779009
LSO,manufacturing,iron-and-steel,2017-01-01 00:00:00,2017-12-31 00:00:00,co2e_100yr,0,tonnes,annual,2026-05-01 00:00:00,2026-05-18 14:20:13.779009
LSO,manufacturing,iron-and-steel,2018-01-01 00:00:00,2018-12-31 00:00:00,co2e_100yr,0,tonnes,annual,2026-05-01 00:00:00,2026-05-18 14:20:13.779009
LSO,manufacturing,iron-and-steel,2019-01-01 00:00:00,2019-12-31 00:00:00,co2e_100yr,0,tonnes,annual,2026-05-01 00:00:00,2026-05-18 14:20:13.779009
LSO,manufacturing,iron-and-steel,2020-01-01 00:00:00,2020-12-31 00:00:00,co2e_100yr,0,tonnes,annual,2026-05-01 00:00:00,2026-05-18 14:20:13.779009
LSO,manufacturing,iron-and-steel,2021-01-01 00:00:00,2021-12-31 00:00:00,co2e_100yr,0,tonnes,annual,2026-05-01 00:00:00,2026-05-18 14:20:13.779009
LSO,manufacturing,iron-and-steel,2022-01-01 00:00:00,2022-12-31 00:00:00,co2e_100yr,0,tonnes,annual,2026-05-01 00:00:00,2026-05-18 14:20:13.779009
LSO,manufacturing,iron-and-steel,2023-01-01 00:00:00,2023-12-31 00:00:00,co2e_100yr,0,tonnes,annual,2026-05-01 00:00:00,2026-05-18 14:20:13.779009
LSO,manufacturing,iron-and-steel,2024-01-01 00:00:00,2024-12-31 00:00:00,co2e_100yr,0,tonnes,annual,2026-05-01 00:00:00,2026-05-18 14:20:13.779009
LSO,manufacturing,iron-and-steel,2025-01-01 00:00:00,2025-12-31 00:00:00,co2e_100yr,0,tonnes,annual,2026-05-01 00:00:00,2026-05-18 14:20:13.779009
LSO,manufacturing,iron-and-steel,2026-01-01 00:00:00,2026-12-31 00:00:00,co2e_100yr,0,tonnes,annual,2026-05-01 00:00:00,2026-05-18 14:20:13.779009
LTU,manufacturing,iron-and-steel,2015-01-01 00:00:00,2015-12-31 00:00:00,co2e_100yr,0,tonnes,annual,2026-05-01 00:00:00,2026-05-18 14:20:13.779009
LTU,manufacturing,iron-and-steel,2016-01-01 00:00:00,2016-12-31 00:00:00,co2e_100yr,0,tonnes,annual,2026-05-01 00:00:00,2026-05-18 14:20:13.779009
LTU,manufacturing,iron-and-steel,2017-01-01 00:00:00,2017-12-31 00:00:00,co2e_100yr,0,tonnes,annual,2026-05-01 00:00:00,2026-05-18 14:20:13.779009
LTU,manufacturing,iron-and-steel,2018-01-01 00:00:00,2018-12-31 00:00:00,co2e_100yr,0,tonnes,annual,2026-05-01 00:00:00,2026-05-18 14:20:13.779009
LTU,manufacturing,iron-and-steel,2019-01-01 00:00:00,2019-12-31 00:00:00,co2e_100yr,0,tonnes,annual,2026-05-01 00:00:00,2026-05-18 14:20:13.779009
LTU,manufacturing,iron-and-steel,2020-01-01 00:00:00,2020-12-31 00:00:00,co2e_100yr,0,tonnes,annual,2026-05-01 00:00:00,2026-05-18 14:20:13.779009
LTU,manufacturing,iron-and-steel,2021-01-01 00:00:00,2021-12-31 00:00:00,co2e_100yr,0,tonnes,annual,2026-05-01 00:00:00,2026-05-18 14:20:13.779009
LTU,manufacturing,iron-and-steel,2022-01-01 00:00:00,2022-12-31 00:00:00,co2e_100yr,0,tonnes,annual,2026-05-01 00:00:00,2026-05-18 14:20:13.779009
LTU,manufacturing,iron-and-steel,2023-01-01 00:00:00,2023-12-31 00:00:00,co2e_100yr,0,tonnes,annual,2026-05-01 00:00:00,2026-05-18 14:20:13.779009
LTU,manufacturing,iron-and-steel,2024-01-01 00:00:00,2024-12-31 00:00:00,co2e_100yr,0,tonnes,annual,2026-05-01 00:00:00,2026-05-18 14:20:13.779009
LTU,manufacturing,iron-and-steel,2025-01-01 00:00:00,2025-12-31 00:00:00,co2e_100yr,0,tonnes,annual,2026-05-01 00:00:00,2026-05-18 14:20:13.779009
LTU,manufacturing,iron-and-steel,2026-01-01 00:00:00,2026-12-31 00:00:00,co2e_100yr,0,tonnes,annual,2026-05-01 00:00:00,2026-05-18 14:20:13.779009
LUX,manufacturing,iron-and-steel,2015-01-01 00:00:00,2015-12-31 00:00:00,co2e_100yr,268018.30780200014,tonnes,annual,2026-05-01 00:00:00,2026-05-18 14:20:13.779009
LUX,manufacturing,iron-and-steel,2016-01-01 00:00:00,2016-12-31 00:00:00,co2e_100yr,274101.53400000016,tonnes,annual,2026-05-01 00:00:00,2026-05-18 14:20:13.779009
LUX,manufacturing,iron-and-steel,2017-01-01 00:00:00,2017-12-31 00:00:00,co2e_100yr,273633.6960000002,tonnes,annual,2026-05-01 00:00:00,2026-05-18 14:20:13.779009
LUX,manufacturing,iron-and-steel,2018-01-01 00:00:00,2018-12-31 00:00:00,co2e_100yr,280725.6060000001,tonnes,annual,2026-05-01 00:00:00,2026-05-18 14:20:13.779009
LUX,manufacturing,iron-and-steel,2019-01-01 00:00:00,2019-12-31 00:00:00,co2e_100yr,267029.7840000001,tonnes,annual,2026-05-01 00:00:00,2026-05-18 14:20:13.779009
LUX,manufacturing,iron-and-steel,2020-01-01 00:00:00,2020-12-31 00:00:00,co2e_100yr,237686.7780000001,tonnes,annual,2026-05-01 00:00:00,2026-05-18 14:20:13.779009
LUX,manufacturing,iron-and-steel,2021-01-01 00:00:00,2021-12-31 00:00:00,co2e_100yr,261206.56800000014,tonnes,annual,2026-05-01 00:00:00,2026-05-18 14:20:13.779009
LUX,manufacturing,iron-and-steel,2022-01-01 00:00:00,2022-12-31 00:00:00,co2e_100yr,236223.7920000001,tonnes,annual,2026-05-01 00:00:00,2026-05-18 14:20:13.779009
LUX,manufacturing,iron-and-steel,2023-01-01 00:00:00,2023-12-31 00:00:00,co2e_100yr,239342.0400000001,tonnes,annual,2026-05-01 00:00:00,2026-05-18 14:20:13.779009
LUX,manufacturing,iron-and-steel,2024-01-01 00:00:00,2024-12-31 00:00:00,co2e_100yr,229947.10200000007,tonnes,annual,2026-05-01 00:00:00,2026-05-18 14:20:13.779009
LUX,manufacturing,iron-and-steel,2025-01-01 00:00:00,2025-12-31 00:00:00,co2e_100yr,229593.16800000012,tonnes,annual,2026-05-01 00:00:00,2026-05-18 14:20:13.779009
LUX,manufacturing,iron-and-steel,2026-01-01 00:00:00,2026-12-31 00:00:00,co2e_100yr,47101.068000000014,tonnes,annual,2026-05-01 00:00:00,2026-05-18 14:20:13.779009
LVA,manufacturing,iron-and-steel,2015-01-01 00:00:00,2015-12-31 00:00:00,co2e_100yr,0,tonnes,annual,2026-05-01 00:00:00,2026-05-18 14:20:13.779009
LVA,manufacturing,iron-and-steel,2016-01-01 00:00:00,2016-12-31 00:00:00,co2e_100yr,0,tonnes,annual,2026-05-01 00:00:00,2026-05-18 14:20:13.779009
LVA,manufacturing,iron-and-steel,2017-01-01 00:00:00,2017-12-31 00:00:00,co2e_100yr,0,tonnes,annual,2026-05-01 00:00:00,2026-05-18 14:20:13.779009
LVA,manufacturing,iron-and-steel,2018-01-01 00:00:00,2018-12-31 00:00:00,co2e_100yr,0,tonnes,annual,2026-05-01 00:00:00,2026-05-18 14:20:13.779009
LVA,manufacturing,iron-and-steel,2019-01-01 00:00:00,2019-12-31 00:00:00,co2e_100yr,0,tonnes,annual,2026-05-01 00:00:00,2026-05-18 14:20:13.779009
LVA,manufacturing,iron-and-steel,2020-01-01 00:00:00,2020-12-31 00:00:00,co2e_100yr,0,tonnes,annual,2026-05-01 00:00:00,2026-05-18 14:20:13.779009
LVA,manufacturing,iron-and-steel,2021-01-01 00:00:00,2021-12-31 00:00:00,co2e_100yr,0,tonnes,annual,2026-05-01 00:00:00,2026-05-18 14:20:13.779009
LVA,manufacturing,iron-and-steel,2022-01-01 00:00:00,2022-12-31 00:00:00,co2e_100yr,0,tonnes,annual,2026-05-01 00:00:00,2026-05-18 14:20:13.779009
LVA,manufacturing,iron-and-steel,2023-01-01 00:00:00,2023-12-31 00:00:00,co2e_100yr,0,tonnes,annual,2026-05-01 00:00:00,2026-05-18 14:20:13.779009
LVA,manufacturing,iron-and-steel,2024-01-01 00:00:00,2024-12-31 00:00:00,co2e_100yr,0,tonnes,annual,2026-05-01 00:00:00,2026-05-18 14:20:13.779009
LVA,manufacturing,iron-and-steel,2025-01-01 00:00:00,2025-12-31 00:00:00,co2e_100yr,0,tonnes,annual,2026-05-01 00:00:00,2026-05-18 14:20:13.779009
LVA,manufacturing,iron-and-steel,2026-01-01 00:00:00,2026-12-31 00:00:00,co2e_100yr,0,tonnes,annual,2026-05-01 00:00:00,2026-05-18 14:20:13.779009
MAC,manufacturing,iron-and-steel,2015-01-01 00:00:00,2015-12-31 00:00:00,co2e_100yr,0,tonnes,annual,2026-05-01 00:00:00,2026-05-18 14:20:13.779009
MAC,manufacturing,iron-and-steel,2016-01-01 00:00:00,2016-12-31 00:00:00,co2e_100yr,0,tonnes,annual,2026-05-01 00:00:00,2026-05-18 14:20:13.779009
MAC,manufacturing,iron-and-steel,2017-01-01 00:00:00,2017-12-31 00:00:00,co2e_100yr,0,tonnes,annual,2026-05-01 00:00:00,2026-05-18 14:20:13.779009
MAC,manufacturing,iron-and-steel,2018-01-01 00:00:00,2018-12-31 00:00:00,co2e_100yr,0,tonnes,annual,2026-05-01 00:00:00,2026-05-18 14:20:13.779009
MAC,manufacturing,iron-and-steel,2019-01-01 00:00:00,2019-12-31 00:00:00,co2e_100yr,0,tonnes,annual,2026-05-01 00:00:00,2026-05-18 14:20:13.779009
MAC,manufacturing,iron-and-steel,2020-01-01 00:00:00,2020-12-31 00:00:00,co2e_100yr,0,tonnes,annual,2026-05-01 00:00:00,2026-05-18 14:20:13.779009
MAC,manufacturing,iron-and-steel,2021-01-01 00:00:00,2021-12-31 00:00:00,co2e_100yr,0,tonnes,annual,2026-05-01 00:00:00,2026-05-18 14:20:13.779009
MAC,manufacturing,iron-and-steel,2022-01-01 00:00:00,2022-12-31 00:00:00,co2e_100yr,0,tonnes,annual,2026-05-01 00:00:00,2026-05-18 14:20:13.779009
MAC,manufacturing,iron-and-steel,2023-01-01 00:00:00,2023-12-31 00:00:00,co2e_100yr,0,tonnes,annual,2026-05-01 00:00:00,2026-05-18 14:20:13.779009
MAC,manufacturing,iron-and-steel,2024-01-01 00:00:00,2024-12-31 00:00:00,co2e_100yr,0,tonnes,annual,2026-05-01 00:00:00,2026-05-18 14:20:13.779009
MAC,manufacturing,iron-and-steel,2025-01-01 00:00:00,2025-12-31 00:00:00,co2e_100yr,0,tonnes,annual,2026-05-01 00:00:00,2026-05-18 14:20:13.779009
MAC,manufacturing,iron-and-steel,2026-01-01 00:00:00,2026-12-31 00:00:00,co2e_100yr,0,tonnes,annual,2026-05-01 00:00:00,2026-05-18 14:20:13.779009
MAF,manufacturing,iron-and-steel,2015-01-01 00:00:00,2015-12-31 00:00:00,co2e_100yr,0,tonnes,annual,2026-05-01 00:00:00,2026-05-18 14:20:13.779009
MAF,manufacturing,iron-and-steel,2016-01-01 00:00:00,2016-12-31 00:00:00,co2e_100yr,0,tonnes,annual,2026-05-01 00:00:00,2026-05-18 14:20:13.779009
MAF,manufacturing,iron-and-steel,2017-01-01 00:00:00,2017-12-31 00:00:00,co2e_100yr,0,tonnes,annual,2026-05-01 00:00:00,2026-05-18 14:20:13.779009
MAF,manufacturing,iron-and-steel,2018-01-01 00:00:00,2018-12-31 00:00:00,co2e_100yr,0,tonnes,annual,2026-05-01 00:00:00,2026-05-18 14:20:13.779009
MAF,manufacturing,iron-and-steel,2019-01-01 00:00:00,2019-12-31 00:00:00,co2e_100yr,0,tonnes,annual,2026-05-01 00:00:00,2026-05-18 14:20:13.779009
MAF,manufacturing,iron-and-steel,2020-01-01 00:00:00,2020-12-31 00:00:00,co2e_100yr,0,tonnes,annual,2026-05-01 00:00:00,2026-05-18 14:20:13.779009
MAF,manufacturing,iron-and-steel,2021-01-01 00:00:00,2021-12-31 00:00:00,co2e_100yr,0,tonnes,annual,2026-05-01 00:00:00,2026-05-18 14:20:13.779009
MAF,manufacturing,iron-and-steel,2022-01-01 00:00:00,2022-12-31 00:00:00,co2e_100yr,0,tonnes,annual,2026-05-01 00:00:00,2026-05-18 14:20:13.779009
MAF,manufacturing,iron-and-steel,2023-01-01 00:00:00,2023-12-31 00:00:00,co2e_100yr,0,tonnes,annual,2026-05-01 00:00:00,2026-05-18 14:20:13.779009
MAF,manufacturing,iron-and-steel,2024-01-01 00:00:00,2024-12-31 00:00:00,co2e_100yr,0,tonnes,annual,2026-05-01 00:00:00,2026-05-18 14:20:13.779009
MAF,manufacturing,iron-and-steel,2025-01-01 00:00:00,2025-12-31 00:00:00,co2e_100yr,0,tonnes,annual,2026-05-01 00:00:00,2026-05-18 14:20:13.779009
MAF,manufacturing,iron-and-steel,2026-01-01 00:00:00,2026-12-31 00:00:00,co2e_100yr,0,tonnes,annual,2026-05-01 00:00:00,2026-05-18 14:20:13.779009
MAR,manufacturing,iron-and-steel,2015-01-01 00:00:00,2015-12-31 00:00:00,co2e_100yr,139634.5846422592,tonnes,annual,2026-05-01 00:00:00,2026-05-18 14:20:13.779009
MAR,manufacturing,iron-and-steel,2016-01-01 00:00:00,2016-12-31 00:00:00,co2e_100yr,140735.17146469423,tonnes,annual,2026-05-01 00:00:00,2026-05-18 14:20:13.779009
MAR,manufacturing,iron-and-steel,2017-01-01 00:00:00,2017-12-31 00:00:00,co2e_100yr,148874.26274944528,tonnes,annual,2026-05-01 00:00:00,2026-05-18 14:20:13.779009
MAR,manufacturing,iron-and-steel,2018-01-01 00:00:00,2018-12-31 00:00:00,co2e_100yr,162408.28663575847,tonnes,annual,2026-05-01 00:00:00,2026-05-18 14:20:13.779009
MAR,manufacturing,iron-and-steel,2019-01-01 00:00:00,2019-12-31 00:00:00,co2e_100yr,216544.38218101123,tonnes,annual,2026-05-01 00:00:00,2026-05-18 14:20:13.779009
MAR,manufacturing,iron-and-steel,2020-01-01 00:00:00,2020-12-31 00:00:00,co2e_100yr,270680.4777262641,tonnes,annual,2026-05-01 00:00:00,2026-05-18 14:20:13.779009
MAR,manufacturing,iron-and-steel,2021-01-01 00:00:00,2021-12-31 00:00:00,co2e_100yr,284214.5016125772,tonnes,annual,2026-05-01 00:00:00,2026-05-18 14:20:13.779009
MAR,manufacturing,iron-and-steel,2022-01-01 00:00:00,2022-12-31 00:00:00,co2e_100yr,419554.7404757092,tonnes,annual,2026-05-01 00:00:00,2026-05-18 14:20:13.779009
MAR,manufacturing,iron-and-steel,2023-01-01 00:00:00,2023-12-31 00:00:00,co2e_100yr,378140.6273835909,tonnes,annual,2026-05-01 00:00:00,2026-05-18 14:20:13.779009
MAR,manufacturing,iron-and-steel,2024-01-01 00:00:00,2024-12-31 00:00:00,co2e_100yr,383012.87598266365,tonnes,annual,2026-05-01 00:00:00,2026-05-18 14:20:13.779009
MAR,manufacturing,iron-and-steel,2025-01-01 00:00:00,2025-12-31 00:00:00,co2e_100yr,408727.5213666587,tonnes,annual,2026-05-01 00:00:00,2026-05-18 14:20:13.779009
MAR,manufacturing,iron-and-steel,2026-01-01 00:00:00,2026-12-31 00:00:00,co2e_100yr,105566.21344046632,tonnes,annual,2026-05-01 00:00:00,2026-05-18 14:20:13.779009
MCO,manufacturing,iron-and-steel,2015-01-01 00:00:00,2015-12-31 00:00:00,co2e_100yr,0,tonnes,annual,2026-05-01 00:00:00,2026-05-18 14:20:13.779009
MCO,manufacturing,iron-and-steel,2016-01-01 00:00:00,2016-12-31 00:00:00,co2e_100yr,0,tonnes,annual,2026-05-01 00:00:00,2026-05-18 14:20:13.779009
MCO,manufacturing,iron-and-steel,2017-01-01 00:00:00,2017-12-31 00:00:00,co2e_100yr,0,tonnes,annual,2026-05-01 00:00:00,2026-05-18 14:20:13.779009
MCO,manufacturing,iron-and-steel,2018-01-01 00:00:00,2018-12-31 00:00:00,co2e_100yr,0,tonnes,annual,2026-05-01 00:00:00,2026-05-18 14:20:13.779009
MCO,manufacturing,iron-and-steel,2019-01-01 00:00:00,2019-12-31 00:00:00,co2e_100yr,0,tonnes,annual,2026-05-01 00:00:00,2026-05-18 14:20:13.779009
MCO,manufacturing,iron-and-steel,2020-01-01 00:00:00,2020-12-31 00:00:00,co2e_100yr,0,tonnes,annual,2026-05-01 00:00:00,2026-05-18 14:20:13.779009
MCO,manufacturing,iron-and-steel,2021-01-01 00:00:00,2021-12-31 00:00:00,co2e_100yr,0,tonnes,annual,2026-05-01 00:00:00,2026-05-18 14:20:13.779009
MCO,manufacturing,iron-and-steel,2022-01-01 00:00:00,2022-12-31 00:00:00,co2e_100yr,0,tonnes,annual,2026-05-01 00:00:00,2026-05-18 14:20:13.779009
MCO,manufacturing,iron-and-steel,2023-01-01 00:00:00,2023-12-31 00:00:00,co2e_100yr,0,tonnes,annual,2026-05-01 00:00:00,2026-05-18 14:20:13.779009
MCO,manufacturing,iron-and-steel,2024-01-01 00:00:00,2024-12-31 00:00:00,co2e_100yr,0,tonnes,annual,2026-05-01 00:00:00,2026-05-18 14:20:13.779009
MCO,manufacturing,iron-and-steel,2025-01-01 00:00:00,2025-12-31 00:00:00,co2e_100yr,0,tonnes,annual,2026-05-01 00:00:00,2026-05-18 14:20:13.779009
MCO,manufacturing,iron-and-steel,2026-01-01 00:00:00,2026-12-31 00:00:00,co2e_100yr,0,tonnes,annual,2026-05-01 00:00:00,2026-05-18 14:20:13.779009
MDA,manufacturing,iron-and-steel,2015-01-01 00:00:00,2015-12-31 00:00:00,co2e_100yr,119911.45163273491,tonnes,annual,2026-05-01 00:00:00,2026-05-18 14:20:13.779009
MDA,manufacturing,iron-and-steel,2016-01-01 00:00:00,2016-12-31 00:00:00,co2e_100yr,34105.74019350926,tonnes,annual,2026-05-01 00:00:00,2026-05-18 14:20:13.779009
MDA,manufacturing,iron-and-steel,2017-01-01 00:00:00,2017-12-31 00:00:00,co2e_100yr,126949.14405361783,tonnes,annual,2026-05-01 00:00:00,2026-05-18 14:20:13.779009
MDA,manufacturing,iron-and-steel,2018-01-01 00:00:00,2018-12-31 00:00:00,co2e_100yr,134592.34870317436,tonnes,annual,2026-05-01 00:00:00,2026-05-18 14:20:13.779009
MDA,manufacturing,iron-and-steel,2019-01-01 00:00:00,2019-12-31 00:00:00,co2e_100yr,106145.72525748808,tonnes,annual,2026-05-01 00:00:00,2026-05-18 14:20:13.779009
MDA,manufacturing,iron-and-steel,2020-01-01 00:00:00,2020-12-31 00:00:00,co2e_100yr,125866.42214271276,tonnes,annual,2026-05-01 00:00:00,2026-05-18 14:20:13.779009
MDA,manufacturing,iron-and-steel,2021-01-01 00:00:00,2021-12-31 00:00:00,co2e_100yr,154287.8723039705,tonnes,annual,2026-05-01 00:00:00,2026-05-18 14:20:13.779009
MDA,manufacturing,iron-and-steel,2022-01-01 00:00:00,2022-12-31 00:00:00,co2e_100yr,151581.06752670786,tonnes,annual,2026-05-01 00:00:00,2026-05-18 14:20:13.779009
MDA,manufacturing,iron-and-steel,2023-01-01 00:00:00,2023-12-31 00:00:00,co2e_100yr,135340.23886313202,tonnes,annual,2026-05-01 00:00:00,2026-05-18 14:20:13.779009
MDA,manufacturing,iron-and-steel,2024-01-01 00:00:00,2024-12-31 00:00:00,co2e_100yr,108272.19109050561,tonnes,annual,2026-05-01 00:00:00,2026-05-18 14:20:13.779009
MDA,manufacturing,iron-and-steel,2025-01-01 00:00:00,2025-12-31 00:00:00,co2e_100yr,108272.19109050561,tonnes,annual,2026-05-01 00:00:00,2026-05-18 14:20:13.779009
MDA,manufacturing,iron-and-steel,2026-01-01 00:00:00,2026-12-31 00:00:00,co2e_100yr,63406.46926539045,tonnes,annual,2026-05-01 00:00:00,2026-05-18 14:20:13.779009
MDG,manufacturing,iron-and-steel,2015-01-01 00:00:00,2015-12-31 00:00:00,co2e_100yr,0,tonnes,annual,2026-05-01 00:00:00,2026-05-18 14:20:13.779009
MDG,manufacturing,iron-and-steel,2016-01-01 00:00:00,2016-12-31 00:00:00,co2e_100yr,0,tonnes,annual,2026-05-01 00:00:00,2026-05-18 14:20:13.779009
MDG,manufacturing,iron-and-steel,2017-01-01 00:00:00,2017-12-31 00:00:00,co2e_100yr,0,tonnes,annual,2026-05-01 00:00:00,2026-05-18 14:20:13.779009
MDG,manufacturing,iron-and-steel,2018-01-01 00:00:00,2018-12-31 00:00:00,co2e_100yr,0,tonnes,annual,2026-05-01 00:00:00,2026-05-18 14:20:13.779009
MDG,manufacturing,iron-and-steel,2019-01-01 00:00:00,2019-12-31 00:00:00,co2e_100yr,0,tonnes,annual,2026-05-01 00:00:00,2026-05-18 14:20:13.779009
MDG,manufacturing,iron-and-steel,2020-01-01 00:00:00,2020-12-31 00:00:00,co2e_100yr,0,tonnes,annual,2026-05-01 00:00:00,2026-05-18 14:20:13.779009
MDG,manufacturing,iron-and-steel,2021-01-01 00:00:00,2021-12-31 00:00:00,co2e_100yr,0,tonnes,annual,2026-05-01 00:00:00,2026-05-18 14:20:13.779009
MDG,manufacturing,iron-and-steel,2022-01-01 00:00:00,2022-12-31 00:00:00,co2e_100yr,0,tonnes,annual,2026-05-01 00:00:00,2026-05-18 14:20:13.779009
MDG,manufacturing,iron-and-steel,2023-01-01 00:00:00,2023-12-31 00:00:00,co2e_100yr,0,tonnes,annual,2026-05-01 00:00:00,2026-05-18 14:20:13.779009
MDG,manufacturing,iron-and-steel,2024-01-01 00:00:00,2024-12-31 00:00:00,co2e_100yr,0,tonnes,annual,2026-05-01 00:00:00,2026-05-18 14:20:13.779009
MDG,manufacturing,iron-and-steel,2025-01-01 00:00:00,2025-12-31 00:00:00,co2e_100yr,0,tonnes,annual,2026-05-01 00:00:00,2026-05-18 14:20:13.779009
MDG,manufacturing,iron-and-steel,2026-01-01 00:00:00,2026-12-31 00:00:00,co2e_100yr,0,tonnes,annual,2026-05-01 00:00:00,2026-05-18 14:20:13.779009
MDV,manufacturing,iron-and-steel,2015-01-01 00:00:00,2015-12-31 00:00:00,co2e_100yr,0,tonnes,annual,2026-05-01 00:00:00,2026-05-18 14:20:13.779009
MDV,manufacturing,iron-and-steel,2016-01-01 00:00:00,2016-12-31 00:00:00,co2e_100yr,0,tonnes,annual,2026-05-01 00:00:00,2026-05-18 14:20:13.779009
MDV,manufacturing,iron-and-steel,2017-01-01 00:00:00,2017-12-31 00:00:00,co2e_100yr,0,tonnes,annual,2026-05-01 00:00:00,2026-05-18 14:20:13.779009
MDV,manufacturing,iron-and-steel,2018-01-01 00:00:00,2018-12-31 00:00:00,co2e_100yr,0,tonnes,annual,2026-05-01 00:00:00,2026-05-18 14:20:13.779009
MDV,manufacturing,iron-and-steel,2019-01-01 00:00:00,2019-12-31 00:00:00,co2e_100yr,0,tonnes,annual,2026-05-01 00:00:00,2026-05-18 14:20:13.779009
MDV,manufacturing,iron-and-steel,2020-01-01 00:00:00,2020-12-31 00:00:00,co2e_100yr,0,tonnes,annual,2026-05-01 00:00:00,2026-05-18 14:20:13.779009
MDV,manufacturing,iron-and-steel,2021-01-01 00:00:00,2021-12-31 00:00:00,co2e_100yr,0,tonnes,annual,2026-05-01 00:00:00,2026-05-18 14:20:13.779009
MDV,manufacturing,iron-and-steel,2022-01-01 00:00:00,2022-12-31 00:00:00,co2e_100yr,0,tonnes,annual,2026-05-01 00:00:00,2026-05-18 14:20:13.779009
MDV,manufacturing,iron-and-steel,2023-01-01 00:00:00,2023-12-31 00:00:00,co2e_100yr,0,tonnes,annual,2026-05-01 00:00:00,2026-05-18 14:20:13.779009
MDV,manufacturing,iron-and-steel,2024-01-01 00:00:00,2024-12-31 00:00:00,co2e_100yr,0,tonnes,annual,2026-05-01 00:00:00,2026-05-18 14:20:13.779009
MDV,manufacturing,iron-and-steel,2025-01-01 00:00:00,2025-12-31 00:00:00,co2e_100yr,0,tonnes,annual,2026-05-01 00:00:00,2026-05-18 14:20:13.779009
MDV,manufacturing,iron-and-steel,2026-01-01 00:00:00,2026-12-31 00:00:00,co2e_100yr,0,tonnes,annual,2026-05-01 00:00:00,2026-05-18 14:20:13.779009
MEX,manufacturing,iron-and-steel,2015-01-01 00:00:00,2015-12-31 00:00:00,co2e_100yr,15617148.010428457,tonnes,annual,2026-05-01 00:00:00,2026-05-18 14:20:13.779009
MEX,manufacturing,iron-and-steel,2016-01-01 00:00:00,2016-12-31 00:00:00,co2e_100yr,16136541.521917941,tonnes,annual,2026-05-01 00:00:00,2026-05-18 14:20:13.779009
MEX,manufacturing,iron-and-steel,2017-01-01 00:00:00,2017-12-31 00:00:00,co2e_100yr,17079948.43869034,tonnes,annual,2026-05-01 00:00:00,2026-05-18 14:20:13.779009
MEX,manufacturing,iron-and-steel,2018-01-01 00:00:00,2018-12-31 00:00:00,co2e_100yr,17319835.025067657,tonnes,annual,2026-05-01 00:00:00,2026-05-18 14:20:13.779009
MEX,manufacturing,iron-and-steel,2019-01-01 00:00:00,2019-12-31 00:00:00,co2e_100yr,15762235.705486543,tonnes,annual,2026-05-01 00:00:00,2026-05-18 14:20:13.779009
MEX,manufacturing,iron-and-steel,2020-01-01 00:00:00,2020-12-31 00:00:00,co2e_100yr,14403978.519022048,tonnes,annual,2026-05-01 00:00:00,2026-05-18 14:20:13.779009
MEX,manufacturing,iron-and-steel,2021-01-01 00:00:00,2021-12-31 00:00:00,co2e_100yr,13850056.030592814,tonnes,annual,2026-05-01 00:00:00,2026-05-18 14:20:13.779009
MEX,manufacturing,iron-and-steel,2022-01-01 00:00:00,2022-12-31 00:00:00,co2e_100yr,13876181.897473685,tonnes,annual,2026-05-01 00:00:00,2026-05-18 14:20:13.779009
MEX,manufacturing,iron-and-steel,2023-01-01 00:00:00,2023-12-31 00:00:00,co2e_100yr,13899099.91493341,tonnes,annual,2026-05-01 00:00:00,2026-05-18 14:20:13.779009
MEX,manufacturing,iron-and-steel,2024-01-01 00:00:00,2024-12-31 00:00:00,co2e_100yr,12500352.48070577,tonnes,annual,2026-05-01 00:00:00,2026-05-18 14:20:13.779009
MEX,manufacturing,iron-and-steel,2025-01-01 00:00:00,2025-12-31 00:00:00,co2e_100yr,10847027.535210198,tonnes,annual,2026-05-01 00:00:00,2026-05-18 14:20:13.779009
MEX,manufacturing,iron-and-steel,2026-01-01 00:00:00,2026-12-31 00:00:00,co2e_100yr,2231619.5934978398,tonnes,annual,2026-05-01 00:00:00,2026-05-18 14:20:13.779009
MHL,manufacturing,iron-and-steel,2015-01-01 00:00:00,2015-12-31 00:00:00,co2e_100yr,0,tonnes,annual,2026-05-01 00:00:00,2026-05-18 14:20:13.779009
MHL,manufacturing,iron-and-steel,2016-01-01 00:00:00,2016-12-31 00:00:00,co2e_100yr,0,tonnes,annual,2026-05-01 00:00:00,2026-05-18 14:20:13.779009
MHL,manufacturing,iron-and-steel,2017-01-01 00:00:00,2017-12-31 00:00:00,co2e_100yr,0,tonnes,annual,2026-05-01 00:00:00,2026-05-18 14:20:13.779009
MHL,manufacturing,iron-and-steel,2018-01-01 00:00:00,2018-12-31 00:00:00,co2e_100yr,0,tonnes,annual,2026-05-01 00:00:00,2026-05-18 14:20:13.779009
MHL,manufacturing,iron-and-steel,2019-01-01 00:00:00,2019-12-31 00:00:00,co2e_100yr,0,tonnes,annual,2026-05-01 00:00:00,2026-05-18 14:20:13.779009
MHL,manufacturing,iron-and-steel,2020-01-01 00:00:00,2020-12-31 00:00:00,co2e_100yr,0,tonnes,annual,2026-05-01 00:00:00,2026-05-18 14:20:13.779009
MHL,manufacturing,iron-and-steel,2021-01-01 00:00:00,2021-12-31 00:00:00,co2e_100yr,0,tonnes,annual,2026-05-01 00:00:00,2026-05-18 14:20:13.779009
MHL,manufacturing,iron-and-steel,2022-01-01 00:00:00,2022-12-31 00:00:00,co2e_100yr,0,tonnes,annual,2026-05-01 00:00:00,2026-05-18 14:20:13.779009
MHL,manufacturing,iron-and-steel,2023-01-01 00:00:00,2023-12-31 00:00:00,co2e_100yr,0,tonnes,annual,2026-05-01 00:00:00,2026-05-18 14:20:13.779009
MHL,manufacturing,iron-and-steel,2024-01-01 00:00:00,2024-12-31 00:00:00,co2e_100yr,0,tonnes,annual,2026-05-01 00:00:00,2026-05-18 14:20:13.779009
MHL,manufacturing,iron-and-steel,2025-01-01 00:00:00,2025-12-31 00:00:00,co2e_100yr,0,tonnes,annual,2026-05-01 00:00:00,2026-05-18 14:20:13.779009
MHL,manufacturing,iron-and-steel,2026-01-01 00:00:00,2026-12-31 00:00:00,co2e_100yr,0,tonnes,annual,2026-05-01 00:00:00,2026-05-18 14:20:13.779009
MKD,manufacturing,iron-and-steel,2015-01-01 00:00:00,2015-12-31 00:00:00,co2e_100yr,9703.72198969839,tonnes,annual,2026-05-01 00:00:00,2026-05-18 14:20:13.779009
MKD,manufacturing,iron-and-steel,2016-01-01 00:00:00,2016-12-31 00:00:00,co2e_100yr,13529.127793271888,tonnes,annual,2026-05-01 00:00:00,2026-05-18 14:20:13.779009
MKD,manufacturing,iron-and-steel,2017-01-01 00:00:00,2017-12-31 00:00:00,co2e_100yr,21824.09257147465,tonnes,annual,2026-05-01 00:00:00,2026-05-18 14:20:13.779009
MKD,manufacturing,iron-and-steel,2018-01-01 00:00:00,2018-12-31 00:00:00,co2e_100yr,21291.052264423968,tonnes,annual,2026-05-01 00:00:00,2026-05-18 14:20:13.779009
MKD,manufacturing,iron-and-steel,2019-01-01 00:00:00,2019-12-31 00:00:00,co2e_100yr,19140.091025391706,tonnes,annual,2026-05-01 00:00:00,2026-05-18 14:20:13.779009
MKD,manufacturing,iron-and-steel,2020-01-01 00:00:00,2020-12-31 00:00:00,co2e_100yr,14390.728289585253,tonnes,annual,2026-05-01 00:00:00,2026-05-18 14:20:13.779009
MKD,manufacturing,iron-and-steel,2021-01-01 00:00:00,2021-12-31 00:00:00,co2e_100yr,25234.960000000003,tonnes,annual,2026-05-01 00:00:00,2026-05-18 14:20:13.779009
MKD,manufacturing,iron-and-steel,2022-01-01 00:00:00,2022-12-31 00:00:00,co2e_100yr,19840.08,tonnes,annual,2026-05-01 00:00:00,2026-05-18 14:20:13.779009
MKD,manufacturing,iron-and-steel,2023-01-01 00:00:00,2023-12-31 00:00:00,co2e_100yr,23673.28,tonnes,annual,2026-05-01 00:00:00,2026-05-18 14:20:13.779009
MKD,manufacturing,iron-and-steel,2024-01-01 00:00:00,2024-12-31 00:00:00,co2e_100yr,24400.720000000005,tonnes,annual,2026-05-01 00:00:00,2026-05-18 14:20:13.779009
MKD,manufacturing,iron-and-steel,2025-01-01 00:00:00,2025-12-31 00:00:00,co2e_100yr,20695.760000000002,tonnes,annual,2026-05-01 00:00:00,2026-05-18 14:20:13.779009
MKD,manufacturing,iron-and-steel,2026-01-01 00:00:00,2026-12-31 00:00:00,co2e_100yr,5376.64,tonnes,annual,2026-05-01 00:00:00,2026-05-18 14:20:13.779009
MLI,manufacturing,iron-and-steel,2015-01-01 00:00:00,2015-12-31 00:00:00,co2e_100yr,0,tonnes,annual,2026-05-01 00:00:00,2026-05-18 14:20:13.779009
MLI,manufacturing,iron-and-steel,2016-01-01 00:00:00,2016-12-31 00:00:00,co2e_100yr,0,tonnes,annual,2026-05-01 00:00:00,2026-05-18 14:20:13.779009
MLI,manufacturing,iron-and-steel,2017-01-01 00:00:00,2017-12-31 00:00:00,co2e_100yr,0,tonnes,annual,2026-05-01 00:00:00,2026-05-18 14:20:13.779009
MLI,manufacturing,iron-and-steel,2018-01-01 00:00:00,2018-12-31 00:00:00,co2e_100yr,0,tonnes,annual,2026-05-01 00:00:00,2026-05-18 14:20:13.779009
MLI,manufacturing,iron-and-steel,2019-01-01 00:00:00,2019-12-31 00:00:00,co2e_100yr,0,tonnes,annual,2026-05-01 00:00:00,2026-05-18 14:20:13.779009
MLI,manufacturing,iron-and-steel,2020-01-01 00:00:00,2020-12-31 00:00:00,co2e_100yr,0,tonnes,annual,2026-05-01 00:00:00,2026-05-18 14:20:13.779009
MLI,manufacturing,iron-and-steel,2021-01-01 00:00:00,2021-12-31 00:00:00,co2e_100yr,0,tonnes,annual,2026-05-01 00:00:00,2026-05-18 14:20:13.779009
MLI,manufacturing,iron-and-steel,2022-01-01 00:00:00,2022-12-31 00:00:00,co2e_100yr,0,tonnes,annual,2026-05-01 00:00:00,2026-05-18 14:20:13.779009
MLI,manufacturing,iron-and-steel,2023-01-01 00:00:00,2023-12-31 00:00:00,co2e_100yr,0,tonnes,annual,2026-05-01 00:00:00,2026-05-18 14:20:13.779009
MLI,manufacturing,iron-and-steel,2024-01-01 00:00:00,2024-12-31 00:00:00,co2e_100yr,0,tonnes,annual,2026-05-01 00:00:00,2026-05-18 14:20:13.779009
MLI,manufacturing,iron-and-steel,2025-01-01 00:00:00,2025-12-31 00:00:00,co2e_100yr,0,tonnes,annual,2026-05-01 00:00:00,2026-05-18 14:20:13.779009
MLI,manufacturing,iron-and-steel,2026-01-01 00:00:00,2026-12-31 00:00:00,co2e_100yr,0,tonnes,annual,2026-05-01 00:00:00,2026-05-18 14:20:13.779009
MLT,manufacturing,iron-and-steel,2015-01-01 00:00:00,2015-12-31 00:00:00,co2e_100yr,0,tonnes,annual,2026-05-01 00:00:00,2026-05-18 14:20:13.779009
MLT,manufacturing,iron-and-steel,2016-01-01 00:00:00,2016-12-31 00:00:00,co2e_100yr,0,tonnes,annual,2026-05-01 00:00:00,2026-05-18 14:20:13.779009
MLT,manufacturing,iron-and-steel,2017-01-01 00:00:00,2017-12-31 00:00:00,co2e_100yr,0,tonnes,annual,2026-05-01 00:00:00,2026-05-18 14:20:13.779009
MLT,manufacturing,iron-and-steel,2018-01-01 00:00:00,2018-12-31 00:00:00,co2e_100yr,0,tonnes,annual,2026-05-01 00:00:00,2026-05-18 14:20:13.779009
MLT,manufacturing,iron-and-steel,2019-01-01 00:00:00,2019-12-31 00:00:00,co2e_100yr,0,tonnes,annual,2026-05-01 00:00:00,2026-05-18 14:20:13.779009
MLT,manufacturing,iron-and-steel,2020-01-01 00:00:00,2020-12-31 00:00:00,co2e_100yr,0,tonnes,annual,2026-05-01 00:00:00,2026-05-18 14:20:13.779009
MLT,manufacturing,iron-and-steel,2021-01-01 00:00:00,2021-12-31 00:00:00,co2e_100yr,0,tonnes,annual,2026-05-01 00:00:00,2026-05-18 14:20:13.779009
MLT,manufacturing,iron-and-steel,2022-01-01 00:00:00,2022-12-31 00:00:00,co2e_100yr,0,tonnes,annual,2026-05-01 00:00:00,2026-05-18 14:20:13.779009
MLT,manufacturing,iron-and-steel,2023-01-01 00:00:00,2023-12-31 00:00:00,co2e_100yr,0,tonnes,annual,2026-05-01 00:00:00,2026-05-18 14:20:13.779009
MLT,manufacturing,iron-and-steel,2024-01-01 00:00:00,2024-12-31 00:00:00,co2e_100yr,0,tonnes,annual,2026-05-01 00:00:00,2026-05-18 14:20:13.779009
MLT,manufacturing,iron-and-steel,2025-01-01 00:00:00,2025-12-31 00:00:00,co2e_100yr,0,tonnes,annual,2026-05-01 00:00:00,2026-05-18 14:20:13.779009
MLT,manufacturing,iron-and-steel,2026-01-01 00:00:00,2026-12-31 00:00:00,co2e_100yr,0,tonnes,annual,2026-05-01 00:00:00,2026-05-18 14:20:13.779009
MMR,manufacturing,iron-and-steel,2015-01-01 00:00:00,2015-12-31 00:00:00,co2e_100yr,40602.0716589396,tonnes,annual,2026-05-01 00:00:00,2026-05-18 14:20:13.779009
MMR,manufacturing,iron-and-steel,2016-01-01 00:00:00,2016-12-31 00:00:00,co2e_100yr,54136.0955452528,tonnes,annual,2026-05-01 00:00:00,2026-05-18 14:20:13.779009
MMR,manufacturing,iron-and-steel,2017-01-01 00:00:00,2017-12-31 00:00:00,co2e_100yr,67670.119431566,tonnes,annual,2026-05-01 00:00:00,2026-05-18 14:20:13.779009
MMR,manufacturing,iron-and-steel,2018-01-01 00:00:00,2018-12-31 00:00:00,co2e_100yr,81204.14331787922,tonnes,annual,2026-05-01 00:00:00,2026-05-18 14:20:13.779009
MMR,manufacturing,iron-and-steel,2019-01-01 00:00:00,2019-12-31 00:00:00,co2e_100yr,94738.1672041924,tonnes,annual,2026-05-01 00:00:00,2026-05-18 14:20:13.779009
MMR,manufacturing,iron-and-steel,2020-01-01 00:00:00,2020-12-31 00:00:00,co2e_100yr,94738.1672041924,tonnes,annual,2026-05-01 00:00:00,2026-05-18 14:20:13.779009
MMR,manufacturing,iron-and-steel,2021-01-01 00:00:00,2021-12-31 00:00:00,co2e_100yr,108272.1910905056,tonnes,annual,2026-05-01 00:00:00,2026-05-18 14:20:13.779009
MMR,manufacturing,iron-and-steel,2022-01-01 00:00:00,2022-12-31 00:00:00,co2e_100yr,108272.1910905056,tonnes,annual,2026-05-01 00:00:00,2026-05-18 14:20:13.779009
MMR,manufacturing,iron-and-steel,2023-01-01 00:00:00,2023-12-31 00:00:00,co2e_100yr,135340.238863132,tonnes,annual,2026-05-01 00:00:00,2026-05-18 14:20:13.779009
MMR,manufacturing,iron-and-steel,2024-01-01 00:00:00,2024-12-31 00:00:00,co2e_100yr,135340.238863132,tonnes,annual,2026-05-01 00:00:00,2026-05-18 14:20:13.779009
MMR,manufacturing,iron-and-steel,2025-01-01 00:00:00,2025-12-31 00:00:00,co2e_100yr,135340.238863132,tonnes,annual,2026-05-01 00:00:00,2026-05-18 14:20:13.779009
MMR,manufacturing,iron-and-steel,2026-01-01 00:00:00,2026-12-31 00:00:00,co2e_100yr,30702.079854820644,tonnes,annual,2026-05-01 00:00:00,2026-05-18 14:20:13.779009
MNE,manufacturing,iron-and-steel,2015-01-01 00:00:00,2015-12-31 00:00:00,co2e_100yr,2928.16,tonnes,annual,2026-05-01 00:00:00,2026-05-18 14:20:13.779009
MNE,manufacturing,iron-and-steel,2016-01-01 00:00:00,2016-12-31 00:00:00,co2e_100yr,2099.6800000000003,tonnes,annual,2026-05-01 00:00:00,2026-05-18 14:20:13.779009
MNE,manufacturing,iron-and-steel,2017-01-01 00:00:00,2017-12-31 00:00:00,co2e_100yr,2211.0400000000004,tonnes,annual,2026-05-01 00:00:00,2026-05-18 14:20:13.779009
MNE,manufacturing,iron-and-steel,2018-01-01 00:00:00,2018-12-31 00:00:00,co2e_100yr,2124.1599999999994,tonnes,annual,2026-05-01 00:00:00,2026-05-18 14:20:13.779009
MNE,manufacturing,iron-and-steel,2019-01-01 00:00:00,2019-12-31 00:00:00,co2e_100yr,1940.9599999999998,tonnes,annual,2026-05-01 00:00:00,2026-05-18 14:20:13.779009
MNE,manufacturing,iron-and-steel,2020-01-01 00:00:00,2020-12-31 00:00:00,co2e_100yr,1549.1200000000003,tonnes,annual,2026-05-01 00:00:00,2026-05-18 14:20:13.779009
MNE,manufacturing,iron-and-steel,2021-01-01 00:00:00,2021-12-31 00:00:00,co2e_100yr,243.35999999999996,tonnes,annual,2026-05-01 00:00:00,2026-05-18 14:20:13.779009
MNE,manufacturing,iron-and-steel,2022-01-01 00:00:00,2022-12-31 00:00:00,co2e_100yr,0,tonnes,annual,2026-05-01 00:00:00,2026-05-18 14:20:13.779009
MNE,manufacturing,iron-and-steel,2023-01-01 00:00:00,2023-12-31 00:00:00,co2e_100yr,0,tonnes,annual,2026-05-01 00:00:00,2026-05-18 14:20:13.779009
MNE,manufacturing,iron-and-steel,2024-01-01 00:00:00,2024-12-31 00:00:00,co2e_100yr,400,tonnes,annual,2026-05-01 00:00:00,2026-05-18 14:20:13.779009
MNE,manufacturing,iron-and-steel,2025-01-01 00:00:00,2025-12-31 00:00:00,co2e_100yr,0,tonnes,annual,2026-05-01 00:00:00,2026-05-18 14:20:13.779009
MNE,manufacturing,iron-and-steel,2026-01-01 00:00:00,2026-12-31 00:00:00,co2e_100yr,0,tonnes,annual,2026-05-01 00:00:00,2026-05-18 14:20:13.779009
MNG,manufacturing,iron-and-steel,2015-01-01 00:00:00,2015-12-31 00:00:00,co2e_100yr,3600,tonnes,annual,2026-05-01 00:00:00,2026-05-18 14:20:13.779009
MNG,manufacturing,iron-and-steel,2016-01-01 00:00:00,2016-12-31 00:00:00,co2e_100yr,3999.9999999999995,tonnes,annual,2026-05-01 00:00:00,2026-05-18 14:20:13.779009
MNG,manufacturing,iron-and-steel,2017-01-01 00:00:00,2017-12-31 00:00:00,co2e_100yr,3999.999999999999,tonnes,annual,2026-05-01 00:00:00,2026-05-18 14:20:13.779009
MNG,manufacturing,iron-and-steel,2018-01-01 00:00:00,2018-12-31 00:00:00,co2e_100yr,4000,tonnes,annual,2026-05-01 00:00:00,2026-05-18 14:20:13.779009
MNG,manufacturing,iron-and-steel,2019-01-01 00:00:00,2019-12-31 00:00:00,co2e_100yr,3999.999999999999,tonnes,annual,2026-05-01 00:00:00,2026-05-18 14:20:13.779009
MNG,manufacturing,iron-and-steel,2020-01-01 00:00:00,2020-12-31 00:00:00,co2e_100yr,4000,tonnes,annual,2026-05-01 00:00:00,2026-05-18 14:20:13.779009
MNG,manufacturing,iron-and-steel,2021-01-01 00:00:00,2021-12-31 00:00:00,co2e_100yr,2874.0799999999995,tonnes,annual,2026-05-01 00:00:00,2026-05-18 14:20:13.779009
MNG,manufacturing,iron-and-steel,2022-01-01 00:00:00,2022-12-31 00:00:00,co2e_100yr,1997.8135999999995,tonnes,annual,2026-05-01 00:00:00,2026-05-18 14:20:13.779009
MNG,manufacturing,iron-and-steel,2023-01-01 00:00:00,2023-12-31 00:00:00,co2e_100yr,3014.44,tonnes,annual,2026-05-01 00:00:00,2026-05-18 14:20:13.779009
MNG,manufacturing,iron-and-steel,2024-01-01 00:00:00,2024-12-31 00:00:00,co2e_100yr,2878.9680000000003,tonnes,annual,2026-05-01 00:00:00,2026-05-18 14:20:13.779009
MNG,manufacturing,iron-and-steel,2025-01-01 00:00:00,2025-12-31 00:00:00,co2e_100yr,2854.4320000000002,tonnes,annual,2026-05-01 00:00:00,2026-05-18 14:20:13.779009
MNG,manufacturing,iron-and-steel,2026-01-01 00:00:00,2026-12-31 00:00:00,co2e_100yr,793.8240000000001,tonnes,annual,2026-05-01 00:00:00,2026-05-18 14:20:13.779009
MNP,manufacturing,iron-and-steel,2015-01-01 00:00:00,2015-12-31 00:00:00,co2e_100yr,0,tonnes,annual,2026-05-01 00:00:00,2026-05-18 14:20:13.779009
MNP,manufacturing,iron-and-steel,2016-01-01 00:00:00,2016-12-31 00:00:00,co2e_100yr,0,tonnes,annual,2026-05-01 00:00:00,2026-05-18 14:20:13.779009
MNP,manufacturing,iron-and-steel,2017-01-01 00:00:00,2017-12-31 00:00:00,co2e_100yr,0,tonnes,annual,2026-05-01 00:00:00,2026-05-18 14:20:13.779009
MNP,manufacturing,iron-and-steel,2018-01-01 00:00:00,2018-12-31 00:00:00,co2e_100yr,0,tonnes,annual,2026-05-01 00:00:00,2026-05-18 14:20:13.779009
MNP,manufacturing,iron-and-steel,2019-01-01 00:00:00,2019-12-31 00:00:00,co2e_100yr,0,tonnes,annual,2026-05-01 00:00:00,2026-05-18 14:20:13.779009
MNP,manufacturing,iron-and-steel,2020-01-01 00:00:00,2020-12-31 00:00:00,co2e_100yr,0,tonnes,annual,2026-05-01 00:00:00,2026-05-18 14:20:13.779009
MNP,manufacturing,iron-and-steel,2021-01-01 00:00:00,2021-12-31 00:00:00,co2e_100yr,0,tonnes,annual,2026-05-01 00:00:00,2026-05-18 14:20:13.779009
MNP,manufacturing,iron-and-steel,2022-01-01 00:00:00,2022-12-31 00:00:00,co2e_100yr,0,tonnes,annual,2026-05-01 00:00:00,2026-05-18 14:20:13.779009
MNP,manufacturing,iron-and-steel,2023-01-01 00:00:00,2023-12-31 00:00:00,co2e_100yr,0,tonnes,annual,2026-05-01 00:00:00,2026-05-18 14:20:13.779009
MNP,manufacturing,iron-and-steel,2024-01-01 00:00:00,2024-12-31 00:00:00,co2e_100yr,0,tonnes,annual,2026-05-01 00:00:00,2026-05-18 14:20:13.779009
MNP,manufacturing,iron-and-steel,2025-01-01 00:00:00,2025-12-31 00:00:00,co2e_100yr,0,tonnes,annual,2026-05-01 00:00:00,2026-05-18 14:20:13.779009
MNP,manufacturing,iron-and-steel,2026-01-01 00:00:00,2026-12-31 00:00:00,co2e_100yr,0,tonnes,annual,2026-05-01 00:00:00,2026-05-18 14:20:13.779009
MOZ,manufacturing,iron-and-steel,2015-01-01 00:00:00,2015-12-31 00:00:00,co2e_100yr,0,tonnes,annual,2026-05-01 00:00:00,2026-05-18 14:20:13.779009
MOZ,manufacturing,iron-and-steel,2016-01-01 00:00:00,2016-12-31 00:00:00,co2e_100yr,0,tonnes,annual,2026-05-01 00:00:00,2026-05-18 14:20:13.779009
MOZ,manufacturing,iron-and-steel,2017-01-01 00:00:00,2017-12-31 00:00:00,co2e_100yr,0,tonnes,annual,2026-05-01 00:00:00,2026-05-18 14:20:13.779009
MOZ,manufacturing,iron-and-steel,2018-01-01 00:00:00,2018-12-31 00:00:00,co2e_100yr,0,tonnes,annual,2026-05-01 00:00:00,2026-05-18 14:20:13.779009
MOZ,manufacturing,iron-and-steel,2019-01-01 00:00:00,2019-12-31 00:00:00,co2e_100yr,0,tonnes,annual,2026-05-01 00:00:00,2026-05-18 14:20:13.779009
MOZ,manufacturing,iron-and-steel,2020-01-01 00:00:00,2020-12-31 00:00:00,co2e_100yr,0,tonnes,annual,2026-05-01 00:00:00,2026-05-18 14:20:13.779009
MOZ,manufacturing,iron-and-steel,2021-01-01 00:00:00,2021-12-31 00:00:00,co2e_100yr,0,tonnes,annual,2026-05-01 00:00:00,2026-05-18 14:20:13.779009
MOZ,manufacturing,iron-and-steel,2022-01-01 00:00:00,2022-12-31 00:00:00,co2e_100yr,0,tonnes,annual,2026-05-01 00:00:00,2026-05-18 14:20:13.779009
MOZ,manufacturing,iron-and-steel,2023-01-01 00:00:00,2023-12-31 00:00:00,co2e_100yr,0,tonnes,annual,2026-05-01 00:00:00,2026-05-18 14:20:13.779009
MOZ,manufacturing,iron-and-steel,2024-01-01 00:00:00,2024-12-31 00:00:00,co2e_100yr,0,tonnes,annual,2026-05-01 00:00:00,2026-05-18 14:20:13.779009
MOZ,manufacturing,iron-and-steel,2025-01-01 00:00:00,2025-12-31 00:00:00,co2e_100yr,0,tonnes,annual,2026-05-01 00:00:00,2026-05-18 14:20:13.779009
MOZ,manufacturing,iron-and-steel,2026-01-01 00:00:00,2026-12-31 00:00:00,co2e_100yr,0,tonnes,annual,2026-05-01 00:00:00,2026-05-18 14:20:13.779009
MRT,manufacturing,iron-and-steel,2015-01-01 00:00:00,2015-12-31 00:00:00,co2e_100yr,9499.999999999998,tonnes,annual,2026-05-01 00:00:00,2026-05-18 14:20:13.779009
MRT,manufacturing,iron-and-steel,2016-01-01 00:00:00,2016-12-31 00:00:00,co2e_100yr,9499.999999999998,tonnes,annual,2026-05-01 00:00:00,2026-05-18 14:20:13.779009
MRT,manufacturing,iron-and-steel,2017-01-01 00:00:00,2017-12-31 00:00:00,co2e_100yr,9499.999999999998,tonnes,annual,2026-05-01 00:00:00,2026-05-18 14:20:13.779009
MRT,manufacturing,iron-and-steel,2018-01-01 00:00:00,2018-12-31 00:00:00,co2e_100yr,9500,tonnes,annual,2026-05-01 00:00:00,2026-05-18 14:20:13.779009
MRT,manufacturing,iron-and-steel,2019-01-01 00:00:00,2019-12-31 00:00:00,co2e_100yr,9499.999999999998,tonnes,annual,2026-05-01 00:00:00,2026-05-18 14:20:13.779009
MRT,manufacturing,iron-and-steel,2020-01-01 00:00:00,2020-12-31 00:00:00,co2e_100yr,9499.999999999998,tonnes,annual,2026-05-01 00:00:00,2026-05-18 14:20:13.779009
MRT,manufacturing,iron-and-steel,2021-01-01 00:00:00,2021-12-31 00:00:00,co2e_100yr,9500,tonnes,annual,2026-05-01 00:00:00,2026-05-18 14:20:13.779009
MRT,manufacturing,iron-and-steel,2022-01-01 00:00:00,2022-12-31 00:00:00,co2e_100yr,9500,tonnes,annual,2026-05-01 00:00:00,2026-05-18 14:20:13.779009
MRT,manufacturing,iron-and-steel,2023-01-01 00:00:00,2023-12-31 00:00:00,co2e_100yr,9499.999999999996,tonnes,annual,2026-05-01 00:00:00,2026-05-18 14:20:13.779009
MRT,manufacturing,iron-and-steel,2024-01-01 00:00:00,2024-12-31 00:00:00,co2e_100yr,9499.999999999998,tonnes,annual,2026-05-01 00:00:00,2026-05-18 14:20:13.779009
MRT,manufacturing,iron-and-steel,2025-01-01 00:00:00,2025-12-31 00:00:00,co2e_100yr,9499.999999999996,tonnes,annual,2026-05-01 00:00:00,2026-05-18 14:20:13.779009
MRT,manufacturing,iron-and-steel,2026-01-01 00:00:00,2026-12-31 00:00:00,co2e_100yr,2420.547945205479,tonnes,annual,2026-05-01 00:00:00,2026-05-18 14:20:13.779009
MSR,manufacturing,iron-and-steel,2015-01-01 00:00:00,2015-12-31 00:00:00,co2e_100yr,0,tonnes,annual,2026-05-01 00:00:00,2026-05-18 14:20:13.779009
MSR,manufacturing,iron-and-steel,2016-01-01 00:00:00,2016-12-31 00:00:00,co2e_100yr,0,tonnes,annual,2026-05-01 00:00:00,2026-05-18 14:20:13.779009
MSR,manufacturing,iron-and-steel,2017-01-01 00:00:00,2017-12-31 00:00:00,co2e_100yr,0,tonnes,annual,2026-05-01 00:00:00,2026-05-18 14:20:13.779009
MSR,manufacturing,iron-and-steel,2018-01-01 00:00:00,2018-12-31 00:00:00,co2e_100yr,0,tonnes,annual,2026-05-01 00:00:00,2026-05-18 14:20:13.779009
MSR,manufacturing,iron-and-steel,2019-01-01 00:00:00,2019-12-31 00:00:00,co2e_100yr,0,tonnes,annual,2026-05-01 00:00:00,2026-05-18 14:20:13.779009
MSR,manufacturing,iron-and-steel,2020-01-01 00:00:00,2020-12-31 00:00:00,co2e_100yr,0,tonnes,annual,2026-05-01 00:00:00,2026-05-18 14:20:13.779009
MSR,manufacturing,iron-and-steel,2021-01-01 00:00:00,2021-12-31 00:00:00,co2e_100yr,0,tonnes,annual,2026-05-01 00:00:00,2026-05-18 14:20:13.779009
MSR,manufacturing,iron-and-steel,2022-01-01 00:00:00,2022-12-31 00:00:00,co2e_100yr,0,tonnes,annual,2026-05-01 00:00:00,2026-05-18 14:20:13.779009
MSR,manufacturing,iron-and-steel,2023-01-01 00:00:00,2023-12-31 00:00:00,co2e_100yr,0,tonnes,annual,2026-05-01 00:00:00,2026-05-18 14:20:13.779009
MSR,manufacturing,iron-and-steel,2024-01-01 00:00:00,2024-12-31 00:00:00,co2e_100yr,0,tonnes,annual,2026-05-01 00:00:00,2026-05-18 14:20:13.779009
MSR,manufacturing,iron-and-steel,2025-01-01 00:00:00,2025-12-31 00:00:00,co2e_100yr,0,tonnes,annual,2026-05-01 00:00:00,2026-05-18 14:20:13.779009
MSR,manufacturing,iron-and-steel,2026-01-01 00:00:00,2026-12-31 00:00:00,co2e_100yr,0,tonnes,annual,2026-05-01 00:00:00,2026-05-18 14:20:13.779009
MTQ,manufacturing,iron-and-steel,2015-01-01 00:00:00,2015-12-31 00:00:00,co2e_100yr,0,tonnes,annual,2026-05-01 00:00:00,2026-05-18 14:20:13.779009
MTQ,manufacturing,iron-and-steel,2016-01-01 00:00:00,2016-12-31 00:00:00,co2e_100yr,0,tonnes,annual,2026-05-01 00:00:00,2026-05-18 14:20:13.779009
MTQ,manufacturing,iron-and-steel,2017-01-01 00:00:00,2017-12-31 00:00:00,co2e_100yr,0,tonnes,annual,2026-05-01 00:00:00,2026-05-18 14:20:13.779009
MTQ,manufacturing,iron-and-steel,2018-01-01 00:00:00,2018-12-31 00:00:00,co2e_100yr,0,tonnes,annual,2026-05-01 00:00:00,2026-05-18 14:20:13.779009
MTQ,manufacturing,iron-and-steel,2019-01-01 00:00:00,2019-12-31 00:00:00,co2e_100yr,0,tonnes,annual,2026-05-01 00:00:00,2026-05-18 14:20:13.779009
MTQ,manufacturing,iron-and-steel,2020-01-01 00:00:00,2020-12-31 00:00:00,co2e_100yr,0,tonnes,annual,2026-05-01 00:00:00,2026-05-18 14:20:13.779009
MTQ,manufacturing,iron-and-steel,2021-01-01 00:00:00,2021-12-31 00:00:00,co2e_100yr,0,tonnes,annual,2026-05-01 00:00:00,2026-05-18 14:20:13.779009
MTQ,manufacturing,iron-and-steel,2022-01-01 00:00:00,2022-12-31 00:00:00,co2e_100yr,0,tonnes,annual,2026-05-01 00:00:00,2026-05-18 14:20:13.779009
MTQ,manufacturing,iron-and-steel,2023-01-01 00:00:00,2023-12-31 00:00:00,co2e_100yr,0,tonnes,annual,2026-05-01 00:00:00,2026-05-18 14:20:13.779009
MTQ,manufacturing,iron-and-steel,2024-01-01 00:00:00,2024-12-31 00:00:00,co2e_100yr,0,tonnes,annual,2026-05-01 00:00:00,2026-05-18 14:20:13.779009
MTQ,manufacturing,iron-and-steel,2025-01-01 00:00:00,2025-12-31 00:00:00,co2e_100yr,0,tonnes,annual,2026-05-01 00:00:00,2026-05-18 14:20:13.779009
MTQ,manufacturing,iron-and-steel,2026-01-01 00:00:00,2026-12-31 00:00:00,co2e_100yr,0,tonnes,annual,2026-05-01 00:00:00,2026-05-18 14:20:13.779009
MUS,manufacturing,iron-and-steel,2015-01-01 00:00:00,2015-12-31 00:00:00,co2e_100yr,0,tonnes,annual,2026-05-01 00:00:00,2026-05-18 14:20:13.779009
MUS,manufacturing,iron-and-steel,2016-01-01 00:00:00,2016-12-31 00:00:00,co2e_100yr,0,tonnes,annual,2026-05-01 00:00:00,2026-05-18 14:20:13.779009
MUS,manufacturing,iron-and-steel,2017-01-01 00:00:00,2017-12-31 00:00:00,co2e_100yr,0,tonnes,annual,2026-05-01 00:00:00,2026-05-18 14:20:13.779009
MUS,manufacturing,iron-and-steel,2018-01-01 00:00:00,2018-12-31 00:00:00,co2e_100yr,0,tonnes,annual,2026-05-01 00:00:00,2026-05-18 14:20:13.779009
MUS,manufacturing,iron-and-steel,2019-01-01 00:00:00,2019-12-31 00:00:00,co2e_100yr,0,tonnes,annual,2026-05-01 00:00:00,2026-05-18 14:20:13.779009
MUS,manufacturing,iron-and-steel,2020-01-01 00:00:00,2020-12-31 00:00:00,co2e_100yr,0,tonnes,annual,2026-05-01 00:00:00,2026-05-18 14:20:13.779009
MUS,manufacturing,iron-and-steel,2021-01-01 00:00:00,2021-12-31 00:00:00,co2e_100yr,0,tonnes,annual,2026-05-01 00:00:00,2026-05-18 14:20:13.779009
MUS,manufacturing,iron-and-steel,2022-01-01 00:00:00,2022-12-31 00:00:00,co2e_100yr,0,tonnes,annual,2026-05-01 00:00:00,2026-05-18 14:20:13.779009
MUS,manufacturing,iron-and-steel,2023-01-01 00:00:00,2023-12-31 00:00:00,co2e_100yr,0,tonnes,annual,2026-05-01 00:00:00,2026-05-18 14:20:13.779009
MUS,manufacturing,iron-and-steel,2024-01-01 00:00:00,2024-12-31 00:00:00,co2e_100yr,0,tonnes,annual,2026-05-01 00:00:00,2026-05-18 14:20:13.779009
MUS,manufacturing,iron-and-steel,2025-01-01 00:00:00,2025-12-31 00:00:00,co2e_100yr,0,tonnes,annual,2026-05-01 00:00:00,2026-05-18 14:20:13.779009
MUS,manufacturing,iron-and-steel,2026-01-01 00:00:00,2026-12-31 00:00:00,co2e_100yr,0,tonnes,annual,2026-05-01 00:00:00,2026-05-18 14:20:13.779009
MWI,manufacturing,iron-and-steel,2015-01-01 00:00:00,2015-12-31 00:00:00,co2e_100yr,0,tonnes,annual,2026-05-01 00:00:00,2026-05-18 14:20:13.779009
MWI,manufacturing,iron-and-steel,2016-01-01 00:00:00,2016-12-31 00:00:00,co2e_100yr,0,tonnes,annual,2026-05-01 00:00:00,2026-05-18 14:20:13.779009
MWI,manufacturing,iron-and-steel,2017-01-01 00:00:00,2017-12-31 00:00:00,co2e_100yr,0,tonnes,annual,2026-05-01 00:00:00,2026-05-18 14:20:13.779009
MWI,manufacturing,iron-and-steel,2018-01-01 00:00:00,2018-12-31 00:00:00,co2e_100yr,0,tonnes,annual,2026-05-01 00:00:00,2026-05-18 14:20:13.779009
MWI,manufacturing,iron-and-steel,2019-01-01 00:00:00,2019-12-31 00:00:00,co2e_100yr,0,tonnes,annual,2026-05-01 00:00:00,2026-05-18 14:20:13.779009
MWI,manufacturing,iron-and-steel,2020-01-01 00:00:00,2020-12-31 00:00:00,co2e_100yr,0,tonnes,annual,2026-05-01 00:00:00,2026-05-18 14:20:13.779009
MWI,manufacturing,iron-and-steel,2021-01-01 00:00:00,2021-12-31 00:00:00,co2e_100yr,0,tonnes,annual,2026-05-01 00:00:00,2026-05-18 14:20:13.779009
MWI,manufacturing,iron-and-steel,2022-01-01 00:00:00,2022-12-31 00:00:00,co2e_100yr,0,tonnes,annual,2026-05-01 00:00:00,2026-05-18 14:20:13.779009
MWI,manufacturing,iron-and-steel,2023-01-01 00:00:00,2023-12-31 00:00:00,co2e_100yr,0,tonnes,annual,2026-05-01 00:00:00,2026-05-18 14:20:13.779009
MWI,manufacturing,iron-and-steel,2024-01-01 00:00:00,2024-12-31 00:00:00,co2e_100yr,0,tonnes,annual,2026-05-01 00:00:00,2026-05-18 14:20:13.779009
MWI,manufacturing,iron-and-steel,2025-01-01 00:00:00,2025-12-31 00:00:00,co2e_100yr,0,tonnes,annual,2026-05-01 00:00:00,2026-05-18 14:20:13.779009
MWI,manufacturing,iron-and-steel,2026-01-01 00:00:00,2026-12-31 00:00:00,co2e_100yr,0,tonnes,annual,2026-05-01 00:00:00,2026-05-18 14:20:13.779009
MYS,manufacturing,iron-and-steel,2015-01-01 00:00:00,2015-12-31 00:00:00,co2e_100yr,5396636.738477704,tonnes,annual,2026-05-01 00:00:00,2026-05-18 14:20:13.779009
MYS,manufacturing,iron-and-steel,2016-01-01 00:00:00,2016-12-31 00:00:00,co2e_100yr,3942497.9577018707,tonnes,annual,2026-05-01 00:00:00,2026-05-18 14:20:13.779009
MYS,manufacturing,iron-and-steel,2017-01-01 00:00:00,2017-12-31 00:00:00,co2e_100yr,4585577.680562579,tonnes,annual,2026-05-01 00:00:00,2026-05-18 14:20:13.779009
MYS,manufacturing,iron-and-steel,2018-01-01 00:00:00,2018-12-31 00:00:00,co2e_100yr,5860079.699898668,tonnes,annual,2026-05-01 00:00:00,2026-05-18 14:20:13.779009
MYS,manufacturing,iron-and-steel,2019-01-01 00:00:00,2019-12-31 00:00:00,co2e_100yr,9910839.247897735,tonnes,annual,2026-05-01 00:00:00,2026-05-18 14:20:13.779009
MYS,manufacturing,iron-and-steel,2020-01-01 00:00:00,2020-12-31 00:00:00,co2e_100yr,9440253.206660584,tonnes,annual,2026-05-01 00:00:00,2026-05-18 14:20:13.779009
MYS,manufacturing,iron-and-steel,2021-01-01 00:00:00,2021-12-31 00:00:00,co2e_100yr,7894504.265061716,tonnes,annual,2026-05-01 00:00:00,2026-05-18 14:20:13.779009
MYS,manufacturing,iron-and-steel,2022-01-01 00:00:00,2022-12-31 00:00:00,co2e_100yr,14543741.343174309,tonnes,annual,2026-05-01 00:00:00,2026-05-18 14:20:13.779009
MYS,manufacturing,iron-and-steel,2023-01-01 00:00:00,2023-12-31 00:00:00,co2e_100yr,14354844.610133696,tonnes,annual,2026-05-01 00:00:00,2026-05-18 14:20:13.779009
MYS,manufacturing,iron-and-steel,2024-01-01 00:00:00,2024-12-31 00:00:00,co2e_100yr,16053529.053591825,tonnes,annual,2026-05-01 00:00:00,2026-05-18 14:20:13.779009
MYS,manufacturing,iron-and-steel,2025-01-01 00:00:00,2025-12-31 00:00:00,co2e_100yr,16308257.737404916,tonnes,annual,2026-05-01 00:00:00,2026-05-18 14:20:13.779009
MYS,manufacturing,iron-and-steel,2026-01-01 00:00:00,2026-12-31 00:00:00,co2e_100yr,5602567.447290036,tonnes,annual,2026-05-01 00:00:00,2026-05-18 14:20:13.779009
MYT,manufacturing,iron-and-steel,2015-01-01 00:00:00,2015-12-31 00:00:00,co2e_100yr,0,tonnes,annual,2026-05-01 00:00:00,2026-05-18 14:20:13.779009
MYT,manufacturing,iron-and-steel,2016-01-01 00:00:00,2016-12-31 00:00:00,co2e_100yr,0,tonnes,annual,2026-05-01 00:00:00,2026-05-18 14:20:13.779009
MYT,manufacturing,iron-and-steel,2017-01-01 00:00:00,2017-12-31 00:00:00,co2e_100yr,0,tonnes,annual,2026-05-01 00:00:00,2026-05-18 14:20:13.779009
MYT,manufacturing,iron-and-steel,2018-01-01 00:00:00,2018-12-31 00:00:00,co2e_100yr,0,tonnes,annual,2026-05-01 00:00:00,2026-05-18 14:20:13.779009
MYT,manufacturing,iron-and-steel,2019-01-01 00:00:00,2019-12-31 00:00:00,co2e_100yr,0,tonnes,annual,2026-05-01 00:00:00,2026-05-18 14:20:13.779009
MYT,manufacturing,iron-and-steel,2020-01-01 00:00:00,2020-12-31 00:00:00,co2e_100yr,0,tonnes,annual,2026-05-01 00:00:00,2026-05-18 14:20:13.779009
MYT,manufacturing,iron-and-steel,2021-01-01 00:00:00,2021-12-31 00:00:00,co2e_100yr,0,tonnes,annual,2026-05-01 00:00:00,2026-05-18 14:20:13.779009
MYT,manufacturing,iron-and-steel,2022-01-01 00:00:00,2022-12-31 00:00:00,co2e_100yr,0,tonnes,annual,2026-05-01 00:00:00,2026-05-18 14:20:13.779009
MYT,manufacturing,iron-and-steel,2023-01-01 00:00:00,2023-12-31 00:00:00,co2e_100yr,0,tonnes,annual,2026-05-01 00:00:00,2026-05-18 14:20:13.779009
MYT,manufacturing,iron-and-steel,2024-01-01 00:00:00,2024-12-31 00:00:00,co2e_100yr,0,tonnes,annual,2026-05-01 00:00:00,2026-05-18 14:20:13.779009
MYT,manufacturing,iron-and-steel,2025-01-01 00:00:00,2025-12-31 00:00:00,co2e_100yr,0,tonnes,annual,2026-05-01 00:00:00,2026-05-18 14:20:13.779009
MYT,manufacturing,iron-and-steel,2026-01-01 00:00:00,2026-12-31 00:00:00,co2e_100yr,0,tonnes,annual,2026-05-01 00:00:00,2026-05-18 14:20:13.779009
NAM,manufacturing,iron-and-steel,2015-01-01 00:00:00,2015-12-31 00:00:00,co2e_100yr,0,tonnes,annual,2026-05-01 00:00:00,2026-05-18 14:20:13.779009
NAM,manufacturing,iron-and-steel,2016-01-01 00:00:00,2016-12-31 00:00:00,co2e_100yr,0,tonnes,annual,2026-05-01 00:00:00,2026-05-18 14:20:13.779009
NAM,manufacturing,iron-and-steel,2017-01-01 00:00:00,2017-12-31 00:00:00,co2e_100yr,0,tonnes,annual,2026-05-01 00:00:00,2026-05-18 14:20:13.779009
NAM,manufacturing,iron-and-steel,2018-01-01 00:00:00,2018-12-31 00:00:00,co2e_100yr,0,tonnes,annual,2026-05-01 00:00:00,2026-05-18 14:20:13.779009
NAM,manufacturing,iron-and-steel,2019-01-01 00:00:00,2019-12-31 00:00:00,co2e_100yr,0,tonnes,annual,2026-05-01 00:00:00,2026-05-18 14:20:13.779009
NAM,manufacturing,iron-and-steel,2020-01-01 00:00:00,2020-12-31 00:00:00,co2e_100yr,0,tonnes,annual,2026-05-01 00:00:00,2026-05-18 14:20:13.779009
NAM,manufacturing,iron-and-steel,2021-01-01 00:00:00,2021-12-31 00:00:00,co2e_100yr,0,tonnes,annual,2026-05-01 00:00:00,2026-05-18 14:20:13.779009
NAM,manufacturing,iron-and-steel,2022-01-01 00:00:00,2022-12-31 00:00:00,co2e_100yr,0,tonnes,annual,2026-05-01 00:00:00,2026-05-18 14:20:13.779009
NAM,manufacturing,iron-and-steel,2023-01-01 00:00:00,2023-12-31 00:00:00,co2e_100yr,0,tonnes,annual,2026-05-01 00:00:00,2026-05-18 14:20:13.779009
NAM,manufacturing,iron-and-steel,2024-01-01 00:00:00,2024-12-31 00:00:00,co2e_100yr,0,tonnes,annual,2026-05-01 00:00:00,2026-05-18 14:20:13.779009
NAM,manufacturing,iron-and-steel,2025-01-01 00:00:00,2025-12-31 00:00:00,co2e_100yr,0,tonnes,annual,2026-05-01 00:00:00,2026-05-18 14:20:13.779009
NAM,manufacturing,iron-and-steel,2026-01-01 00:00:00,2026-12-31 00:00:00,co2e_100yr,0,tonnes,annual,2026-05-01 00:00:00,2026-05-18 14:20:13.779009
NCL,manufacturing,iron-and-steel,2015-01-01 00:00:00,2015-12-31 00:00:00,co2e_100yr,0,tonnes,annual,2026-05-01 00:00:00,2026-05-18 14:20:13.779009
NCL,manufacturing,iron-and-steel,2016-01-01 00:00:00,2016-12-31 00:00:00,co2e_100yr,0,tonnes,annual,2026-05-01 00:00:00,2026-05-18 14:20:13.779009
NCL,manufacturing,iron-and-steel,2017-01-01 00:00:00,2017-12-31 00:00:00,co2e_100yr,0,tonnes,annual,2026-05-01 00:00:00,2026-05-18 14:20:13.779009
NCL,manufacturing,iron-and-steel,2018-01-01 00:00:00,2018-12-31 00:00:00,co2e_100yr,0,tonnes,annual,2026-05-01 00:00:00,2026-05-18 14:20:13.779009
NCL,manufacturing,iron-and-steel,2019-01-01 00:00:00,2019-12-31 00:00:00,co2e_100yr,0,tonnes,annual,2026-05-01 00:00:00,2026-05-18 14:20:13.779009
NCL,manufacturing,iron-and-steel,2020-01-01 00:00:00,2020-12-31 00:00:00,co2e_100yr,0,tonnes,annual,2026-05-01 00:00:00,2026-05-18 14:20:13.779009
NCL,manufacturing,iron-and-steel,2021-01-01 00:00:00,2021-12-31 00:00:00,co2e_100yr,0,tonnes,annual,2026-05-01 00:00:00,2026-05-18 14:20:13.779009
NCL,manufacturing,iron-and-steel,2022-01-01 00:00:00,2022-12-31 00:00:00,co2e_100yr,0,tonnes,annual,2026-05-01 00:00:00,2026-05-18 14:20:13.779009
NCL,manufacturing,iron-and-steel,2023-01-01 00:00:00,2023-12-31 00:00:00,co2e_100yr,0,tonnes,annual,2026-05-01 00:00:00,2026-05-18 14:20:13.779009
NCL,manufacturing,iron-and-steel,2024-01-01 00:00:00,2024-12-31 00:00:00,co2e_100yr,0,tonnes,annual,2026-05-01 00:00:00,2026-05-18 14:20:13.779009
NCL,manufacturing,iron-and-steel,2025-01-01 00:00:00,2025-12-31 00:00:00,co2e_100yr,0,tonnes,annual,2026-05-01 00:00:00,2026-05-18 14:20:13.779009
NCL,manufacturing,iron-and-steel,2026-01-01 00:00:00,2026-12-31 00:00:00,co2e_100yr,0,tonnes,annual,2026-05-01 00:00:00,2026-05-18 14:20:13.779009
NER,manufacturing,iron-and-steel,2015-01-01 00:00:00,2015-12-31 00:00:00,co2e_100yr,0,tonnes,annual,2026-05-01 00:00:00,2026-05-18 14:20:13.779009
NER,manufacturing,iron-and-steel,2016-01-01 00:00:00,2016-12-31 00:00:00,co2e_100yr,0,tonnes,annual,2026-05-01 00:00:00,2026-05-18 14:20:13.779009
NER,manufacturing,iron-and-steel,2017-01-01 00:00:00,2017-12-31 00:00:00,co2e_100yr,0,tonnes,annual,2026-05-01 00:00:00,2026-05-18 14:20:13.779009
NER,manufacturing,iron-and-steel,2018-01-01 00:00:00,2018-12-31 00:00:00,co2e_100yr,0,tonnes,annual,2026-05-01 00:00:00,2026-05-18 14:20:13.779009
NER,manufacturing,iron-and-steel,2019-01-01 00:00:00,2019-12-31 00:00:00,co2e_100yr,0,tonnes,annual,2026-05-01 00:00:00,2026-05-18 14:20:13.779009
NER,manufacturing,iron-and-steel,2020-01-01 00:00:00,2020-12-31 00:00:00,co2e_100yr,0,tonnes,annual,2026-05-01 00:00:00,2026-05-18 14:20:13.779009
NER,manufacturing,iron-and-steel,2021-01-01 00:00:00,2021-12-31 00:00:00,co2e_100yr,0,tonnes,annual,2026-05-01 00:00:00,2026-05-18 14:20:13.779009
NER,manufacturing,iron-and-steel,2022-01-01 00:00:00,2022-12-31 00:00:00,co2e_100yr,0,tonnes,annual,2026-05-01 00:00:00,2026-05-18 14:20:13.779009
NER,manufacturing,iron-and-steel,2023-01-01 00:00:00,2023-12-31 00:00:00,co2e_100yr,0,tonnes,annual,2026-05-01 00:00:00,2026-05-18 14:20:13.779009
NER,manufacturing,iron-and-steel,2024-01-01 00:00:00,2024-12-31 00:00:00,co2e_100yr,0,tonnes,annual,2026-05-01 00:00:00,2026-05-18 14:20:13.779009
NER,manufacturing,iron-and-steel,2025-01-01 00:00:00,2025-12-31 00:00:00,co2e_100yr,0,tonnes,annual,2026-05-01 00:00:00,2026-05-18 14:20:13.779009
NER,manufacturing,iron-and-steel,2026-01-01 00:00:00,2026-12-31 00:00:00,co2e_100yr,0,tonnes,annual,2026-05-01 00:00:00,2026-05-18 14:20:13.779009
NFK,manufacturing,iron-and-steel,2015-01-01 00:00:00,2015-12-31 00:00:00,co2e_100yr,0,tonnes,annual,2026-05-01 00:00:00,2026-05-18 14:20:13.779009
NFK,manufacturing,iron-and-steel,2016-01-01 00:00:00,2016-12-31 00:00:00,co2e_100yr,0,tonnes,annual,2026-05-01 00:00:00,2026-05-18 14:20:13.779009
NFK,manufacturing,iron-and-steel,2017-01-01 00:00:00,2017-12-31 00:00:00,co2e_100yr,0,tonnes,annual,2026-05-01 00:00:00,2026-05-18 14:20:13.779009
NFK,manufacturing,iron-and-steel,2018-01-01 00:00:00,2018-12-31 00:00:00,co2e_100yr,0,tonnes,annual,2026-05-01 00:00:00,2026-05-18 14:20:13.779009
NFK,manufacturing,iron-and-steel,2019-01-01 00:00:00,2019-12-31 00:00:00,co2e_100yr,0,tonnes,annual,2026-05-01 00:00:00,2026-05-18 14:20:13.779009
NFK,manufacturing,iron-and-steel,2020-01-01 00:00:00,2020-12-31 00:00:00,co2e_100yr,0,tonnes,annual,2026-05-01 00:00:00,2026-05-18 14:20:13.779009
NFK,manufacturing,iron-and-steel,2021-01-01 00:00:00,2021-12-31 00:00:00,co2e_100yr,0,tonnes,annual,2026-05-01 00:00:00,2026-05-18 14:20:13.779009
NFK,manufacturing,iron-and-steel,2022-01-01 00:00:00,2022-12-31 00:00:00,co2e_100yr,0,tonnes,annual,2026-05-01 00:00:00,2026-05-18 14:20:13.779009
NFK,manufacturing,iron-and-steel,2023-01-01 00:00:00,2023-12-31 00:00:00,co2e_100yr,0,tonnes,annual,2026-05-01 00:00:00,2026-05-18 14:20:13.779009
NFK,manufacturing,iron-and-steel,2024-01-01 00:00:00,2024-12-31 00:00:00,co2e_100yr,0,tonnes,annual,2026-05-01 00:00:00,2026-05-18 14:20:13.779009
NFK,manufacturing,iron-and-steel,2025-01-01 00:00:00,2025-12-31 00:00:00,co2e_100yr,0,tonnes,annual,2026-05-01 00:00:00,2026-05-18 14:20:13.779009
NFK,manufacturing,iron-and-steel,2026-01-01 00:00:00,2026-12-31 00:00:00,co2e_100yr,0,tonnes,annual,2026-05-01 00:00:00,2026-05-18 14:20:13.779009
NGA,manufacturing,iron-and-steel,2015-01-01 00:00:00,2015-12-31 00:00:00,co2e_100yr,344750.0000000002,tonnes,annual,2026-05-01 00:00:00,2026-05-18 14:20:13.779009
NGA,manufacturing,iron-and-steel,2016-01-01 00:00:00,2016-12-31 00:00:00,co2e_100yr,344750.0000000002,tonnes,annual,2026-05-01 00:00:00,2026-05-18 14:20:13.779009
NGA,manufacturing,iron-and-steel,2017-01-01 00:00:00,2017-12-31 00:00:00,co2e_100yr,413700.00000000006,tonnes,annual,2026-05-01 00:00:00,2026-05-18 14:20:13.779009
NGA,manufacturing,iron-and-steel,2018-01-01 00:00:00,2018-12-31 00:00:00,co2e_100yr,448175.0000000002,tonnes,annual,2026-05-01 00:00:00,2026-05-18 14:20:13.779009
NGA,manufacturing,iron-and-steel,2019-01-01 00:00:00,2019-12-31 00:00:00,co2e_100yr,448175.0000000002,tonnes,annual,2026-05-01 00:00:00,2026-05-18 14:20:13.779009
NGA,manufacturing,iron-and-steel,2020-01-01 00:00:00,2020-12-31 00:00:00,co2e_100yr,448175.0000000002,tonnes,annual,2026-05-01 00:00:00,2026-05-18 14:20:13.779009
NGA,manufacturing,iron-and-steel,2021-01-01 00:00:00,2021-12-31 00:00:00,co2e_100yr,279987.5,tonnes,annual,2026-05-01 00:00:00,2026-05-18 14:20:13.779009
NGA,manufacturing,iron-and-steel,2022-01-01 00:00:00,2022-12-31 00:00:00,co2e_100yr,111799.99999999997,tonnes,annual,2026-05-01 00:00:00,2026-05-18 14:20:13.779009
NGA,manufacturing,iron-and-steel,2023-01-01 00:00:00,2023-12-31 00:00:00,co2e_100yr,204680,tonnes,annual,2026-05-01 00:00:00,2026-05-18 14:20:13.779009
NGA,manufacturing,iron-and-steel,2024-01-01 00:00:00,2024-12-31 00:00:00,co2e_100yr,206400,tonnes,annual,2026-05-01 00:00:00,2026-05-18 14:20:13.779009
NGA,manufacturing,iron-and-steel,2025-01-01 00:00:00,2025-12-31 00:00:00,co2e_100yr,206399.99999999997,tonnes,annual,2026-05-01 00:00:00,2026-05-18 14:20:13.779009
NGA,manufacturing,iron-and-steel,2026-01-01 00:00:00,2026-12-31 00:00:00,co2e_100yr,47208.32876712328,tonnes,annual,2026-05-01 00:00:00,2026-05-18 14:20:13.779009
NIC,manufacturing,iron-and-steel,2015-01-01 00:00:00,2015-12-31 00:00:00,co2e_100yr,0,tonnes,annual,2026-05-01 00:00:00,2026-05-18 14:20:13.779009
NIC,manufacturing,iron-and-steel,2016-01-01 00:00:00,2016-12-31 00:00:00,co2e_100yr,0,tonnes,annual,2026-05-01 00:00:00,2026-05-18 14:20:13.779009
NIC,manufacturing,iron-and-steel,2017-01-01 00:00:00,2017-12-31 00:00:00,co2e_100yr,0,tonnes,annual,2026-05-01 00:00:00,2026-05-18 14:20:13.779009
NIC,manufacturing,iron-and-steel,2018-01-01 00:00:00,2018-12-31 00:00:00,co2e_100yr,0,tonnes,annual,2026-05-01 00:00:00,2026-05-18 14:20:13.779009
NIC,manufacturing,iron-and-steel,2019-01-01 00:00:00,2019-12-31 00:00:00,co2e_100yr,0,tonnes,annual,2026-05-01 00:00:00,2026-05-18 14:20:13.779009
NIC,manufacturing,iron-and-steel,2020-01-01 00:00:00,2020-12-31 00:00:00,co2e_100yr,0,tonnes,annual,2026-05-01 00:00:00,2026-05-18 14:20:13.779009
NIC,manufacturing,iron-and-steel,2021-01-01 00:00:00,2021-12-31 00:00:00,co2e_100yr,0,tonnes,annual,2026-05-01 00:00:00,2026-05-18 14:20:13.779009
NIC,manufacturing,iron-and-steel,2022-01-01 00:00:00,2022-12-31 00:00:00,co2e_100yr,0,tonnes,annual,2026-05-01 00:00:00,2026-05-18 14:20:13.779009
NIC,manufacturing,iron-and-steel,2023-01-01 00:00:00,2023-12-31 00:00:00,co2e_100yr,0,tonnes,annual,2026-05-01 00:00:00,2026-05-18 14:20:13.779009
NIC,manufacturing,iron-and-steel,2024-01-01 00:00:00,2024-12-31 00:00:00,co2e_100yr,0,tonnes,annual,2026-05-01 00:00:00,2026-05-18 14:20:13.779009
NIC,manufacturing,iron-and-steel,2025-01-01 00:00:00,2025-12-31 00:00:00,co2e_100yr,0,tonnes,annual,2026-05-01 00:00:00,2026-05-18 14:20:13.779009
NIC,manufacturing,iron-and-steel,2026-01-01 00:00:00,2026-12-31 00:00:00,co2e_100yr,0,tonnes,annual,2026-05-01 00:00:00,2026-05-18 14:20:13.779009
NIU,manufacturing,iron-and-steel,2015-01-01 00:00:00,2015-12-31 00:00:00,co2e_100yr,0,tonnes,annual,2026-05-01 00:00:00,2026-05-18 14:20:13.779009
NIU,manufacturing,iron-and-steel,2016-01-01 00:00:00,2016-12-31 00:00:00,co2e_100yr,0,tonnes,annual,2026-05-01 00:00:00,2026-05-18 14:20:13.779009
NIU,manufacturing,iron-and-steel,2017-01-01 00:00:00,2017-12-31 00:00:00,co2e_100yr,0,tonnes,annual,2026-05-01 00:00:00,2026-05-18 14:20:13.779009
NIU,manufacturing,iron-and-steel,2018-01-01 00:00:00,2018-12-31 00:00:00,co2e_100yr,0,tonnes,annual,2026-05-01 00:00:00,2026-05-18 14:20:13.779009
NIU,manufacturing,iron-and-steel,2019-01-01 00:00:00,2019-12-31 00:00:00,co2e_100yr,0,tonnes,annual,2026-05-01 00:00:00,2026-05-18 14:20:13.779009
NIU,manufacturing,iron-and-steel,2020-01-01 00:00:00,2020-12-31 00:00:00,co2e_100yr,0,tonnes,annual,2026-05-01 00:00:00,2026-05-18 14:20:13.779009
NIU,manufacturing,iron-and-steel,2021-01-01 00:00:00,2021-12-31 00:00:00,co2e_100yr,0,tonnes,annual,2026-05-01 00:00:00,2026-05-18 14:20:13.779009
NIU,manufacturing,iron-and-steel,2022-01-01 00:00:00,2022-12-31 00:00:00,co2e_100yr,0,tonnes,annual,2026-05-01 00:00:00,2026-05-18 14:20:13.779009
NIU,manufacturing,iron-and-steel,2023-01-01 00:00:00,2023-12-31 00:00:00,co2e_100yr,0,tonnes,annual,2026-05-01 00:00:00,2026-05-18 14:20:13.779009
NIU,manufacturing,iron-and-steel,2024-01-01 00:00:00,2024-12-31 00:00:00,co2e_100yr,0,tonnes,annual,2026-05-01 00:00:00,2026-05-18 14:20:13.779009
NIU,manufacturing,iron-and-steel,2025-01-01 00:00:00,2025-12-31 00:00:00,co2e_100yr,0,tonnes,annual,2026-05-01 00:00:00,2026-05-18 14:20:13.779009
NIU,manufacturing,iron-and-steel,2026-01-01 00:00:00,2026-12-31 00:00:00,co2e_100yr,0,tonnes,annual,2026-05-01 00:00:00,2026-05-18 14:20:13.779009
NLD,manufacturing,iron-and-steel,2015-01-01 00:00:00,2015-12-31 00:00:00,co2e_100yr,13099795.682694696,tonnes,annual,2026-05-01 00:00:00,2026-05-18 14:20:13.779009
NLD,manufacturing,iron-and-steel,2016-01-01 00:00:00,2016-12-31 00:00:00,co2e_100yr,12978002.814840835,tonnes,annual,2026-05-01 00:00:00,2026-05-18 14:20:13.779009
NLD,manufacturing,iron-and-steel,2017-01-01 00:00:00,2017-12-31 00:00:00,co2e_100yr,12884514.437767679,tonnes,annual,2026-05-01 00:00:00,2026-05-18 14:20:13.779009
NLD,manufacturing,iron-and-steel,2018-01-01 00:00:00,2018-12-31 00:00:00,co2e_100yr,12944769.141217869,tonnes,annual,2026-05-01 00:00:00,2026-05-18 14:20:13.779009
NLD,manufacturing,iron-and-steel,2019-01-01 00:00:00,2019-12-31 00:00:00,co2e_100yr,12648046.124227501,tonnes,annual,2026-05-01 00:00:00,2026-05-18 14:20:13.779009
NLD,manufacturing,iron-and-steel,2020-01-01 00:00:00,2020-12-31 00:00:00,co2e_100yr,11502080.058609447,tonnes,annual,2026-05-01 00:00:00,2026-05-18 14:20:13.779009
NLD,manufacturing,iron-and-steel,2021-01-01 00:00:00,2021-12-31 00:00:00,co2e_100yr,12578760,tonnes,annual,2026-05-01 00:00:00,2026-05-18 14:20:13.779009
NLD,manufacturing,iron-and-steel,2022-01-01 00:00:00,2022-12-31 00:00:00,co2e_100yr,11671642.130240828,tonnes,annual,2026-05-01 00:00:00,2026-05-18 14:20:13.779009
NLD,manufacturing,iron-and-steel,2023-01-01 00:00:00,2023-12-31 00:00:00,co2e_100yr,8885994.1,tonnes,annual,2026-05-01 00:00:00,2026-05-18 14:20:13.779009
NLD,manufacturing,iron-and-steel,2024-01-01 00:00:00,2024-12-31 00:00:00,co2e_100yr,11850284.539406901,tonnes,annual,2026-05-01 00:00:00,2026-05-18 14:20:13.779009
NLD,manufacturing,iron-and-steel,2025-01-01 00:00:00,2025-12-31 00:00:00,co2e_100yr,12318327.60665752,tonnes,annual,2026-05-01 00:00:00,2026-05-18 14:20:13.779009
NLD,manufacturing,iron-and-steel,2026-01-01 00:00:00,2026-12-31 00:00:00,co2e_100yr,3013736.3000000007,tonnes,annual,2026-05-01 00:00:00,2026-05-18 14:20:13.779009
NOR,manufacturing,iron-and-steel,2015-01-01 00:00:00,2015-12-31 00:00:00,co2e_100yr,63484.00000000003,tonnes,annual,2026-05-01 00:00:00,2026-05-18 14:20:13.779009
NOR,manufacturing,iron-and-steel,2016-01-01 00:00:00,2016-12-31 00:00:00,co2e_100yr,66712.00000000003,tonnes,annual,2026-05-01 00:00:00,2026-05-18 14:20:13.779009
NOR,manufacturing,iron-and-steel,2017-01-01 00:00:00,2017-12-31 00:00:00,co2e_100yr,64895.17400000002,tonnes,annual,2026-05-01 00:00:00,2026-05-18 14:20:13.779009
NOR,manufacturing,iron-and-steel,2018-01-01 00:00:00,2018-12-31 00:00:00,co2e_100yr,61827.60560000003,tonnes,annual,2026-05-01 00:00:00,2026-05-18 14:20:13.779009
NOR,manufacturing,iron-and-steel,2019-01-01 00:00:00,2019-12-31 00:00:00,co2e_100yr,66798.18760000003,tonnes,annual,2026-05-01 00:00:00,2026-05-18 14:20:13.779009
NOR,manufacturing,iron-and-steel,2020-01-01 00:00:00,2020-12-31 00:00:00,co2e_100yr,67125.18400000002,tonnes,annual,2026-05-01 00:00:00,2026-05-18 14:20:13.779009
NOR,manufacturing,iron-and-steel,2021-01-01 00:00:00,2021-12-31 00:00:00,co2e_100yr,66979.06320000002,tonnes,annual,2026-05-01 00:00:00,2026-05-18 14:20:13.779009
NOR,manufacturing,iron-and-steel,2022-01-01 00:00:00,2022-12-31 00:00:00,co2e_100yr,75742.11480000002,tonnes,annual,2026-05-01 00:00:00,2026-05-18 14:20:13.779009
NOR,manufacturing,iron-and-steel,2023-01-01 00:00:00,2023-12-31 00:00:00,co2e_100yr,74231.51840000002,tonnes,annual,2026-05-01 00:00:00,2026-05-18 14:20:13.779009
NOR,manufacturing,iron-and-steel,2024-01-01 00:00:00,2024-12-31 00:00:00,co2e_100yr,65647.40560000001,tonnes,annual,2026-05-01 00:00:00,2026-05-18 14:20:13.779009
NOR,manufacturing,iron-and-steel,2025-01-01 00:00:00,2025-12-31 00:00:00,co2e_100yr,60946.25400000002,tonnes,annual,2026-05-01 00:00:00,2026-05-18 14:20:13.779009
NOR,manufacturing,iron-and-steel,2026-01-01 00:00:00,2026-12-31 00:00:00,co2e_100yr,16652.068400000004,tonnes,annual,2026-05-01 00:00:00,2026-05-18 14:20:13.779009
NPL,manufacturing,iron-and-steel,2015-01-01 00:00:00,2015-12-31 00:00:00,co2e_100yr,0,tonnes,annual,2026-05-01 00:00:00,2026-05-18 14:20:13.779009
NPL,manufacturing,iron-and-steel,2016-01-01 00:00:00,2016-12-31 00:00:00,co2e_100yr,0,tonnes,annual,2026-05-01 00:00:00,2026-05-18 14:20:13.779009
NPL,manufacturing,iron-and-steel,2017-01-01 00:00:00,2017-12-31 00:00:00,co2e_100yr,0,tonnes,annual,2026-05-01 00:00:00,2026-05-18 14:20:13.779009
NPL,manufacturing,iron-and-steel,2018-01-01 00:00:00,2018-12-31 00:00:00,co2e_100yr,0,tonnes,annual,2026-05-01 00:00:00,2026-05-18 14:20:13.779009
NPL,manufacturing,iron-and-steel,2019-01-01 00:00:00,2019-12-31 00:00:00,co2e_100yr,0,tonnes,annual,2026-05-01 00:00:00,2026-05-18 14:20:13.779009
NPL,manufacturing,iron-and-steel,2020-01-01 00:00:00,2020-12-31 00:00:00,co2e_100yr,0,tonnes,annual,2026-05-01 00:00:00,2026-05-18 14:20:13.779009
NPL,manufacturing,iron-and-steel,2021-01-01 00:00:00,2021-12-31 00:00:00,co2e_100yr,0,tonnes,annual,2026-05-01 00:00:00,2026-05-18 14:20:13.779009
NPL,manufacturing,iron-and-steel,2022-01-01 00:00:00,2022-12-31 00:00:00,co2e_100yr,0,tonnes,annual,2026-05-01 00:00:00,2026-05-18 14:20:13.779009
NPL,manufacturing,iron-and-steel,2023-01-01 00:00:00,2023-12-31 00:00:00,co2e_100yr,0,tonnes,annual,2026-05-01 00:00:00,2026-05-18 14:20:13.779009
NPL,manufacturing,iron-and-steel,2024-01-01 00:00:00,2024-12-31 00:00:00,co2e_100yr,0,tonnes,annual,2026-05-01 00:00:00,2026-05-18 14:20:13.779009
NPL,manufacturing,iron-and-steel,2025-01-01 00:00:00,2025-12-31 00:00:00,co2e_100yr,0,tonnes,annual,2026-05-01 00:00:00,2026-05-18 14:20:13.779009
NPL,manufacturing,iron-and-steel,2026-01-01 00:00:00,2026-12-31 00:00:00,co2e_100yr,0,tonnes,annual,2026-05-01 00:00:00,2026-05-18 14:20:13.779009
NRU,manufacturing,iron-and-steel,2015-01-01 00:00:00,2015-12-31 00:00:00,co2e_100yr,0,tonnes,annual,2026-05-01 00:00:00,2026-05-18 14:20:13.779009
NRU,manufacturing,iron-and-steel,2016-01-01 00:00:00,2016-12-31 00:00:00,co2e_100yr,0,tonnes,annual,2026-05-01 00:00:00,2026-05-18 14:20:13.779009
NRU,manufacturing,iron-and-steel,2017-01-01 00:00:00,2017-12-31 00:00:00,co2e_100yr,0,tonnes,annual,2026-05-01 00:00:00,2026-05-18 14:20:13.779009
NRU,manufacturing,iron-and-steel,2018-01-01 00:00:00,2018-12-31 00:00:00,co2e_100yr,0,tonnes,annual,2026-05-01 00:00:00,2026-05-18 14:20:13.779009
NRU,manufacturing,iron-and-steel,2019-01-01 00:00:00,2019-12-31 00:00:00,co2e_100yr,0,tonnes,annual,2026-05-01 00:00:00,2026-05-18 14:20:13.779009
NRU,manufacturing,iron-and-steel,2020-01-01 00:00:00,2020-12-31 00:00:00,co2e_100yr,0,tonnes,annual,2026-05-01 00:00:00,2026-05-18 14:20:13.779009
NRU,manufacturing,iron-and-steel,2021-01-01 00:00:00,2021-12-31 00:00:00,co2e_100yr,0,tonnes,annual,2026-05-01 00:00:00,2026-05-18 14:20:13.779009
NRU,manufacturing,iron-and-steel,2022-01-01 00:00:00,2022-12-31 00:00:00,co2e_100yr,0,tonnes,annual,2026-05-01 00:00:00,2026-05-18 14:20:13.779009
NRU,manufacturing,iron-and-steel,2023-01-01 00:00:00,2023-12-31 00:00:00,co2e_100yr,0,tonnes,annual,2026-05-01 00:00:00,2026-05-18 14:20:13.779009
NRU,manufacturing,iron-and-steel,2024-01-01 00:00:00,2024-12-31 00:00:00,co2e_100yr,0,tonnes,annual,2026-05-01 00:00:00,2026-05-18 14:20:13.779009
NRU,manufacturing,iron-and-steel,2025-01-01 00:00:00,2025-12-31 00:00:00,co2e_100yr,0,tonnes,annual,2026-05-01 00:00:00,2026-05-18 14:20:13.779009
NRU,manufacturing,iron-and-steel,2026-01-01 00:00:00,2026-12-31 00:00:00,co2e_100yr,0,tonnes,annual,2026-05-01 00:00:00,2026-05-18 14:20:13.779009
NZL,manufacturing,iron-and-steel,2015-01-01 00:00:00,2015-12-31 00:00:00,co2e_100yr,861899.9311177043,tonnes,annual,2026-05-01 00:00:00,2026-05-18 14:20:13.779009
NZL,manufacturing,iron-and-steel,2016-01-01 00:00:00,2016-12-31 00:00:00,co2e_100yr,837240.9633795273,tonnes,annual,2026-05-01 00:00:00,2026-05-18 14:20:13.779009
NZL,manufacturing,iron-and-steel,2017-01-01 00:00:00,2017-12-31 00:00:00,co2e_100yr,953774.5094206074,tonnes,annual,2026-05-01 00:00:00,2026-05-18 14:20:13.779009
NZL,manufacturing,iron-and-steel,2018-01-01 00:00:00,2018-12-31 00:00:00,co2e_100yr,945572.4371282639,tonnes,annual,2026-05-01 00:00:00,2026-05-18 14:20:13.779009
NZL,manufacturing,iron-and-steel,2019-01-01 00:00:00,2019-12-31 00:00:00,co2e_100yr,967744.43446045,tonnes,annual,2026-05-01 00:00:00,2026-05-18 14:20:13.779009
NZL,manufacturing,iron-and-steel,2020-01-01 00:00:00,2020-12-31 00:00:00,co2e_100yr,849583.2398321737,tonnes,annual,2026-05-01 00:00:00,2026-05-18 14:20:13.779009
NZL,manufacturing,iron-and-steel,2021-01-01 00:00:00,2021-12-31 00:00:00,co2e_100yr,938437.493287671,tonnes,annual,2026-05-01 00:00:00,2026-05-18 14:20:13.779009
NZL,manufacturing,iron-and-steel,2022-01-01 00:00:00,2022-12-31 00:00:00,co2e_100yr,826404.2999999998,tonnes,annual,2026-05-01 00:00:00,2026-05-18 14:20:13.779009
NZL,manufacturing,iron-and-steel,2023-01-01 00:00:00,2023-12-31 00:00:00,co2e_100yr,804081.5499999999,tonnes,annual,2026-05-01 00:00:00,2026-05-18 14:20:13.779009
NZL,manufacturing,iron-and-steel,2024-01-01 00:00:00,2024-12-31 00:00:00,co2e_100yr,820742.05,tonnes,annual,2026-05-01 00:00:00,2026-05-18 14:20:13.779009
NZL,manufacturing,iron-and-steel,2025-01-01 00:00:00,2025-12-31 00:00:00,co2e_100yr,814717.3,tonnes,annual,2026-05-01 00:00:00,2026-05-18 14:20:13.779009
NZL,manufacturing,iron-and-steel,2026-01-01 00:00:00,2026-12-31 00:00:00,co2e_100yr,197859.75,tonnes,annual,2026-05-01 00:00:00,2026-05-18 14:20:13.779009
OMN,manufacturing,iron-and-steel,2015-01-01 00:00:00,2015-12-31 00:00:00,co2e_100yr,1431714.261641004,tonnes,annual,2026-05-01 00:00:00,2026-05-18 14:20:13.779009
OMN,manufacturing,iron-and-steel,2016-01-01 00:00:00,2016-12-31 00:00:00,co2e_100yr,1431714.261641004,tonnes,annual,2026-05-01 00:00:00,2026-05-18 14:20:13.779009
OMN,manufacturing,iron-and-steel,2017-01-01 00:00:00,2017-12-31 00:00:00,co2e_100yr,1431714.261641004,tonnes,annual,2026-05-01 00:00:00,2026-05-18 14:20:13.779009
OMN,manufacturing,iron-and-steel,2018-01-01 00:00:00,2018-12-31 00:00:00,co2e_100yr,1431714.261641004,tonnes,annual,2026-05-01 00:00:00,2026-05-18 14:20:13.779009
OMN,manufacturing,iron-and-steel,2019-01-01 00:00:00,2019-12-31 00:00:00,co2e_100yr,1431714.261641004,tonnes,annual,2026-05-01 00:00:00,2026-05-18 14:20:13.779009
OMN,manufacturing,iron-and-steel,2020-01-01 00:00:00,2020-12-31 00:00:00,co2e_100yr,1789642.827051255,tonnes,annual,2026-05-01 00:00:00,2026-05-18 14:20:13.779009
OMN,manufacturing,iron-and-steel,2021-01-01 00:00:00,2021-12-31 00:00:00,co2e_100yr,2003237.2093023257,tonnes,annual,2026-05-01 00:00:00,2026-05-18 14:20:13.779009
OMN,manufacturing,iron-and-steel,2022-01-01 00:00:00,2022-12-31 00:00:00,co2e_100yr,2074781.3953488371,tonnes,annual,2026-05-01 00:00:00,2026-05-18 14:20:13.779009
OMN,manufacturing,iron-and-steel,2023-01-01 00:00:00,2023-12-31 00:00:00,co2e_100yr,2074781.3953488374,tonnes,annual,2026-05-01 00:00:00,2026-05-18 14:20:13.779009
OMN,manufacturing,iron-and-steel,2024-01-01 00:00:00,2024-12-31 00:00:00,co2e_100yr,2167788.837209303,tonnes,annual,2026-05-01 00:00:00,2026-05-18 14:20:13.779009
OMN,manufacturing,iron-and-steel,2025-01-01 00:00:00,2025-12-31 00:00:00,co2e_100yr,2174351.002618204,tonnes,annual,2026-05-01 00:00:00,2026-05-18 14:20:13.779009
OMN,manufacturing,iron-and-steel,2026-01-01 00:00:00,2026-12-31 00:00:00,co2e_100yr,543735.8139534884,tonnes,annual,2026-05-01 00:00:00,2026-05-18 14:20:13.779009
PAK,manufacturing,iron-and-steel,2015-01-01 00:00:00,2015-12-31 00:00:00,co2e_100yr,2801408.833455737,tonnes,annual,2026-05-01 00:00:00,2026-05-18 14:20:13.779009
PAK,manufacturing,iron-and-steel,2016-01-01 00:00:00,2016-12-31 00:00:00,co2e_100yr,3441701.986018757,tonnes,annual,2026-05-01 00:00:00,2026-05-18 14:20:13.779009
PAK,manufacturing,iron-and-steel,2017-01-01 00:00:00,2017-12-31 00:00:00,co2e_100yr,4810439.646093205,tonnes,annual,2026-05-01 00:00:00,2026-05-18 14:20:13.779009
PAK,manufacturing,iron-and-steel,2018-01-01 00:00:00,2018-12-31 00:00:00,co2e_100yr,4571176.941182809,tonnes,annual,2026-05-01 00:00:00,2026-05-18 14:20:13.779009
PAK,manufacturing,iron-and-steel,2019-01-01 00:00:00,2019-12-31 00:00:00,co2e_100yr,3200536.803568104,tonnes,annual,2026-05-01 00:00:00,2026-05-18 14:20:13.779009
PAK,manufacturing,iron-and-steel,2020-01-01 00:00:00,2020-12-31 00:00:00,co2e_100yr,3683870.71568515,tonnes,annual,2026-05-01 00:00:00,2026-05-18 14:20:13.779009
PAK,manufacturing,iron-and-steel,2021-01-01 00:00:00,2021-12-31 00:00:00,co2e_100yr,5420592.378556943,tonnes,annual,2026-05-01 00:00:00,2026-05-18 14:20:13.779009
PAK,manufacturing,iron-and-steel,2022-01-01 00:00:00,2022-12-31 00:00:00,co2e_100yr,5837545.094670108,tonnes,annual,2026-05-01 00:00:00,2026-05-18 14:20:13.779009
PAK,manufacturing,iron-and-steel,2023-01-01 00:00:00,2023-12-31 00:00:00,co2e_100yr,5113682.482704742,tonnes,annual,2026-05-01 00:00:00,2026-05-18 14:20:13.779009
PAK,manufacturing,iron-and-steel,2024-01-01 00:00:00,2024-12-31 00:00:00,co2e_100yr,3953334.930388905,tonnes,annual,2026-05-01 00:00:00,2026-05-18 14:20:13.779009
PAK,manufacturing,iron-and-steel,2025-01-01 00:00:00,2025-12-31 00:00:00,co2e_100yr,3437483.9051131206,tonnes,annual,2026-05-01 00:00:00,2026-05-18 14:20:13.779009
PAK,manufacturing,iron-and-steel,2026-01-01 00:00:00,2026-12-31 00:00:00,co2e_100yr,733203.2307721438,tonnes,annual,2026-05-01 00:00:00,2026-05-18 14:20:13.779009
PAN,manufacturing,iron-and-steel,2015-01-01 00:00:00,2015-12-31 00:00:00,co2e_100yr,0,tonnes,annual,2026-05-01 00:00:00,2026-05-18 14:20:13.779009
PAN,manufacturing,iron-and-steel,2016-01-01 00:00:00,2016-12-31 00:00:00,co2e_100yr,0,tonnes,annual,2026-05-01 00:00:00,2026-05-18 14:20:13.779009
PAN,manufacturing,iron-and-steel,2017-01-01 00:00:00,2017-12-31 00:00:00,co2e_100yr,0,tonnes,annual,2026-05-01 00:00:00,2026-05-18 14:20:13.779009
PAN,manufacturing,iron-and-steel,2018-01-01 00:00:00,2018-12-31 00:00:00,co2e_100yr,0,tonnes,annual,2026-05-01 00:00:00,2026-05-18 14:20:13.779009
PAN,manufacturing,iron-and-steel,2019-01-01 00:00:00,2019-12-31 00:00:00,co2e_100yr,0,tonnes,annual,2026-05-01 00:00:00,2026-05-18 14:20:13.779009
PAN,manufacturing,iron-and-steel,2020-01-01 00:00:00,2020-12-31 00:00:00,co2e_100yr,0,tonnes,annual,2026-05-01 00:00:00,2026-05-18 14:20:13.779009
PAN,manufacturing,iron-and-steel,2021-01-01 00:00:00,2021-12-31 00:00:00,co2e_100yr,0,tonnes,annual,2026-05-01 00:00:00,2026-05-18 14:20:13.779009
PAN,manufacturing,iron-and-steel,2022-01-01 00:00:00,2022-12-31 00:00:00,co2e_100yr,0,tonnes,annual,2026-05-01 00:00:00,2026-05-18 14:20:13.779009
PAN,manufacturing,iron-and-steel,2023-01-01 00:00:00,2023-12-31 00:00:00,co2e_100yr,0,tonnes,annual,2026-05-01 00:00:00,2026-05-18 14:20:13.779009
PAN,manufacturing,iron-and-steel,2024-01-01 00:00:00,2024-12-31 00:00:00,co2e_100yr,0,tonnes,annual,2026-05-01 00:00:00,2026-05-18 14:20:13.779009
PAN,manufacturing,iron-and-steel,2025-01-01 00:00:00,2025-12-31 00:00:00,co2e_100yr,0,tonnes,annual,2026-05-01 00:00:00,2026-05-18 14:20:13.779009
PAN,manufacturing,iron-and-steel,2026-01-01 00:00:00,2026-12-31 00:00:00,co2e_100yr,0,tonnes,annual,2026-05-01 00:00:00,2026-05-18 14:20:13.779009
PCN,manufacturing,iron-and-steel,2015-01-01 00:00:00,2015-12-31 00:00:00,co2e_100yr,0,tonnes,annual,2026-05-01 00:00:00,2026-05-18 14:20:13.779009
PCN,manufacturing,iron-and-steel,2016-01-01 00:00:00,2016-12-31 00:00:00,co2e_100yr,0,tonnes,annual,2026-05-01 00:00:00,2026-05-18 14:20:13.779009
PCN,manufacturing,iron-and-steel,2017-01-01 00:00:00,2017-12-31 00:00:00,co2e_100yr,0,tonnes,annual,2026-05-01 00:00:00,2026-05-18 14:20:13.779009
PCN,manufacturing,iron-and-steel,2018-01-01 00:00:00,2018-12-31 00:00:00,co2e_100yr,0,tonnes,annual,2026-05-01 00:00:00,2026-05-18 14:20:13.779009
PCN,manufacturing,iron-and-steel,2019-01-01 00:00:00,2019-12-31 00:00:00,co2e_100yr,0,tonnes,annual,2026-05-01 00:00:00,2026-05-18 14:20:13.779009
PCN,manufacturing,iron-and-steel,2020-01-01 00:00:00,2020-12-31 00:00:00,co2e_100yr,0,tonnes,annual,2026-05-01 00:00:00,2026-05-18 14:20:13.779009
PCN,manufacturing,iron-and-steel,2021-01-01 00:00:00,2021-12-31 00:00:00,co2e_100yr,0,tonnes,annual,2026-05-01 00:00:00,2026-05-18 14:20:13.779009
PCN,manufacturing,iron-and-steel,2022-01-01 00:00:00,2022-12-31 00:00:00,co2e_100yr,0,tonnes,annual,2026-05-01 00:00:00,2026-05-18 14:20:13.779009
PCN,manufacturing,iron-and-steel,2023-01-01 00:00:00,2023-12-31 00:00:00,co2e_100yr,0,tonnes,annual,2026-05-01 00:00:00,2026-05-18 14:20:13.779009
PCN,manufacturing,iron-and-steel,2024-01-01 00:00:00,2024-12-31 00:00:00,co2e_100yr,0,tonnes,annual,2026-05-01 00:00:00,2026-05-18 14:20:13.779009
PCN,manufacturing,iron-and-steel,2025-01-01 00:00:00,2025-12-31 00:00:00,co2e_100yr,0,tonnes,annual,2026-05-01 00:00:00,2026-05-18 14:20:13.779009
PCN,manufacturing,iron-and-steel,2026-01-01 00:00:00,2026-12-31 00:00:00,co2e_100yr,0,tonnes,annual,2026-05-01 00:00:00,2026-05-18 14:20:13.779009
PER,manufacturing,iron-and-steel,2015-01-01 00:00:00,2015-12-31 00:00:00,co2e_100yr,135412.15141454208,tonnes,annual,2026-05-01 00:00:00,2026-05-18 14:20:13.779009
PER,manufacturing,iron-and-steel,2016-01-01 00:00:00,2016-12-31 00:00:00,co2e_100yr,146273.27192648247,tonnes,annual,2026-05-01 00:00:00,2026-05-18 14:20:13.779009
PER,manufacturing,iron-and-steel,2017-01-01 00:00:00,2017-12-31 00:00:00,co2e_100yr,151106.84926318363,tonnes,annual,2026-05-01 00:00:00,2026-05-18 14:20:13.779009
PER,manufacturing,iron-and-steel,2018-01-01 00:00:00,2018-12-31 00:00:00,co2e_100yr,152302.3174179703,tonnes,annual,2026-05-01 00:00:00,2026-05-18 14:20:13.779009
PER,manufacturing,iron-and-steel,2019-01-01 00:00:00,2019-12-31 00:00:00,co2e_100yr,154037.74307109142,tonnes,annual,2026-05-01 00:00:00,2026-05-18 14:20:13.779009
PER,manufacturing,iron-and-steel,2020-01-01 00:00:00,2020-12-31 00:00:00,co2e_100yr,91476.0363744411,tonnes,annual,2026-05-01 00:00:00,2026-05-18 14:20:13.779009
PER,manufacturing,iron-and-steel,2021-01-01 00:00:00,2021-12-31 00:00:00,co2e_100yr,154500.53445614036,tonnes,annual,2026-05-01 00:00:00,2026-05-18 14:20:13.779009
PER,manufacturing,iron-and-steel,2022-01-01 00:00:00,2022-12-31 00:00:00,co2e_100yr,163446.01285441365,tonnes,annual,2026-05-01 00:00:00,2026-05-18 14:20:13.779009
PER,manufacturing,iron-and-steel,2023-01-01 00:00:00,2023-12-31 00:00:00,co2e_100yr,133672.15925,tonnes,annual,2026-05-01 00:00:00,2026-05-18 14:20:13.779009
PER,manufacturing,iron-and-steel,2024-01-01 00:00:00,2024-12-31 00:00:00,co2e_100yr,129498.45559153004,tonnes,annual,2026-05-01 00:00:00,2026-05-18 14:20:13.779009
PER,manufacturing,iron-and-steel,2025-01-01 00:00:00,2025-12-31 00:00:00,co2e_100yr,134364.5731074492,tonnes,annual,2026-05-01 00:00:00,2026-05-18 14:20:13.779009
PER,manufacturing,iron-and-steel,2026-01-01 00:00:00,2026-12-31 00:00:00,co2e_100yr,34154.7395,tonnes,annual,2026-05-01 00:00:00,2026-05-18 14:20:13.779009
PHL,manufacturing,iron-and-steel,2015-01-01 00:00:00,2015-12-31 00:00:00,co2e_100yr,77441.76000000001,tonnes,annual,2026-05-01 00:00:00,2026-05-18 14:20:13.779009
PHL,manufacturing,iron-and-steel,2016-01-01 00:00:00,2016-12-31 00:00:00,co2e_100yr,86014.56,tonnes,annual,2026-05-01 00:00:00,2026-05-18 14:20:13.779009
PHL,manufacturing,iron-and-steel,2017-01-01 00:00:00,2017-12-31 00:00:00,co2e_100yr,110206.96,tonnes,annual,2026-05-01 00:00:00,2026-05-18 14:20:13.779009
PHL,manufacturing,iron-and-steel,2018-01-01 00:00:00,2018-12-31 00:00:00,co2e_100yr,117985.35999999997,tonnes,annual,2026-05-01 00:00:00,2026-05-18 14:20:13.779009
PHL,manufacturing,iron-and-steel,2019-01-01 00:00:00,2019-12-31 00:00:00,co2e_100yr,153200.00000000003,tonnes,annual,2026-05-01 00:00:00,2026-05-18 14:20:13.779009
PHL,manufacturing,iron-and-steel,2020-01-01 00:00:00,2020-12-31 00:00:00,co2e_100yr,71384.87999999999,tonnes,annual,2026-05-01 00:00:00,2026-05-18 14:20:13.779009
PHL,manufacturing,iron-and-steel,2021-01-01 00:00:00,2021-12-31 00:00:00,co2e_100yr,124386,tonnes,annual,2026-05-01 00:00:00,2026-05-18 14:20:13.779009
PHL,manufacturing,iron-and-steel,2022-01-01 00:00:00,2022-12-31 00:00:00,co2e_100yr,128000,tonnes,annual,2026-05-01 00:00:00,2026-05-18 14:20:13.779009
PHL,manufacturing,iron-and-steel,2023-01-01 00:00:00,2023-12-31 00:00:00,co2e_100yr,148080,tonnes,annual,2026-05-01 00:00:00,2026-05-18 14:20:13.779009
PHL,manufacturing,iron-and-steel,2024-01-01 00:00:00,2024-12-31 00:00:00,co2e_100yr,146363.2,tonnes,annual,2026-05-01 00:00:00,2026-05-18 14:20:13.779009
PHL,manufacturing,iron-and-steel,2025-01-01 00:00:00,2025-12-31 00:00:00,co2e_100yr,144000,tonnes,annual,2026-05-01 00:00:00,2026-05-18 14:20:13.779009
PHL,manufacturing,iron-and-steel,2026-01-01 00:00:00,2026-12-31 00:00:00,co2e_100yr,62567.61110392645,tonnes,annual,2026-05-01 00:00:00,2026-05-18 14:20:13.779009
PLW,manufacturing,iron-and-steel,2015-01-01 00:00:00,2015-12-31 00:00:00,co2e_100yr,0,tonnes,annual,2026-05-01 00:00:00,2026-05-18 14:20:13.779009
PLW,manufacturing,iron-and-steel,2016-01-01 00:00:00,2016-12-31 00:00:00,co2e_100yr,0,tonnes,annual,2026-05-01 00:00:00,2026-05-18 14:20:13.779009
PLW,manufacturing,iron-and-steel,2017-01-01 00:00:00,2017-12-31 00:00:00,co2e_100yr,0,tonnes,annual,2026-05-01 00:00:00,2026-05-18 14:20:13.779009
PLW,manufacturing,iron-and-steel,2018-01-01 00:00:00,2018-12-31 00:00:00,co2e_100yr,0,tonnes,annual,2026-05-01 00:00:00,2026-05-18 14:20:13.779009
PLW,manufacturing,iron-and-steel,2019-01-01 00:00:00,2019-12-31 00:00:00,co2e_100yr,0,tonnes,annual,2026-05-01 00:00:00,2026-05-18 14:20:13.779009
PLW,manufacturing,iron-and-steel,2020-01-01 00:00:00,2020-12-31 00:00:00,co2e_100yr,0,tonnes,annual,2026-05-01 00:00:00,2026-05-18 14:20:13.779009
PLW,manufacturing,iron-and-steel,2021-01-01 00:00:00,2021-12-31 00:00:00,co2e_100yr,0,tonnes,annual,2026-05-01 00:00:00,2026-05-18 14:20:13.779009
PLW,manufacturing,iron-and-steel,2022-01-01 00:00:00,2022-12-31 00:00:00,co2e_100yr,0,tonnes,annual,2026-05-01 00:00:00,2026-05-18 14:20:13.779009
PLW,manufacturing,iron-and-steel,2023-01-01 00:00:00,2023-12-31 00:00:00,co2e_100yr,0,tonnes,annual,2026-05-01 00:00:00,2026-05-18 14:20:13.779009
PLW,manufacturing,iron-and-steel,2024-01-01 00:00:00,2024-12-31 00:00:00,co2e_100yr,0,tonnes,annual,2026-05-01 00:00:00,2026-05-18 14:20:13.779009
PLW,manufacturing,iron-and-steel,2025-01-01 00:00:00,2025-12-31 00:00:00,co2e_100yr,0,tonnes,annual,2026-05-01 00:00:00,2026-05-18 14:20:13.779009
PLW,manufacturing,iron-and-steel,2026-01-01 00:00:00,2026-12-31 00:00:00,co2e_100yr,0,tonnes,annual,2026-05-01 00:00:00,2026-05-18 14:20:13.779009
PNG,manufacturing,iron-and-steel,2015-01-01 00:00:00,2015-12-31 00:00:00,co2e_100yr,0,tonnes,annual,2026-05-01 00:00:00,2026-05-18 14:20:13.779009
PNG,manufacturing,iron-and-steel,2016-01-01 00:00:00,2016-12-31 00:00:00,co2e_100yr,0,tonnes,annual,2026-05-01 00:00:00,2026-05-18 14:20:13.779009
PNG,manufacturing,iron-and-steel,2017-01-01 00:00:00,2017-12-31 00:00:00,co2e_100yr,0,tonnes,annual,2026-05-01 00:00:00,2026-05-18 14:20:13.779009
PNG,manufacturing,iron-and-steel,2018-01-01 00:00:00,2018-12-31 00:00:00,co2e_100yr,0,tonnes,annual,2026-05-01 00:00:00,2026-05-18 14:20:13.779009
PNG,manufacturing,iron-and-steel,2019-01-01 00:00:00,2019-12-31 00:00:00,co2e_100yr,0,tonnes,annual,2026-05-01 00:00:00,2026-05-18 14:20:13.779009
PNG,manufacturing,iron-and-steel,2020-01-01 00:00:00,2020-12-31 00:00:00,co2e_100yr,0,tonnes,annual,2026-05-01 00:00:00,2026-05-18 14:20:13.779009
PNG,manufacturing,iron-and-steel,2021-01-01 00:00:00,2021-12-31 00:00:00,co2e_100yr,0,tonnes,annual,2026-05-01 00:00:00,2026-05-18 14:20:13.779009
PNG,manufacturing,iron-and-steel,2022-01-01 00:00:00,2022-12-31 00:00:00,co2e_100yr,0,tonnes,annual,2026-05-01 00:00:00,2026-05-18 14:20:13.779009
PNG,manufacturing,iron-and-steel,2023-01-01 00:00:00,2023-12-31 00:00:00,co2e_100yr,0,tonnes,annual,2026-05-01 00:00:00,2026-05-18 14:20:13.779009
PNG,manufacturing,iron-and-steel,2024-01-01 00:00:00,2024-12-31 00:00:00,co2e_100yr,0,tonnes,annual,2026-05-01 00:00:00,2026-05-18 14:20:13.779009
PNG,manufacturing,iron-and-steel,2025-01-01 00:00:00,2025-12-31 00:00:00,co2e_100yr,0,tonnes,annual,2026-05-01 00:00:00,2026-05-18 14:20:13.779009
PNG,manufacturing,iron-and-steel,2026-01-01 00:00:00,2026-12-31 00:00:00,co2e_100yr,0,tonnes,annual,2026-05-01 00:00:00,2026-05-18 14:20:13.779009
POL,manufacturing,iron-and-steel,2015-01-01 00:00:00,2015-12-31 00:00:00,co2e_100yr,11584795.842455447,tonnes,annual,2026-05-01 00:00:00,2026-05-18 14:20:13.779009
POL,manufacturing,iron-and-steel,2016-01-01 00:00:00,2016-12-31 00:00:00,co2e_100yr,11160435.602275457,tonnes,annual,2026-05-01 00:00:00,2026-05-18 14:20:13.779009
POL,manufacturing,iron-and-steel,2017-01-01 00:00:00,2017-12-31 00:00:00,co2e_100yr,12486059.096227642,tonnes,annual,2026-05-01 00:00:00,2026-05-18 14:20:13.779009
POL,manufacturing,iron-and-steel,2018-01-01 00:00:00,2018-12-31 00:00:00,co2e_100yr,11867557.53954121,tonnes,annual,2026-05-01 00:00:00,2026-05-18 14:20:13.779009
POL,manufacturing,iron-and-steel,2019-01-01 00:00:00,2019-12-31 00:00:00,co2e_100yr,10770545.828651704,tonnes,annual,2026-05-01 00:00:00,2026-05-18 14:20:13.779009
POL,manufacturing,iron-and-steel,2020-01-01 00:00:00,2020-12-31 00:00:00,co2e_100yr,8707735.139882103,tonnes,annual,2026-05-01 00:00:00,2026-05-18 14:20:13.779009
POL,manufacturing,iron-and-steel,2021-01-01 00:00:00,2021-12-31 00:00:00,co2e_100yr,8688842.266088676,tonnes,annual,2026-05-01 00:00:00,2026-05-18 14:20:13.779009
POL,manufacturing,iron-and-steel,2022-01-01 00:00:00,2022-12-31 00:00:00,co2e_100yr,7535379.174310753,tonnes,annual,2026-05-01 00:00:00,2026-05-18 14:20:13.779009
POL,manufacturing,iron-and-steel,2023-01-01 00:00:00,2023-12-31 00:00:00,co2e_100yr,7118637.425483137,tonnes,annual,2026-05-01 00:00:00,2026-05-18 14:20:13.779009
POL,manufacturing,iron-and-steel,2024-01-01 00:00:00,2024-12-31 00:00:00,co2e_100yr,7928459.1265914915,tonnes,annual,2026-05-01 00:00:00,2026-05-18 14:20:13.779009
POL,manufacturing,iron-and-steel,2025-01-01 00:00:00,2025-12-31 00:00:00,co2e_100yr,7853140.199532786,tonnes,annual,2026-05-01 00:00:00,2026-05-18 14:20:13.779009
POL,manufacturing,iron-and-steel,2026-01-01 00:00:00,2026-12-31 00:00:00,co2e_100yr,1593875.8254128925,tonnes,annual,2026-05-01 00:00:00,2026-05-18 14:20:13.779009
PRI,manufacturing,iron-and-steel,2015-01-01 00:00:00,2015-12-31 00:00:00,co2e_100yr,0,tonnes,annual,2026-05-01 00:00:00,2026-05-18 14:20:13.779009
PRI,manufacturing,iron-and-steel,2016-01-01 00:00:00,2016-12-31 00:00:00,co2e_100yr,0,tonnes,annual,2026-05-01 00:00:00,2026-05-18 14:20:13.779009
PRI,manufacturing,iron-and-steel,2017-01-01 00:00:00,2017-12-31 00:00:00,co2e_100yr,0,tonnes,annual,2026-05-01 00:00:00,2026-05-18 14:20:13.779009
PRI,manufacturing,iron-and-steel,2018-01-01 00:00:00,2018-12-31 00:00:00,co2e_100yr,0,tonnes,annual,2026-05-01 00:00:00,2026-05-18 14:20:13.779009
PRI,manufacturing,iron-and-steel,2019-01-01 00:00:00,2019-12-31 00:00:00,co2e_100yr,0,tonnes,annual,2026-05-01 00:00:00,2026-05-18 14:20:13.779009
PRI,manufacturing,iron-and-steel,2020-01-01 00:00:00,2020-12-31 00:00:00,co2e_100yr,0,tonnes,annual,2026-05-01 00:00:00,2026-05-18 14:20:13.779009
PRI,manufacturing,iron-and-steel,2021-01-01 00:00:00,2021-12-31 00:00:00,co2e_100yr,0,tonnes,annual,2026-05-01 00:00:00,2026-05-18 14:20:13.779009
PRI,manufacturing,iron-and-steel,2022-01-01 00:00:00,2022-12-31 00:00:00,co2e_100yr,0,tonnes,annual,2026-05-01 00:00:00,2026-05-18 14:20:13.779009
PRI,manufacturing,iron-and-steel,2023-01-01 00:00:00,2023-12-31 00:00:00,co2e_100yr,0,tonnes,annual,2026-05-01 00:00:00,2026-05-18 14:20:13.779009
PRI,manufacturing,iron-and-steel,2024-01-01 00:00:00,2024-12-31 00:00:00,co2e_100yr,0,tonnes,annual,2026-05-01 00:00:00,2026-05-18 14:20:13.779009
PRI,manufacturing,iron-and-steel,2025-01-01 00:00:00,2025-12-31 00:00:00,co2e_100yr,0,tonnes,annual,2026-05-01 00:00:00,2026-05-18 14:20:13.779009
PRI,manufacturing,iron-and-steel,2026-01-01 00:00:00,2026-12-31 00:00:00,co2e_100yr,0,tonnes,annual,2026-05-01 00:00:00,2026-05-18 14:20:13.779009
PRK,manufacturing,iron-and-steel,2015-01-01 00:00:00,2015-12-31 00:00:00,co2e_100yr,28538702.18950492,tonnes,annual,2026-05-01 00:00:00,2026-05-18 14:20:13.779009
PRK,manufacturing,iron-and-steel,2016-01-01 00:00:00,2016-12-31 00:00:00,co2e_100yr,31796544.905201834,tonnes,annual,2026-05-01 00:00:00,2026-05-18 14:20:13.779009
PRK,manufacturing,iron-and-steel,2017-01-01 00:00:00,2017-12-31 00:00:00,co2e_100yr,28434451.222602632,tonnes,annual,2026-05-01 00:00:00,2026-05-18 14:20:13.779009
PRK,manufacturing,iron-and-steel,2018-01-01 00:00:00,2018-12-31 00:00:00,co2e_100yr,21110820.797715966,tonnes,annual,2026-05-01 00:00:00,2026-05-18 14:20:13.779009
PRK,manufacturing,iron-and-steel,2019-01-01 00:00:00,2019-12-31 00:00:00,co2e_100yr,17722664.373391185,tonnes,annual,2026-05-01 00:00:00,2026-05-18 14:20:13.779009
PRK,manufacturing,iron-and-steel,2020-01-01 00:00:00,2020-12-31 00:00:00,co2e_100yr,18426358.39998172,tonnes,annual,2026-05-01 00:00:00,2026-05-18 14:20:13.779009
PRK,manufacturing,iron-and-steel,2021-01-01 00:00:00,2021-12-31 00:00:00,co2e_100yr,1743349.7338168616,tonnes,annual,2026-05-01 00:00:00,2026-05-18 14:20:13.779009
PRK,manufacturing,iron-and-steel,2022-01-01 00:00:00,2022-12-31 00:00:00,co2e_100yr,10994633.621854367,tonnes,annual,2026-05-01 00:00:00,2026-05-18 14:20:13.779009
PRK,manufacturing,iron-and-steel,2023-01-01 00:00:00,2023-12-31 00:00:00,co2e_100yr,10759111.821587402,tonnes,annual,2026-05-01 00:00:00,2026-05-18 14:20:13.779009
PRK,manufacturing,iron-and-steel,2024-01-01 00:00:00,2024-12-31 00:00:00,co2e_100yr,12222900.671293894,tonnes,annual,2026-05-01 00:00:00,2026-05-18 14:20:13.779009
PRK,manufacturing,iron-and-steel,2025-01-01 00:00:00,2025-12-31 00:00:00,co2e_100yr,11073566.800372042,tonnes,annual,2026-05-01 00:00:00,2026-05-18 14:20:13.779009
PRK,manufacturing,iron-and-steel,2026-01-01 00:00:00,2026-12-31 00:00:00,co2e_100yr,2496664.6851994926,tonnes,annual,2026-05-01 00:00:00,2026-05-18 14:20:13.779009
PRT,manufacturing,iron-and-steel,2015-01-01 00:00:00,2015-12-31 00:00:00,co2e_100yr,349159.9999999999,tonnes,annual,2026-05-01 00:00:00,2026-05-18 14:20:13.779009
PRT,manufacturing,iron-and-steel,2016-01-01 00:00:00,2016-12-31 00:00:00,co2e_100yr,345719.99999999994,tonnes,annual,2026-05-01 00:00:00,2026-05-18 14:20:13.779009
PRT,manufacturing,iron-and-steel,2017-01-01 00:00:00,2017-12-31 00:00:00,co2e_100yr,392917.8344,tonnes,annual,2026-05-01 00:00:00,2026-05-18 14:20:13.779009
PRT,manufacturing,iron-and-steel,2018-01-01 00:00:00,2018-12-31 00:00:00,co2e_100yr,381025.5799999999,tonnes,annual,2026-05-01 00:00:00,2026-05-18 14:20:13.779009
PRT,manufacturing,iron-and-steel,2019-01-01 00:00:00,2019-12-31 00:00:00,co2e_100yr,349649.51200000016,tonnes,annual,2026-05-01 00:00:00,2026-05-18 14:20:13.779009
PRT,manufacturing,iron-and-steel,2020-01-01 00:00:00,2020-12-31 00:00:00,co2e_100yr,378876.43999999994,tonnes,annual,2026-05-01 00:00:00,2026-05-18 14:20:13.779009
PRT,manufacturing,iron-and-steel,2021-01-01 00:00:00,2021-12-31 00:00:00,co2e_100yr,335911.012,tonnes,annual,2026-05-01 00:00:00,2026-05-18 14:20:13.779009
PRT,manufacturing,iron-and-steel,2022-01-01 00:00:00,2022-12-31 00:00:00,co2e_100yr,319037.124,tonnes,annual,2026-05-01 00:00:00,2026-05-18 14:20:13.779009
PRT,manufacturing,iron-and-steel,2023-01-01 00:00:00,2023-12-31 00:00:00,co2e_100yr,350820.83199999994,tonnes,annual,2026-05-01 00:00:00,2026-05-18 14:20:13.779009
PRT,manufacturing,iron-and-steel,2024-01-01 00:00:00,2024-12-31 00:00:00,co2e_100yr,335113.104,tonnes,annual,2026-05-01 00:00:00,2026-05-18 14:20:13.779009
PRT,manufacturing,iron-and-steel,2025-01-01 00:00:00,2025-12-31 00:00:00,co2e_100yr,359473.29199999996,tonnes,annual,2026-05-01 00:00:00,2026-05-18 14:20:13.779009
PRT,manufacturing,iron-and-steel,2026-01-01 00:00:00,2026-12-31 00:00:00,co2e_100yr,83853.14123835614,tonnes,annual,2026-05-01 00:00:00,2026-05-18 14:20:13.779009
PRY,manufacturing,iron-and-steel,2015-01-01 00:00:00,2015-12-31 00:00:00,co2e_100yr,91323.50000000001,tonnes,annual,2026-05-01 00:00:00,2026-05-18 14:20:13.779009
PRY,manufacturing,iron-and-steel,2016-01-01 00:00:00,2016-12-31 00:00:00,co2e_100yr,65770.4,tonnes,annual,2026-05-01 00:00:00,2026-05-18 14:20:13.779009
PRY,manufacturing,iron-and-steel,2017-01-01 00:00:00,2017-12-31 00:00:00,co2e_100yr,46170,tonnes,annual,2026-05-01 00:00:00,2026-05-18 14:20:13.779009
PRY,manufacturing,iron-and-steel,2018-01-01 00:00:00,2018-12-31 00:00:00,co2e_100yr,48016.80000000001,tonnes,annual,2026-05-01 00:00:00,2026-05-18 14:20:13.779009
PRY,manufacturing,iron-and-steel,2019-01-01 00:00:00,2019-12-31 00:00:00,co2e_100yr,49937.69999999999,tonnes,annual,2026-05-01 00:00:00,2026-05-18 14:20:13.779009
PRY,manufacturing,iron-and-steel,2020-01-01 00:00:00,2020-12-31 00:00:00,co2e_100yr,44239.6,tonnes,annual,2026-05-01 00:00:00,2026-05-18 14:20:13.779009
PRY,manufacturing,iron-and-steel,2021-01-01 00:00:00,2021-12-31 00:00:00,co2e_100yr,50336.700000000004,tonnes,annual,2026-05-01 00:00:00,2026-05-18 14:20:13.779009
PRY,manufacturing,iron-and-steel,2022-01-01 00:00:00,2022-12-31 00:00:00,co2e_100yr,44876.1,tonnes,annual,2026-05-01 00:00:00,2026-05-18 14:20:13.779009
PRY,manufacturing,iron-and-steel,2023-01-01 00:00:00,2023-12-31 00:00:00,co2e_100yr,40198.299999999996,tonnes,annual,2026-05-01 00:00:00,2026-05-18 14:20:13.779009
PRY,manufacturing,iron-and-steel,2024-01-01 00:00:00,2024-12-31 00:00:00,co2e_100yr,41691.700000000004,tonnes,annual,2026-05-01 00:00:00,2026-05-18 14:20:13.779009
PRY,manufacturing,iron-and-steel,2025-01-01 00:00:00,2025-12-31 00:00:00,co2e_100yr,43243.99999999999,tonnes,annual,2026-05-01 00:00:00,2026-05-18 14:20:13.779009
PRY,manufacturing,iron-and-steel,2026-01-01 00:00:00,2026-12-31 00:00:00,co2e_100yr,12872.5,tonnes,annual,2026-05-01 00:00:00,2026-05-18 14:20:13.779009
PSE,manufacturing,iron-and-steel,2015-01-01 00:00:00,2015-12-31 00:00:00,co2e_100yr,0,tonnes,annual,2026-05-01 00:00:00,2026-05-18 14:20:13.779009
PSE,manufacturing,iron-and-steel,2016-01-01 00:00:00,2016-12-31 00:00:00,co2e_100yr,0,tonnes,annual,2026-05-01 00:00:00,2026-05-18 14:20:13.779009
PSE,manufacturing,iron-and-steel,2017-01-01 00:00:00,2017-12-31 00:00:00,co2e_100yr,0,tonnes,annual,2026-05-01 00:00:00,2026-05-18 14:20:13.779009
PSE,manufacturing,iron-and-steel,2018-01-01 00:00:00,2018-12-31 00:00:00,co2e_100yr,0,tonnes,annual,2026-05-01 00:00:00,2026-05-18 14:20:13.779009
PSE,manufacturing,iron-and-steel,2019-01-01 00:00:00,2019-12-31 00:00:00,co2e_100yr,0,tonnes,annual,2026-05-01 00:00:00,2026-05-18 14:20:13.779009
PSE,manufacturing,iron-and-steel,2020-01-01 00:00:00,2020-12-31 00:00:00,co2e_100yr,0,tonnes,annual,2026-05-01 00:00:00,2026-05-18 14:20:13.779009
PSE,manufacturing,iron-and-steel,2021-01-01 00:00:00,2021-12-31 00:00:00,co2e_100yr,0,tonnes,annual,2026-05-01 00:00:00,2026-05-18 14:20:13.779009
PSE,manufacturing,iron-and-steel,2022-01-01 00:00:00,2022-12-31 00:00:00,co2e_100yr,0,tonnes,annual,2026-05-01 00:00:00,2026-05-18 14:20:13.779009
PSE,manufacturing,iron-and-steel,2023-01-01 00:00:00,2023-12-31 00:00:00,co2e_100yr,0,tonnes,annual,2026-05-01 00:00:00,2026-05-18 14:20:13.779009
PSE,manufacturing,iron-and-steel,2024-01-01 00:00:00,2024-12-31 00:00:00,co2e_100yr,0,tonnes,annual,2026-05-01 00:00:00,2026-05-18 14:20:13.779009
PSE,manufacturing,iron-and-steel,2025-01-01 00:00:00,2025-12-31 00:00:00,co2e_100yr,0,tonnes,annual,2026-05-01 00:00:00,2026-05-18 14:20:13.779009
PSE,manufacturing,iron-and-steel,2026-01-01 00:00:00,2026-12-31 00:00:00,co2e_100yr,0,tonnes,annual,2026-05-01 00:00:00,2026-05-18 14:20:13.779009
PYF,manufacturing,iron-and-steel,2015-01-01 00:00:00,2015-12-31 00:00:00,co2e_100yr,0,tonnes,annual,2026-05-01 00:00:00,2026-05-18 14:20:13.779009
PYF,manufacturing,iron-and-steel,2016-01-01 00:00:00,2016-12-31 00:00:00,co2e_100yr,0,tonnes,annual,2026-05-01 00:00:00,2026-05-18 14:20:13.779009
PYF,manufacturing,iron-and-steel,2017-01-01 00:00:00,2017-12-31 00:00:00,co2e_100yr,0,tonnes,annual,2026-05-01 00:00:00,2026-05-18 14:20:13.779009
PYF,manufacturing,iron-and-steel,2018-01-01 00:00:00,2018-12-31 00:00:00,co2e_100yr,0,tonnes,annual,2026-05-01 00:00:00,2026-05-18 14:20:13.779009
PYF,manufacturing,iron-and-steel,2019-01-01 00:00:00,2019-12-31 00:00:00,co2e_100yr,0,tonnes,annual,2026-05-01 00:00:00,2026-05-18 14:20:13.779009
PYF,manufacturing,iron-and-steel,2020-01-01 00:00:00,2020-12-31 00:00:00,co2e_100yr,0,tonnes,annual,2026-05-01 00:00:00,2026-05-18 14:20:13.779009
PYF,manufacturing,iron-and-steel,2021-01-01 00:00:00,2021-12-31 00:00:00,co2e_100yr,0,tonnes,annual,2026-05-01 00:00:00,2026-05-18 14:20:13.779009
PYF,manufacturing,iron-and-steel,2022-01-01 00:00:00,2022-12-31 00:00:00,co2e_100yr,0,tonnes,annual,2026-05-01 00:00:00,2026-05-18 14:20:13.779009
PYF,manufacturing,iron-and-steel,2023-01-01 00:00:00,2023-12-31 00:00:00,co2e_100yr,0,tonnes,annual,2026-05-01 00:00:00,2026-05-18 14:20:13.779009
PYF,manufacturing,iron-and-steel,2024-01-01 00:00:00,2024-12-31 00:00:00,co2e_100yr,0,tonnes,annual,2026-05-01 00:00:00,2026-05-18 14:20:13.779009
PYF,manufacturing,iron-and-steel,2025-01-01 00:00:00,2025-12-31 00:00:00,co2e_100yr,0,tonnes,annual,2026-05-01 00:00:00,2026-05-18 14:20:13.779009
PYF,manufacturing,iron-and-steel,2026-01-01 00:00:00,2026-12-31 00:00:00,co2e_100yr,0,tonnes,annual,2026-05-01 00:00:00,2026-05-18 14:20:13.779009
QAT,manufacturing,iron-and-steel,2015-01-01 00:00:00,2015-12-31 00:00:00,co2e_100yr,2378299.6,tonnes,annual,2026-05-01 00:00:00,2026-05-18 14:20:13.779009
QAT,manufacturing,iron-and-steel,2016-01-01 00:00:00,2016-12-31 00:00:00,co2e_100yr,2312261.2,tonnes,annual,2026-05-01 00:00:00,2026-05-18 14:20:13.779009
QAT,manufacturing,iron-and-steel,2017-01-01 00:00:00,2017-12-31 00:00:00,co2e_100yr,2425076.8000000003,tonnes,annual,2026-05-01 00:00:00,2026-05-18 14:20:13.779009
QAT,manufacturing,iron-and-steel,2018-01-01 00:00:00,2018-12-31 00:00:00,co2e_100yr,2361790,tonnes,annual,2026-05-01 00:00:00,2026-05-18 14:20:13.779009
QAT,manufacturing,iron-and-steel,2019-01-01 00:00:00,2019-12-31 00:00:00,co2e_100yr,2346027.0007999996,tonnes,annual,2026-05-01 00:00:00,2026-05-18 14:20:13.779009
QAT,manufacturing,iron-and-steel,2020-01-01 00:00:00,2020-12-31 00:00:00,co2e_100yr,1117216.5556,tonnes,annual,2026-05-01 00:00:00,2026-05-18 14:20:13.779009
QAT,manufacturing,iron-and-steel,2021-01-01 00:00:00,2021-12-31 00:00:00,co2e_100yr,918850.0427999999,tonnes,annual,2026-05-01 00:00:00,2026-05-18 14:20:13.779009
QAT,manufacturing,iron-and-steel,2022-01-01 00:00:00,2022-12-31 00:00:00,co2e_100yr,992331.5207999998,tonnes,annual,2026-05-01 00:00:00,2026-05-18 14:20:13.779009
QAT,manufacturing,iron-and-steel,2023-01-01 00:00:00,2023-12-31 00:00:00,co2e_100yr,1051511.5302840003,tonnes,annual,2026-05-01 00:00:00,2026-05-18 14:20:13.779009
QAT,manufacturing,iron-and-steel,2024-01-01 00:00:00,2024-12-31 00:00:00,co2e_100yr,1079129.8256,tonnes,annual,2026-05-01 00:00:00,2026-05-18 14:20:13.779009
QAT,manufacturing,iron-and-steel,2025-01-01 00:00:00,2025-12-31 00:00:00,co2e_100yr,1557836.684,tonnes,annual,2026-05-01 00:00:00,2026-05-18 14:20:13.779009
QAT,manufacturing,iron-and-steel,2026-01-01 00:00:00,2026-12-31 00:00:00,co2e_100yr,455398.972,tonnes,annual,2026-05-01 00:00:00,2026-05-18 14:20:13.779009
REU,manufacturing,iron-and-steel,2015-01-01 00:00:00,2015-12-31 00:00:00,co2e_100yr,0,tonnes,annual,2026-05-01 00:00:00,2026-05-18 14:20:13.779009
REU,manufacturing,iron-and-steel,2016-01-01 00:00:00,2016-12-31 00:00:00,co2e_100yr,0,tonnes,annual,2026-05-01 00:00:00,2026-05-18 14:20:13.779009
REU,manufacturing,iron-and-steel,2017-01-01 00:00:00,2017-12-31 00:00:00,co2e_100yr,0,tonnes,annual,2026-05-01 00:00:00,2026-05-18 14:20:13.779009
REU,manufacturing,iron-and-steel,2018-01-01 00:00:00,2018-12-31 00:00:00,co2e_100yr,0,tonnes,annual,2026-05-01 00:00:00,2026-05-18 14:20:13.779009
REU,manufacturing,iron-and-steel,2019-01-01 00:00:00,2019-12-31 00:00:00,co2e_100yr,0,tonnes,annual,2026-05-01 00:00:00,2026-05-18 14:20:13.779009
REU,manufacturing,iron-and-steel,2020-01-01 00:00:00,2020-12-31 00:00:00,co2e_100yr,0,tonnes,annual,2026-05-01 00:00:00,2026-05-18 14:20:13.779009
REU,manufacturing,iron-and-steel,2021-01-01 00:00:00,2021-12-31 00:00:00,co2e_100yr,0,tonnes,annual,2026-05-01 00:00:00,2026-05-18 14:20:13.779009
REU,manufacturing,iron-and-steel,2022-01-01 00:00:00,2022-12-31 00:00:00,co2e_100yr,0,tonnes,annual,2026-05-01 00:00:00,2026-05-18 14:20:13.779009
REU,manufacturing,iron-and-steel,2023-01-01 00:00:00,2023-12-31 00:00:00,co2e_100yr,0,tonnes,annual,2026-05-01 00:00:00,2026-05-18 14:20:13.779009
REU,manufacturing,iron-and-steel,2024-01-01 00:00:00,2024-12-31 00:00:00,co2e_100yr,0,tonnes,annual,2026-05-01 00:00:00,2026-05-18 14:20:13.779009
REU,manufacturing,iron-and-steel,2025-01-01 00:00:00,2025-12-31 00:00:00,co2e_100yr,0,tonnes,annual,2026-05-01 00:00:00,2026-05-18 14:20:13.779009
REU,manufacturing,iron-and-steel,2026-01-01 00:00:00,2026-12-31 00:00:00,co2e_100yr,0,tonnes,annual,2026-05-01 00:00:00,2026-05-18 14:20:13.779009
ROU,manufacturing,iron-and-steel,2015-01-01 00:00:00,2015-12-31 00:00:00,co2e_100yr,22380885.03977819,tonnes,annual,2026-05-01 00:00:00,2026-05-18 14:20:13.779009
ROU,manufacturing,iron-and-steel,2016-01-01 00:00:00,2016-12-31 00:00:00,co2e_100yr,21024029.659269705,tonnes,annual,2026-05-01 00:00:00,2026-05-18 14:20:13.779009
ROU,manufacturing,iron-and-steel,2017-01-01 00:00:00,2017-12-31 00:00:00,co2e_100yr,25653508.303569,tonnes,annual,2026-05-01 00:00:00,2026-05-18 14:20:13.779009
ROU,manufacturing,iron-and-steel,2018-01-01 00:00:00,2018-12-31 00:00:00,co2e_100yr,24267985.550441306,tonnes,annual,2026-05-01 00:00:00,2026-05-18 14:20:13.779009
ROU,manufacturing,iron-and-steel,2019-01-01 00:00:00,2019-12-31 00:00:00,co2e_100yr,25737459.977895144,tonnes,annual,2026-05-01 00:00:00,2026-05-18 14:20:13.779009
ROU,manufacturing,iron-and-steel,2020-01-01 00:00:00,2020-12-31 00:00:00,co2e_100yr,22411414.357545853,tonnes,annual,2026-05-01 00:00:00,2026-05-18 14:20:13.779009
ROU,manufacturing,iron-and-steel,2021-01-01 00:00:00,2021-12-31 00:00:00,co2e_100yr,4572949.676121534,tonnes,annual,2026-05-01 00:00:00,2026-05-18 14:20:13.779009
ROU,manufacturing,iron-and-steel,2022-01-01 00:00:00,2022-12-31 00:00:00,co2e_100yr,4679413.874927731,tonnes,annual,2026-05-01 00:00:00,2026-05-18 14:20:13.779009
ROU,manufacturing,iron-and-steel,2023-01-01 00:00:00,2023-12-31 00:00:00,co2e_100yr,5086054.30822303,tonnes,annual,2026-05-01 00:00:00,2026-05-18 14:20:13.779009
ROU,manufacturing,iron-and-steel,2024-01-01 00:00:00,2024-12-31 00:00:00,co2e_100yr,4034477.573720345,tonnes,annual,2026-05-01 00:00:00,2026-05-18 14:20:13.779009
ROU,manufacturing,iron-and-steel,2025-01-01 00:00:00,2025-12-31 00:00:00,co2e_100yr,3057993.1046694857,tonnes,annual,2026-05-01 00:00:00,2026-05-18 14:20:13.779009
ROU,manufacturing,iron-and-steel,2026-01-01 00:00:00,2026-12-31 00:00:00,co2e_100yr,460125.8109883751,tonnes,annual,2026-05-01 00:00:00,2026-05-18 14:20:13.779009
RUS,manufacturing,iron-and-steel,2015-01-01 00:00:00,2015-12-31 00:00:00,co2e_100yr,89283818.92858915,tonnes,annual,2026-05-01 00:00:00,2026-05-18 14:20:13.779009
RUS,manufacturing,iron-and-steel,2016-01-01 00:00:00,2016-12-31 00:00:00,co2e_100yr,88018004.2034138,tonnes,annual,2026-05-01 00:00:00,2026-05-18 14:20:13.779009
RUS,manufacturing,iron-and-steel,2017-01-01 00:00:00,2017-12-31 00:00:00,co2e_100yr,89960803.02451698,tonnes,annual,2026-05-01 00:00:00,2026-05-18 14:20:13.779009
RUS,manufacturing,iron-and-steel,2018-01-01 00:00:00,2018-12-31 00:00:00,co2e_100yr,91952938.24960801,tonnes,annual,2026-05-01 00:00:00,2026-05-18 14:20:13.779009
RUS,manufacturing,iron-and-steel,2019-01-01 00:00:00,2019-12-31 00:00:00,co2e_100yr,88501845.4063885,tonnes,annual,2026-05-01 00:00:00,2026-05-18 14:20:13.779009
RUS,manufacturing,iron-and-steel,2020-01-01 00:00:00,2020-12-31 00:00:00,co2e_100yr,89907056.38675606,tonnes,annual,2026-05-01 00:00:00,2026-05-18 14:20:13.779009
RUS,manufacturing,iron-and-steel,2021-01-01 00:00:00,2021-12-31 00:00:00,co2e_100yr,90369816.48635666,tonnes,annual,2026-05-01 00:00:00,2026-05-18 14:20:13.779009
RUS,manufacturing,iron-and-steel,2022-01-01 00:00:00,2022-12-31 00:00:00,co2e_100yr,90283785.7161313,tonnes,annual,2026-05-01 00:00:00,2026-05-18 14:20:13.779009
RUS,manufacturing,iron-and-steel,2023-01-01 00:00:00,2023-12-31 00:00:00,co2e_100yr,96853554.0332068,tonnes,annual,2026-05-01 00:00:00,2026-05-18 14:20:13.779009
RUS,manufacturing,iron-and-steel,2024-01-01 00:00:00,2024-12-31 00:00:00,co2e_100yr,89693534.54136477,tonnes,annual,2026-05-01 00:00:00,2026-05-18 14:20:13.779009
RUS,manufacturing,iron-and-steel,2025-01-01 00:00:00,2025-12-31 00:00:00,co2e_100yr,86075474.5514563,tonnes,annual,2026-05-01 00:00:00,2026-05-18 14:20:13.779009
RUS,manufacturing,iron-and-steel,2026-01-01 00:00:00,2026-12-31 00:00:00,co2e_100yr,20070432.599961374,tonnes,annual,2026-05-01 00:00:00,2026-05-18 14:20:13.779009
RWA,manufacturing,iron-and-steel,2015-01-01 00:00:00,2015-12-31 00:00:00,co2e_100yr,0,tonnes,annual,2026-05-01 00:00:00,2026-05-18 14:20:13.779009
RWA,manufacturing,iron-and-steel,2016-01-01 00:00:00,2016-12-31 00:00:00,co2e_100yr,0,tonnes,annual,2026-05-01 00:00:00,2026-05-18 14:20:13.779009
RWA,manufacturing,iron-and-steel,2017-01-01 00:00:00,2017-12-31 00:00:00,co2e_100yr,0,tonnes,annual,2026-05-01 00:00:00,2026-05-18 14:20:13.779009
RWA,manufacturing,iron-and-steel,2018-01-01 00:00:00,2018-12-31 00:00:00,co2e_100yr,0,tonnes,annual,2026-05-01 00:00:00,2026-05-18 14:20:13.779009
RWA,manufacturing,iron-and-steel,2019-01-01 00:00:00,2019-12-31 00:00:00,co2e_100yr,0,tonnes,annual,2026-05-01 00:00:00,2026-05-18 14:20:13.779009
RWA,manufacturing,iron-and-steel,2020-01-01 00:00:00,2020-12-31 00:00:00,co2e_100yr,0,tonnes,annual,2026-05-01 00:00:00,2026-05-18 14:20:13.779009
RWA,manufacturing,iron-and-steel,2021-01-01 00:00:00,2021-12-31 00:00:00,co2e_100yr,0,tonnes,annual,2026-05-01 00:00:00,2026-05-18 14:20:13.779009
RWA,manufacturing,iron-and-steel,2022-01-01 00:00:00,2022-12-31 00:00:00,co2e_100yr,0,tonnes,annual,2026-05-01 00:00:00,2026-05-18 14:20:13.779009
RWA,manufacturing,iron-and-steel,2023-01-01 00:00:00,2023-12-31 00:00:00,co2e_100yr,0,tonnes,annual,2026-05-01 00:00:00,2026-05-18 14:20:13.779009
RWA,manufacturing,iron-and-steel,2024-01-01 00:00:00,2024-12-31 00:00:00,co2e_100yr,0,tonnes,annual,2026-05-01 00:00:00,2026-05-18 14:20:13.779009
RWA,manufacturing,iron-and-steel,2025-01-01 00:00:00,2025-12-31 00:00:00,co2e_100yr,0,tonnes,annual,2026-05-01 00:00:00,2026-05-18 14:20:13.779009
RWA,manufacturing,iron-and-steel,2026-01-01 00:00:00,2026-12-31 00:00:00,co2e_100yr,0,tonnes,annual,2026-05-01 00:00:00,2026-05-18 14:20:13.779009
SAU,manufacturing,iron-and-steel,2015-01-01 00:00:00,2015-12-31 00:00:00,co2e_100yr,3874540.767824473,tonnes,annual,2026-05-01 00:00:00,2026-05-18 14:20:13.779009
SAU,manufacturing,iron-and-steel,2016-01-01 00:00:00,2016-12-31 00:00:00,co2e_100yr,4046169.3261708734,tonnes,annual,2026-05-01 00:00:00,2026-05-18 14:20:13.779009
SAU,manufacturing,iron-and-steel,2017-01-01 00:00:00,2017-12-31 00:00:00,co2e_100yr,3579849.6628348343,tonnes,annual,2026-05-01 00:00:00,2026-05-18 14:20:13.779009
SAU,manufacturing,iron-and-steel,2018-01-01 00:00:00,2018-12-31 00:00:00,co2e_100yr,6066213.102658862,tonnes,annual,2026-05-01 00:00:00,2026-05-18 14:20:13.779009
SAU,manufacturing,iron-and-steel,2019-01-01 00:00:00,2019-12-31 00:00:00,co2e_100yr,6069176.929751892,tonnes,annual,2026-05-01 00:00:00,2026-05-18 14:20:13.779009
SAU,manufacturing,iron-and-steel,2020-01-01 00:00:00,2020-12-31 00:00:00,co2e_100yr,5760938.912076785,tonnes,annual,2026-05-01 00:00:00,2026-05-18 14:20:13.779009
SAU,manufacturing,iron-and-steel,2021-01-01 00:00:00,2021-12-31 00:00:00,co2e_100yr,6616178.012652759,tonnes,annual,2026-05-01 00:00:00,2026-05-18 14:20:13.779009
SAU,manufacturing,iron-and-steel,2022-01-01 00:00:00,2022-12-31 00:00:00,co2e_100yr,7395267.066243492,tonnes,annual,2026-05-01 00:00:00,2026-05-18 14:20:13.779009
SAU,manufacturing,iron-and-steel,2023-01-01 00:00:00,2023-12-31 00:00:00,co2e_100yr,7328504.071540973,tonnes,annual,2026-05-01 00:00:00,2026-05-18 14:20:13.779009
SAU,manufacturing,iron-and-steel,2024-01-01 00:00:00,2024-12-31 00:00:00,co2e_100yr,7093690.721910654,tonnes,annual,2026-05-01 00:00:00,2026-05-18 14:20:13.779009
SAU,manufacturing,iron-and-steel,2025-01-01 00:00:00,2025-12-31 00:00:00,co2e_100yr,7730273.221367253,tonnes,annual,2026-05-01 00:00:00,2026-05-18 14:20:13.779009
SAU,manufacturing,iron-and-steel,2026-01-01 00:00:00,2026-12-31 00:00:00,co2e_100yr,1863065.345655395,tonnes,annual,2026-05-01 00:00:00,2026-05-18 14:20:13.779009
SDN,manufacturing,iron-and-steel,2015-01-01 00:00:00,2015-12-31 00:00:00,co2e_100yr,0,tonnes,annual,2026-05-01 00:00:00,2026-05-18 14:20:13.779009
SDN,manufacturing,iron-and-steel,2016-01-01 00:00:00,2016-12-31 00:00:00,co2e_100yr,0,tonnes,annual,2026-05-01 00:00:00,2026-05-18 14:20:13.779009
SDN,manufacturing,iron-and-steel,2017-01-01 00:00:00,2017-12-31 00:00:00,co2e_100yr,0,tonnes,annual,2026-05-01 00:00:00,2026-05-18 14:20:13.779009
SDN,manufacturing,iron-and-steel,2018-01-01 00:00:00,2018-12-31 00:00:00,co2e_100yr,0,tonnes,annual,2026-05-01 00:00:00,2026-05-18 14:20:13.779009
SDN,manufacturing,iron-and-steel,2019-01-01 00:00:00,2019-12-31 00:00:00,co2e_100yr,0,tonnes,annual,2026-05-01 00:00:00,2026-05-18 14:20:13.779009
SDN,manufacturing,iron-and-steel,2020-01-01 00:00:00,2020-12-31 00:00:00,co2e_100yr,0,tonnes,annual,2026-05-01 00:00:00,2026-05-18 14:20:13.779009
SDN,manufacturing,iron-and-steel,2021-01-01 00:00:00,2021-12-31 00:00:00,co2e_100yr,0,tonnes,annual,2026-05-01 00:00:00,2026-05-18 14:20:13.779009
SDN,manufacturing,iron-and-steel,2022-01-01 00:00:00,2022-12-31 00:00:00,co2e_100yr,0,tonnes,annual,2026-05-01 00:00:00,2026-05-18 14:20:13.779009
SDN,manufacturing,iron-and-steel,2023-01-01 00:00:00,2023-12-31 00:00:00,co2e_100yr,0,tonnes,annual,2026-05-01 00:00:00,2026-05-18 14:20:13.779009
SDN,manufacturing,iron-and-steel,2024-01-01 00:00:00,2024-12-31 00:00:00,co2e_100yr,0,tonnes,annual,2026-05-01 00:00:00,2026-05-18 14:20:13.779009
SDN,manufacturing,iron-and-steel,2025-01-01 00:00:00,2025-12-31 00:00:00,co2e_100yr,0,tonnes,annual,2026-05-01 00:00:00,2026-05-18 14:20:13.779009
SDN,manufacturing,iron-and-steel,2026-01-01 00:00:00,2026-12-31 00:00:00,co2e_100yr,0,tonnes,annual,2026-05-01 00:00:00,2026-05-18 14:20:13.779009
SEN,manufacturing,iron-and-steel,2015-01-01 00:00:00,2015-12-31 00:00:00,co2e_100yr,0,tonnes,annual,2026-05-01 00:00:00,2026-05-18 14:20:13.779009
SEN,manufacturing,iron-and-steel,2016-01-01 00:00:00,2016-12-31 00:00:00,co2e_100yr,0,tonnes,annual,2026-05-01 00:00:00,2026-05-18 14:20:13.779009
SEN,manufacturing,iron-and-steel,2017-01-01 00:00:00,2017-12-31 00:00:00,co2e_100yr,0,tonnes,annual,2026-05-01 00:00:00,2026-05-18 14:20:13.779009
SEN,manufacturing,iron-and-steel,2018-01-01 00:00:00,2018-12-31 00:00:00,co2e_100yr,0,tonnes,annual,2026-05-01 00:00:00,2026-05-18 14:20:13.779009
SEN,manufacturing,iron-and-steel,2019-01-01 00:00:00,2019-12-31 00:00:00,co2e_100yr,0,tonnes,annual,2026-05-01 00:00:00,2026-05-18 14:20:13.779009
SEN,manufacturing,iron-and-steel,2020-01-01 00:00:00,2020-12-31 00:00:00,co2e_100yr,0,tonnes,annual,2026-05-01 00:00:00,2026-05-18 14:20:13.779009
SEN,manufacturing,iron-and-steel,2021-01-01 00:00:00,2021-12-31 00:00:00,co2e_100yr,0,tonnes,annual,2026-05-01 00:00:00,2026-05-18 14:20:13.779009
SEN,manufacturing,iron-and-steel,2022-01-01 00:00:00,2022-12-31 00:00:00,co2e_100yr,0,tonnes,annual,2026-05-01 00:00:00,2026-05-18 14:20:13.779009
SEN,manufacturing,iron-and-steel,2023-01-01 00:00:00,2023-12-31 00:00:00,co2e_100yr,0,tonnes,annual,2026-05-01 00:00:00,2026-05-18 14:20:13.779009
SEN,manufacturing,iron-and-steel,2024-01-01 00:00:00,2024-12-31 00:00:00,co2e_100yr,0,tonnes,annual,2026-05-01 00:00:00,2026-05-18 14:20:13.779009
SEN,manufacturing,iron-and-steel,2025-01-01 00:00:00,2025-12-31 00:00:00,co2e_100yr,0,tonnes,annual,2026-05-01 00:00:00,2026-05-18 14:20:13.779009
SEN,manufacturing,iron-and-steel,2026-01-01 00:00:00,2026-12-31 00:00:00,co2e_100yr,0,tonnes,annual,2026-05-01 00:00:00,2026-05-18 14:20:13.779009
SGP,manufacturing,iron-and-steel,2015-01-01 00:00:00,2015-12-31 00:00:00,co2e_100yr,64254.25240546386,tonnes,annual,2026-05-01 00:00:00,2026-05-18 14:20:13.779009
SGP,manufacturing,iron-and-steel,2016-01-01 00:00:00,2016-12-31 00:00:00,co2e_100yr,66680.47952089962,tonnes,annual,2026-05-01 00:00:00,2026-05-18 14:20:13.779009
SGP,manufacturing,iron-and-steel,2017-01-01 00:00:00,2017-12-31 00:00:00,co2e_100yr,76021.82568213655,tonnes,annual,2026-05-01 00:00:00,2026-05-18 14:20:13.779009
SGP,manufacturing,iron-and-steel,2018-01-01 00:00:00,2018-12-31 00:00:00,co2e_100yr,79248.50519685267,tonnes,annual,2026-05-01 00:00:00,2026-05-18 14:20:13.779009
SGP,manufacturing,iron-and-steel,2019-01-01 00:00:00,2019-12-31 00:00:00,co2e_100yr,70469.29609052355,tonnes,annual,2026-05-01 00:00:00,2026-05-18 14:20:13.779009
SGP,manufacturing,iron-and-steel,2020-01-01 00:00:00,2020-12-31 00:00:00,co2e_100yr,53772.22311661692,tonnes,annual,2026-05-01 00:00:00,2026-05-18 14:20:13.779009
SGP,manufacturing,iron-and-steel,2021-01-01 00:00:00,2021-12-31 00:00:00,co2e_100yr,45741.20000000001,tonnes,annual,2026-05-01 00:00:00,2026-05-18 14:20:13.779009
SGP,manufacturing,iron-and-steel,2022-01-01 00:00:00,2022-12-31 00:00:00,co2e_100yr,43800.8,tonnes,annual,2026-05-01 00:00:00,2026-05-18 14:20:13.779009
SGP,manufacturing,iron-and-steel,2023-01-01 00:00:00,2023-12-31 00:00:00,co2e_100yr,37214.96000000001,tonnes,annual,2026-05-01 00:00:00,2026-05-18 14:20:13.779009
SGP,manufacturing,iron-and-steel,2024-01-01 00:00:00,2024-12-31 00:00:00,co2e_100yr,24000,tonnes,annual,2026-05-01 00:00:00,2026-05-18 14:20:13.779009
SGP,manufacturing,iron-and-steel,2025-01-01 00:00:00,2025-12-31 00:00:00,co2e_100yr,23999.999999999996,tonnes,annual,2026-05-01 00:00:00,2026-05-18 14:20:13.779009
SGP,manufacturing,iron-and-steel,2026-01-01 00:00:00,2026-12-31 00:00:00,co2e_100yr,8066.666666666667,tonnes,annual,2026-05-01 00:00:00,2026-05-18 14:20:13.779009
SGS,manufacturing,iron-and-steel,2015-01-01 00:00:00,2015-12-31 00:00:00,co2e_100yr,0,tonnes,annual,2026-05-01 00:00:00,2026-05-18 14:20:13.779009
SGS,manufacturing,iron-and-steel,2016-01-01 00:00:00,2016-12-31 00:00:00,co2e_100yr,0,tonnes,annual,2026-05-01 00:00:00,2026-05-18 14:20:13.779009
SGS,manufacturing,iron-and-steel,2017-01-01 00:00:00,2017-12-31 00:00:00,co2e_100yr,0,tonnes,annual,2026-05-01 00:00:00,2026-05-18 14:20:13.779009
SGS,manufacturing,iron-and-steel,2018-01-01 00:00:00,2018-12-31 00:00:00,co2e_100yr,0,tonnes,annual,2026-05-01 00:00:00,2026-05-18 14:20:13.779009
SGS,manufacturing,iron-and-steel,2019-01-01 00:00:00,2019-12-31 00:00:00,co2e_100yr,0,tonnes,annual,2026-05-01 00:00:00,2026-05-18 14:20:13.779009
SGS,manufacturing,iron-and-steel,2020-01-01 00:00:00,2020-12-31 00:00:00,co2e_100yr,0,tonnes,annual,2026-05-01 00:00:00,2026-05-18 14:20:13.779009
SGS,manufacturing,iron-and-steel,2021-01-01 00:00:00,2021-12-31 00:00:00,co2e_100yr,0,tonnes,annual,2026-05-01 00:00:00,2026-05-18 14:20:13.779009
SGS,manufacturing,iron-and-steel,2022-01-01 00:00:00,2022-12-31 00:00:00,co2e_100yr,0,tonnes,annual,2026-05-01 00:00:00,2026-05-18 14:20:13.779009
SGS,manufacturing,iron-and-steel,2023-01-01 00:00:00,2023-12-31 00:00:00,co2e_100yr,0,tonnes,annual,2026-05-01 00:00:00,2026-05-18 14:20:13.779009
SGS,manufacturing,iron-and-steel,2024-01-01 00:00:00,2024-12-31 00:00:00,co2e_100yr,0,tonnes,annual,2026-05-01 00:00:00,2026-05-18 14:20:13.779009
SGS,manufacturing,iron-and-steel,2025-01-01 00:00:00,2025-12-31 00:00:00,co2e_100yr,0,tonnes,annual,2026-05-01 00:00:00,2026-05-18 14:20:13.779009
SGS,manufacturing,iron-and-steel,2026-01-01 00:00:00,2026-12-31 00:00:00,co2e_100yr,0,tonnes,annual,2026-05-01 00:00:00,2026-05-18 14:20:13.779009
SHN,manufacturing,iron-and-steel,2015-01-01 00:00:00,2015-12-31 00:00:00,co2e_100yr,0,tonnes,annual,2026-05-01 00:00:00,2026-05-18 14:20:13.779009
SHN,manufacturing,iron-and-steel,2016-01-01 00:00:00,2016-12-31 00:00:00,co2e_100yr,0,tonnes,annual,2026-05-01 00:00:00,2026-05-18 14:20:13.779009
SHN,manufacturing,iron-and-steel,2017-01-01 00:00:00,2017-12-31 00:00:00,co2e_100yr,0,tonnes,annual,2026-05-01 00:00:00,2026-05-18 14:20:13.779009
SHN,manufacturing,iron-and-steel,2018-01-01 00:00:00,2018-12-31 00:00:00,co2e_100yr,0,tonnes,annual,2026-05-01 00:00:00,2026-05-18 14:20:13.779009
SHN,manufacturing,iron-and-steel,2019-01-01 00:00:00,2019-12-31 00:00:00,co2e_100yr,0,tonnes,annual,2026-05-01 00:00:00,2026-05-18 14:20:13.779009
SHN,manufacturing,iron-and-steel,2020-01-01 00:00:00,2020-12-31 00:00:00,co2e_100yr,0,tonnes,annual,2026-05-01 00:00:00,2026-05-18 14:20:13.779009
SHN,manufacturing,iron-and-steel,2021-01-01 00:00:00,2021-12-31 00:00:00,co2e_100yr,0,tonnes,annual,2026-05-01 00:00:00,2026-05-18 14:20:13.779009
SHN,manufacturing,iron-and-steel,2022-01-01 00:00:00,2022-12-31 00:00:00,co2e_100yr,0,tonnes,annual,2026-05-01 00:00:00,2026-05-18 14:20:13.779009
SHN,manufacturing,iron-and-steel,2023-01-01 00:00:00,2023-12-31 00:00:00,co2e_100yr,0,tonnes,annual,2026-05-01 00:00:00,2026-05-18 14:20:13.779009
SHN,manufacturing,iron-and-steel,2024-01-01 00:00:00,2024-12-31 00:00:00,co2e_100yr,0,tonnes,annual,2026-05-01 00:00:00,2026-05-18 14:20:13.779009
SHN,manufacturing,iron-and-steel,2025-01-01 00:00:00,2025-12-31 00:00:00,co2e_100yr,0,tonnes,annual,2026-05-01 00:00:00,2026-05-18 14:20:13.779009
SHN,manufacturing,iron-and-steel,2026-01-01 00:00:00,2026-12-31 00:00:00,co2e_100yr,0,tonnes,annual,2026-05-01 00:00:00,2026-05-18 14:20:13.779009
SJM,manufacturing,iron-and-steel,2015-01-01 00:00:00,2015-12-31 00:00:00,co2e_100yr,0,tonnes,annual,2026-05-01 00:00:00,2026-05-18 14:20:13.779009
SJM,manufacturing,iron-and-steel,2016-01-01 00:00:00,2016-12-31 00:00:00,co2e_100yr,0,tonnes,annual,2026-05-01 00:00:00,2026-05-18 14:20:13.779009
SJM,manufacturing,iron-and-steel,2017-01-01 00:00:00,2017-12-31 00:00:00,co2e_100yr,0,tonnes,annual,2026-05-01 00:00:00,2026-05-18 14:20:13.779009
SJM,manufacturing,iron-and-steel,2018-01-01 00:00:00,2018-12-31 00:00:00,co2e_100yr,0,tonnes,annual,2026-05-01 00:00:00,2026-05-18 14:20:13.779009
SJM,manufacturing,iron-and-steel,2019-01-01 00:00:00,2019-12-31 00:00:00,co2e_100yr,0,tonnes,annual,2026-05-01 00:00:00,2026-05-18 14:20:13.779009
SJM,manufacturing,iron-and-steel,2020-01-01 00:00:00,2020-12-31 00:00:00,co2e_100yr,0,tonnes,annual,2026-05-01 00:00:00,2026-05-18 14:20:13.779009
SJM,manufacturing,iron-and-steel,2021-01-01 00:00:00,2021-12-31 00:00:00,co2e_100yr,0,tonnes,annual,2026-05-01 00:00:00,2026-05-18 14:20:13.779009
SJM,manufacturing,iron-and-steel,2022-01-01 00:00:00,2022-12-31 00:00:00,co2e_100yr,0,tonnes,annual,2026-05-01 00:00:00,2026-05-18 14:20:13.779009
SJM,manufacturing,iron-and-steel,2023-01-01 00:00:00,2023-12-31 00:00:00,co2e_100yr,0,tonnes,annual,2026-05-01 00:00:00,2026-05-18 14:20:13.779009
SJM,manufacturing,iron-and-steel,2024-01-01 00:00:00,2024-12-31 00:00:00,co2e_100yr,0,tonnes,annual,2026-05-01 00:00:00,2026-05-18 14:20:13.779009
SJM,manufacturing,iron-and-steel,2025-01-01 00:00:00,2025-12-31 00:00:00,co2e_100yr,0,tonnes,annual,2026-05-01 00:00:00,2026-05-18 14:20:13.779009
SJM,manufacturing,iron-and-steel,2026-01-01 00:00:00,2026-12-31 00:00:00,co2e_100yr,0,tonnes,annual,2026-05-01 00:00:00,2026-05-18 14:20:13.779009
SLB,manufacturing,iron-and-steel,2015-01-01 00:00:00,2015-12-31 00:00:00,co2e_100yr,0,tonnes,annual,2026-05-01 00:00:00,2026-05-18 14:20:13.779009
SLB,manufacturing,iron-and-steel,2016-01-01 00:00:00,2016-12-31 00:00:00,co2e_100yr,0,tonnes,annual,2026-05-01 00:00:00,2026-05-18 14:20:13.779009
SLB,manufacturing,iron-and-steel,2017-01-01 00:00:00,2017-12-31 00:00:00,co2e_100yr,0,tonnes,annual,2026-05-01 00:00:00,2026-05-18 14:20:13.779009
SLB,manufacturing,iron-and-steel,2018-01-01 00:00:00,2018-12-31 00:00:00,co2e_100yr,0,tonnes,annual,2026-05-01 00:00:00,2026-05-18 14:20:13.779009
SLB,manufacturing,iron-and-steel,2019-01-01 00:00:00,2019-12-31 00:00:00,co2e_100yr,0,tonnes,annual,2026-05-01 00:00:00,2026-05-18 14:20:13.779009
SLB,manufacturing,iron-and-steel,2020-01-01 00:00:00,2020-12-31 00:00:00,co2e_100yr,0,tonnes,annual,2026-05-01 00:00:00,2026-05-18 14:20:13.779009
SLB,manufacturing,iron-and-steel,2021-01-01 00:00:00,2021-12-31 00:00:00,co2e_100yr,0,tonnes,annual,2026-05-01 00:00:00,2026-05-18 14:20:13.779009
SLB,manufacturing,iron-and-steel,2022-01-01 00:00:00,2022-12-31 00:00:00,co2e_100yr,0,tonnes,annual,2026-05-01 00:00:00,2026-05-18 14:20:13.779009
SLB,manufacturing,iron-and-steel,2023-01-01 00:00:00,2023-12-31 00:00:00,co2e_100yr,0,tonnes,annual,2026-05-01 00:00:00,2026-05-18 14:20:13.779009
SLB,manufacturing,iron-and-steel,2024-01-01 00:00:00,2024-12-31 00:00:00,co2e_100yr,0,tonnes,annual,2026-05-01 00:00:00,2026-05-18 14:20:13.779009
SLB,manufacturing,iron-and-steel,2025-01-01 00:00:00,2025-12-31 00:00:00,co2e_100yr,0,tonnes,annual,2026-05-01 00:00:00,2026-05-18 14:20:13.779009
SLB,manufacturing,iron-and-steel,2026-01-01 00:00:00,2026-12-31 00:00:00,co2e_100yr,0,tonnes,annual,2026-05-01 00:00:00,2026-05-18 14:20:13.779009
SLE,manufacturing,iron-and-steel,2015-01-01 00:00:00,2015-12-31 00:00:00,co2e_100yr,0,tonnes,annual,2026-05-01 00:00:00,2026-05-18 14:20:13.779009
SLE,manufacturing,iron-and-steel,2016-01-01 00:00:00,2016-12-31 00:00:00,co2e_100yr,0,tonnes,annual,2026-05-01 00:00:00,2026-05-18 14:20:13.779009
SLE,manufacturing,iron-and-steel,2017-01-01 00:00:00,2017-12-31 00:00:00,co2e_100yr,0,tonnes,annual,2026-05-01 00:00:00,2026-05-18 14:20:13.779009
SLE,manufacturing,iron-and-steel,2018-01-01 00:00:00,2018-12-31 00:00:00,co2e_100yr,0,tonnes,annual,2026-05-01 00:00:00,2026-05-18 14:20:13.779009
SLE,manufacturing,iron-and-steel,2019-01-01 00:00:00,2019-12-31 00:00:00,co2e_100yr,0,tonnes,annual,2026-05-01 00:00:00,2026-05-18 14:20:13.779009
SLE,manufacturing,iron-and-steel,2020-01-01 00:00:00,2020-12-31 00:00:00,co2e_100yr,0,tonnes,annual,2026-05-01 00:00:00,2026-05-18 14:20:13.779009
SLE,manufacturing,iron-and-steel,2021-01-01 00:00:00,2021-12-31 00:00:00,co2e_100yr,0,tonnes,annual,2026-05-01 00:00:00,2026-05-18 14:20:13.779009
SLE,manufacturing,iron-and-steel,2022-01-01 00:00:00,2022-12-31 00:00:00,co2e_100yr,0,tonnes,annual,2026-05-01 00:00:00,2026-05-18 14:20:13.779009
SLE,manufacturing,iron-and-steel,2023-01-01 00:00:00,2023-12-31 00:00:00,co2e_100yr,0,tonnes,annual,2026-05-01 00:00:00,2026-05-18 14:20:13.779009
SLE,manufacturing,iron-and-steel,2024-01-01 00:00:00,2024-12-31 00:00:00,co2e_100yr,0,tonnes,annual,2026-05-01 00:00:00,2026-05-18 14:20:13.779009
SLE,manufacturing,iron-and-steel,2025-01-01 00:00:00,2025-12-31 00:00:00,co2e_100yr,0,tonnes,annual,2026-05-01 00:00:00,2026-05-18 14:20:13.779009
SLE,manufacturing,iron-and-steel,2026-01-01 00:00:00,2026-12-31 00:00:00,co2e_100yr,0,tonnes,annual,2026-05-01 00:00:00,2026-05-18 14:20:13.779009
SLV,manufacturing,iron-and-steel,2015-01-01 00:00:00,2015-12-31 00:00:00,co2e_100yr,9910.32,tonnes,annual,2026-05-01 00:00:00,2026-05-18 14:20:13.779009
SLV,manufacturing,iron-and-steel,2016-01-01 00:00:00,2016-12-31 00:00:00,co2e_100yr,8023.040000000004,tonnes,annual,2026-05-01 00:00:00,2026-05-18 14:20:13.779009
SLV,manufacturing,iron-and-steel,2017-01-01 00:00:00,2017-12-31 00:00:00,co2e_100yr,7704,tonnes,annual,2026-05-01 00:00:00,2026-05-18 14:20:13.779009
SLV,manufacturing,iron-and-steel,2018-01-01 00:00:00,2018-12-31 00:00:00,co2e_100yr,7935.120000000002,tonnes,annual,2026-05-01 00:00:00,2026-05-18 14:20:13.779009
SLV,manufacturing,iron-and-steel,2019-01-01 00:00:00,2019-12-31 00:00:00,co2e_100yr,8173.199999999999,tonnes,annual,2026-05-01 00:00:00,2026-05-18 14:20:13.779009
SLV,manufacturing,iron-and-steel,2020-01-01 00:00:00,2020-12-31 00:00:00,co2e_100yr,6528.16,tonnes,annual,2026-05-01 00:00:00,2026-05-18 14:20:13.779009
SLV,manufacturing,iron-and-steel,2021-01-01 00:00:00,2021-12-31 00:00:00,co2e_100yr,8222.240000000002,tonnes,annual,2026-05-01 00:00:00,2026-05-18 14:20:13.779009
SLV,manufacturing,iron-and-steel,2022-01-01 00:00:00,2022-12-31 00:00:00,co2e_100yr,7108.56,tonnes,annual,2026-05-01 00:00:00,2026-05-18 14:20:13.779009
SLV,manufacturing,iron-and-steel,2023-01-01 00:00:00,2023-12-31 00:00:00,co2e_100yr,6688.96,tonnes,annual,2026-05-01 00:00:00,2026-05-18 14:20:13.779009
SLV,manufacturing,iron-and-steel,2024-01-01 00:00:00,2024-12-31 00:00:00,co2e_100yr,6811.839999999999,tonnes,annual,2026-05-01 00:00:00,2026-05-18 14:20:13.779009
SLV,manufacturing,iron-and-steel,2025-01-01 00:00:00,2025-12-31 00:00:00,co2e_100yr,7011.920000000001,tonnes,annual,2026-05-01 00:00:00,2026-05-18 14:20:13.779009
SLV,manufacturing,iron-and-steel,2026-01-01 00:00:00,2026-12-31 00:00:00,co2e_100yr,2283.6,tonnes,annual,2026-05-01 00:00:00,2026-05-18 14:20:13.779009
SMR,manufacturing,iron-and-steel,2015-01-01 00:00:00,2015-12-31 00:00:00,co2e_100yr,0,tonnes,annual,2026-05-01 00:00:00,2026-05-18 14:20:13.779009
SMR,manufacturing,iron-and-steel,2016-01-01 00:00:00,2016-12-31 00:00:00,co2e_100yr,0,tonnes,annual,2026-05-01 00:00:00,2026-05-18 14:20:13.779009
SMR,manufacturing,iron-and-steel,2017-01-01 00:00:00,2017-12-31 00:00:00,co2e_100yr,0,tonnes,annual,2026-05-01 00:00:00,2026-05-18 14:20:13.779009
SMR,manufacturing,iron-and-steel,2018-01-01 00:00:00,2018-12-31 00:00:00,co2e_100yr,0,tonnes,annual,2026-05-01 00:00:00,2026-05-18 14:20:13.779009
SMR,manufacturing,iron-and-steel,2019-01-01 00:00:00,2019-12-31 00:00:00,co2e_100yr,0,tonnes,annual,2026-05-01 00:00:00,2026-05-18 14:20:13.779009
SMR,manufacturing,iron-and-steel,2020-01-01 00:00:00,2020-12-31 00:00:00,co2e_100yr,0,tonnes,annual,2026-05-01 00:00:00,2026-05-18 14:20:13.779009
SMR,manufacturing,iron-and-steel,2021-01-01 00:00:00,2021-12-31 00:00:00,co2e_100yr,0,tonnes,annual,2026-05-01 00:00:00,2026-05-18 14:20:13.779009
SMR,manufacturing,iron-and-steel,2022-01-01 00:00:00,2022-12-31 00:00:00,co2e_100yr,0,tonnes,annual,2026-05-01 00:00:00,2026-05-18 14:20:13.779009
SMR,manufacturing,iron-and-steel,2023-01-01 00:00:00,2023-12-31 00:00:00,co2e_100yr,0,tonnes,annual,2026-05-01 00:00:00,2026-05-18 14:20:13.779009
SMR,manufacturing,iron-and-steel,2024-01-01 00:00:00,2024-12-31 00:00:00,co2e_100yr,0,tonnes,annual,2026-05-01 00:00:00,2026-05-18 14:20:13.779009
SMR,manufacturing,iron-and-steel,2025-01-01 00:00:00,2025-12-31 00:00:00,co2e_100yr,0,tonnes,annual,2026-05-01 00:00:00,2026-05-18 14:20:13.779009
SMR,manufacturing,iron-and-steel,2026-01-01 00:00:00,2026-12-31 00:00:00,co2e_100yr,0,tonnes,annual,2026-05-01 00:00:00,2026-05-18 14:20:13.779009
SOM,manufacturing,iron-and-steel,2015-01-01 00:00:00,2015-12-31 00:00:00,co2e_100yr,0,tonnes,annual,2026-05-01 00:00:00,2026-05-18 14:20:13.779009
SOM,manufacturing,iron-and-steel,2016-01-01 00:00:00,2016-12-31 00:00:00,co2e_100yr,0,tonnes,annual,2026-05-01 00:00:00,2026-05-18 14:20:13.779009
SOM,manufacturing,iron-and-steel,2017-01-01 00:00:00,2017-12-31 00:00:00,co2e_100yr,0,tonnes,annual,2026-05-01 00:00:00,2026-05-18 14:20:13.779009
SOM,manufacturing,iron-and-steel,2018-01-01 00:00:00,2018-12-31 00:00:00,co2e_100yr,0,tonnes,annual,2026-05-01 00:00:00,2026-05-18 14:20:13.779009
SOM,manufacturing,iron-and-steel,2019-01-01 00:00:00,2019-12-31 00:00:00,co2e_100yr,0,tonnes,annual,2026-05-01 00:00:00,2026-05-18 14:20:13.779009
SOM,manufacturing,iron-and-steel,2020-01-01 00:00:00,2020-12-31 00:00:00,co2e_100yr,0,tonnes,annual,2026-05-01 00:00:00,2026-05-18 14:20:13.779009
SOM,manufacturing,iron-and-steel,2021-01-01 00:00:00,2021-12-31 00:00:00,co2e_100yr,0,tonnes,annual,2026-05-01 00:00:00,2026-05-18 14:20:13.779009
SOM,manufacturing,iron-and-steel,2022-01-01 00:00:00,2022-12-31 00:00:00,co2e_100yr,0,tonnes,annual,2026-05-01 00:00:00,2026-05-18 14:20:13.779009
SOM,manufacturing,iron-and-steel,2023-01-01 00:00:00,2023-12-31 00:00:00,co2e_100yr,0,tonnes,annual,2026-05-01 00:00:00,2026-05-18 14:20:13.779009
SOM,manufacturing,iron-and-steel,2024-01-01 00:00:00,2024-12-31 00:00:00,co2e_100yr,0,tonnes,annual,2026-05-01 00:00:00,2026-05-18 14:20:13.779009
SOM,manufacturing,iron-and-steel,2025-01-01 00:00:00,2025-12-31 00:00:00,co2e_100yr,0,tonnes,annual,2026-05-01 00:00:00,2026-05-18 14:20:13.779009
SOM,manufacturing,iron-and-steel,2026-01-01 00:00:00,2026-12-31 00:00:00,co2e_100yr,0,tonnes,annual,2026-05-01 00:00:00,2026-05-18 14:20:13.779009
SPM,manufacturing,iron-and-steel,2015-01-01 00:00:00,2015-12-31 00:00:00,co2e_100yr,0,tonnes,annual,2026-05-01 00:00:00,2026-05-18 14:20:13.779009
SPM,manufacturing,iron-and-steel,2016-01-01 00:00:00,2016-12-31 00:00:00,co2e_100yr,0,tonnes,annual,2026-05-01 00:00:00,2026-05-18 14:20:13.779009
SPM,manufacturing,iron-and-steel,2017-01-01 00:00:00,2017-12-31 00:00:00,co2e_100yr,0,tonnes,annual,2026-05-01 00:00:00,2026-05-18 14:20:13.779009
SPM,manufacturing,iron-and-steel,2018-01-01 00:00:00,2018-12-31 00:00:00,co2e_100yr,0,tonnes,annual,2026-05-01 00:00:00,2026-05-18 14:20:13.779009
SPM,manufacturing,iron-and-steel,2019-01-01 00:00:00,2019-12-31 00:00:00,co2e_100yr,0,tonnes,annual,2026-05-01 00:00:00,2026-05-18 14:20:13.779009
SPM,manufacturing,iron-and-steel,2020-01-01 00:00:00,2020-12-31 00:00:00,co2e_100yr,0,tonnes,annual,2026-05-01 00:00:00,2026-05-18 14:20:13.779009
SPM,manufacturing,iron-and-steel,2021-01-01 00:00:00,2021-12-31 00:00:00,co2e_100yr,0,tonnes,annual,2026-05-01 00:00:00,2026-05-18 14:20:13.779009
SPM,manufacturing,iron-and-steel,2022-01-01 00:00:00,2022-12-31 00:00:00,co2e_100yr,0,tonnes,annual,2026-05-01 00:00:00,2026-05-18 14:20:13.779009
SPM,manufacturing,iron-and-steel,2023-01-01 00:00:00,2023-12-31 00:00:00,co2e_100yr,0,tonnes,annual,2026-05-01 00:00:00,2026-05-18 14:20:13.779009
SPM,manufacturing,iron-and-steel,2024-01-01 00:00:00,2024-12-31 00:00:00,co2e_100yr,0,tonnes,annual,2026-05-01 00:00:00,2026-05-18 14:20:13.779009
SPM,manufacturing,iron-and-steel,2025-01-01 00:00:00,2025-12-31 00:00:00,co2e_100yr,0,tonnes,annual,2026-05-01 00:00:00,2026-05-18 14:20:13.779009
SPM,manufacturing,iron-and-steel,2026-01-01 00:00:00,2026-12-31 00:00:00,co2e_100yr,0,tonnes,annual,2026-05-01 00:00:00,2026-05-18 14:20:13.779009
SRB,manufacturing,iron-and-steel,2015-01-01 00:00:00,2015-12-31 00:00:00,co2e_100yr,1522112.5497148274,tonnes,annual,2026-05-01 00:00:00,2026-05-18 14:20:13.779009
SRB,manufacturing,iron-and-steel,2016-01-01 00:00:00,2016-12-31 00:00:00,co2e_100yr,1868344.1597357965,tonnes,annual,2026-05-01 00:00:00,2026-05-18 14:20:13.779009
SRB,manufacturing,iron-and-steel,2017-01-01 00:00:00,2017-12-31 00:00:00,co2e_100yr,2352877.213612358,tonnes,annual,2026-05-01 00:00:00,2026-05-18 14:20:13.779009
SRB,manufacturing,iron-and-steel,2018-01-01 00:00:00,2018-12-31 00:00:00,co2e_100yr,3144286.5127260974,tonnes,annual,2026-05-01 00:00:00,2026-05-18 14:20:13.779009
SRB,manufacturing,iron-and-steel,2019-01-01 00:00:00,2019-12-31 00:00:00,co2e_100yr,3074179.7900343216,tonnes,annual,2026-05-01 00:00:00,2026-05-18 14:20:13.779009
SRB,manufacturing,iron-and-steel,2020-01-01 00:00:00,2020-12-31 00:00:00,co2e_100yr,2319417.186873102,tonnes,annual,2026-05-01 00:00:00,2026-05-18 14:20:13.779009
SRB,manufacturing,iron-and-steel,2021-01-01 00:00:00,2021-12-31 00:00:00,co2e_100yr,2623462.915605009,tonnes,annual,2026-05-01 00:00:00,2026-05-18 14:20:13.779009
SRB,manufacturing,iron-and-steel,2022-01-01 00:00:00,2022-12-31 00:00:00,co2e_100yr,2685269.309179322,tonnes,annual,2026-05-01 00:00:00,2026-05-18 14:20:13.779009
SRB,manufacturing,iron-and-steel,2023-01-01 00:00:00,2023-12-31 00:00:00,co2e_100yr,2361890.5424611024,tonnes,annual,2026-05-01 00:00:00,2026-05-18 14:20:13.779009
SRB,manufacturing,iron-and-steel,2024-01-01 00:00:00,2024-12-31 00:00:00,co2e_100yr,2099660.353821828,tonnes,annual,2026-05-01 00:00:00,2026-05-18 14:20:13.779009
SRB,manufacturing,iron-and-steel,2025-01-01 00:00:00,2025-12-31 00:00:00,co2e_100yr,2258230.351764984,tonnes,annual,2026-05-01 00:00:00,2026-05-18 14:20:13.779009
SRB,manufacturing,iron-and-steel,2026-01-01 00:00:00,2026-12-31 00:00:00,co2e_100yr,505793.2039331491,tonnes,annual,2026-05-01 00:00:00,2026-05-18 14:20:13.779009
SSD,manufacturing,iron-and-steel,2015-01-01 00:00:00,2015-12-31 00:00:00,co2e_100yr,0,tonnes,annual,2026-05-01 00:00:00,2026-05-18 14:20:13.779009
SSD,manufacturing,iron-and-steel,2016-01-01 00:00:00,2016-12-31 00:00:00,co2e_100yr,0,tonnes,annual,2026-05-01 00:00:00,2026-05-18 14:20:13.779009
SSD,manufacturing,iron-and-steel,2017-01-01 00:00:00,2017-12-31 00:00:00,co2e_100yr,0,tonnes,annual,2026-05-01 00:00:00,2026-05-18 14:20:13.779009
SSD,manufacturing,iron-and-steel,2018-01-01 00:00:00,2018-12-31 00:00:00,co2e_100yr,0,tonnes,annual,2026-05-01 00:00:00,2026-05-18 14:20:13.779009
SSD,manufacturing,iron-and-steel,2019-01-01 00:00:00,2019-12-31 00:00:00,co2e_100yr,0,tonnes,annual,2026-05-01 00:00:00,2026-05-18 14:20:13.779009
SSD,manufacturing,iron-and-steel,2020-01-01 00:00:00,2020-12-31 00:00:00,co2e_100yr,0,tonnes,annual,2026-05-01 00:00:00,2026-05-18 14:20:13.779009
SSD,manufacturing,iron-and-steel,2021-01-01 00:00:00,2021-12-31 00:00:00,co2e_100yr,0,tonnes,annual,2026-05-01 00:00:00,2026-05-18 14:20:13.779009
SSD,manufacturing,iron-and-steel,2022-01-01 00:00:00,2022-12-31 00:00:00,co2e_100yr,0,tonnes,annual,2026-05-01 00:00:00,2026-05-18 14:20:13.779009
SSD,manufacturing,iron-and-steel,2023-01-01 00:00:00,2023-12-31 00:00:00,co2e_100yr,0,tonnes,annual,2026-05-01 00:00:00,2026-05-18 14:20:13.779009
SSD,manufacturing,iron-and-steel,2024-01-01 00:00:00,2024-12-31 00:00:00,co2e_100yr,0,tonnes,annual,2026-05-01 00:00:00,2026-05-18 14:20:13.779009
SSD,manufacturing,iron-and-steel,2025-01-01 00:00:00,2025-12-31 00:00:00,co2e_100yr,0,tonnes,annual,2026-05-01 00:00:00,2026-05-18 14:20:13.779009
SSD,manufacturing,iron-and-steel,2026-01-01 00:00:00,2026-12-31 00:00:00,co2e_100yr,0,tonnes,annual,2026-05-01 00:00:00,2026-05-18 14:20:13.779009
STP,manufacturing,iron-and-steel,2015-01-01 00:00:00,2015-12-31 00:00:00,co2e_100yr,0,tonnes,annual,2026-05-01 00:00:00,2026-05-18 14:20:13.779009
STP,manufacturing,iron-and-steel,2016-01-01 00:00:00,2016-12-31 00:00:00,co2e_100yr,0,tonnes,annual,2026-05-01 00:00:00,2026-05-18 14:20:13.779009
STP,manufacturing,iron-and-steel,2017-01-01 00:00:00,2017-12-31 00:00:00,co2e_100yr,0,tonnes,annual,2026-05-01 00:00:00,2026-05-18 14:20:13.779009
STP,manufacturing,iron-and-steel,2018-01-01 00:00:00,2018-12-31 00:00:00,co2e_100yr,0,tonnes,annual,2026-05-01 00:00:00,2026-05-18 14:20:13.779009
STP,manufacturing,iron-and-steel,2019-01-01 00:00:00,2019-12-31 00:00:00,co2e_100yr,0,tonnes,annual,2026-05-01 00:00:00,2026-05-18 14:20:13.779009
STP,manufacturing,iron-and-steel,2020-01-01 00:00:00,2020-12-31 00:00:00,co2e_100yr,0,tonnes,annual,2026-05-01 00:00:00,2026-05-18 14:20:13.779009
STP,manufacturing,iron-and-steel,2021-01-01 00:00:00,2021-12-31 00:00:00,co2e_100yr,0,tonnes,annual,2026-05-01 00:00:00,2026-05-18 14:20:13.779009
STP,manufacturing,iron-and-steel,2022-01-01 00:00:00,2022-12-31 00:00:00,co2e_100yr,0,tonnes,annual,2026-05-01 00:00:00,2026-05-18 14:20:13.779009
STP,manufacturing,iron-and-steel,2023-01-01 00:00:00,2023-12-31 00:00:00,co2e_100yr,0,tonnes,annual,2026-05-01 00:00:00,2026-05-18 14:20:13.779009
STP,manufacturing,iron-and-steel,2024-01-01 00:00:00,2024-12-31 00:00:00,co2e_100yr,0,tonnes,annual,2026-05-01 00:00:00,2026-05-18 14:20:13.779009
STP,manufacturing,iron-and-steel,2025-01-01 00:00:00,2025-12-31 00:00:00,co2e_100yr,0,tonnes,annual,2026-05-01 00:00:00,2026-05-18 14:20:13.779009
STP,manufacturing,iron-and-steel,2026-01-01 00:00:00,2026-12-31 00:00:00,co2e_100yr,0,tonnes,annual,2026-05-01 00:00:00,2026-05-18 14:20:13.779009
SUR,manufacturing,iron-and-steel,2015-01-01 00:00:00,2015-12-31 00:00:00,co2e_100yr,0,tonnes,annual,2026-05-01 00:00:00,2026-05-18 14:20:13.779009
SUR,manufacturing,iron-and-steel,2016-01-01 00:00:00,2016-12-31 00:00:00,co2e_100yr,0,tonnes,annual,2026-05-01 00:00:00,2026-05-18 14:20:13.779009
SUR,manufacturing,iron-and-steel,2017-01-01 00:00:00,2017-12-31 00:00:00,co2e_100yr,0,tonnes,annual,2026-05-01 00:00:00,2026-05-18 14:20:13.779009
SUR,manufacturing,iron-and-steel,2018-01-01 00:00:00,2018-12-31 00:00:00,co2e_100yr,0,tonnes,annual,2026-05-01 00:00:00,2026-05-18 14:20:13.779009
SUR,manufacturing,iron-and-steel,2019-01-01 00:00:00,2019-12-31 00:00:00,co2e_100yr,0,tonnes,annual,2026-05-01 00:00:00,2026-05-18 14:20:13.779009
SUR,manufacturing,iron-and-steel,2020-01-01 00:00:00,2020-12-31 00:00:00,co2e_100yr,0,tonnes,annual,2026-05-01 00:00:00,2026-05-18 14:20:13.779009
SUR,manufacturing,iron-and-steel,2021-01-01 00:00:00,2021-12-31 00:00:00,co2e_100yr,0,tonnes,annual,2026-05-01 00:00:00,2026-05-18 14:20:13.779009
SUR,manufacturing,iron-and-steel,2022-01-01 00:00:00,2022-12-31 00:00:00,co2e_100yr,0,tonnes,annual,2026-05-01 00:00:00,2026-05-18 14:20:13.779009
SUR,manufacturing,iron-and-steel,2023-01-01 00:00:00,2023-12-31 00:00:00,co2e_100yr,0,tonnes,annual,2026-05-01 00:00:00,2026-05-18 14:20:13.779009
SUR,manufacturing,iron-and-steel,2024-01-01 00:00:00,2024-12-31 00:00:00,co2e_100yr,0,tonnes,annual,2026-05-01 00:00:00,2026-05-18 14:20:13.779009
SUR,manufacturing,iron-and-steel,2025-01-01 00:00:00,2025-12-31 00:00:00,co2e_100yr,0,tonnes,annual,2026-05-01 00:00:00,2026-05-18 14:20:13.779009
SUR,manufacturing,iron-and-steel,2026-01-01 00:00:00,2026-12-31 00:00:00,co2e_100yr,0,tonnes,annual,2026-05-01 00:00:00,2026-05-18 14:20:13.779009
SVK,manufacturing,iron-and-steel,2015-01-01 00:00:00,2015-12-31 00:00:00,co2e_100yr,8727106.90091131,tonnes,annual,2026-05-01 00:00:00,2026-05-18 14:20:13.779009
SVK,manufacturing,iron-and-steel,2016-01-01 00:00:00,2016-12-31 00:00:00,co2e_100yr,9274581.925634345,tonnes,annual,2026-05-01 00:00:00,2026-05-18 14:20:13.779009
SVK,manufacturing,iron-and-steel,2017-01-01 00:00:00,2017-12-31 00:00:00,co2e_100yr,9516648.709477143,tonnes,annual,2026-05-01 00:00:00,2026-05-18 14:20:13.779009
SVK,manufacturing,iron-and-steel,2018-01-01 00:00:00,2018-12-31 00:00:00,co2e_100yr,9337037.044258807,tonnes,annual,2026-05-01 00:00:00,2026-05-18 14:20:13.779009
SVK,manufacturing,iron-and-steel,2019-01-01 00:00:00,2019-12-31 00:00:00,co2e_100yr,7528012.256019119,tonnes,annual,2026-05-01 00:00:00,2026-05-18 14:20:13.779009
SVK,manufacturing,iron-and-steel,2020-01-01 00:00:00,2020-12-31 00:00:00,co2e_100yr,6784372.220626191,tonnes,annual,2026-05-01 00:00:00,2026-05-18 14:20:13.779009
SVK,manufacturing,iron-and-steel,2021-01-01 00:00:00,2021-12-31 00:00:00,co2e_100yr,7772203.13641105,tonnes,annual,2026-05-01 00:00:00,2026-05-18 14:20:13.779009
SVK,manufacturing,iron-and-steel,2022-01-01 00:00:00,2022-12-31 00:00:00,co2e_100yr,7102726.293594959,tonnes,annual,2026-05-01 00:00:00,2026-05-18 14:20:13.779009
SVK,manufacturing,iron-and-steel,2023-01-01 00:00:00,2023-12-31 00:00:00,co2e_100yr,7576198.055589843,tonnes,annual,2026-05-01 00:00:00,2026-05-18 14:20:13.779009
SVK,manufacturing,iron-and-steel,2024-01-01 00:00:00,2024-12-31 00:00:00,co2e_100yr,6191629.505462854,tonnes,annual,2026-05-01 00:00:00,2026-05-18 14:20:13.779009
SVK,manufacturing,iron-and-steel,2025-01-01 00:00:00,2025-12-31 00:00:00,co2e_100yr,7128052.809952013,tonnes,annual,2026-05-01 00:00:00,2026-05-18 14:20:13.779009
SVK,manufacturing,iron-and-steel,2026-01-01 00:00:00,2026-12-31 00:00:00,co2e_100yr,2118873.0394352134,tonnes,annual,2026-05-01 00:00:00,2026-05-18 14:20:13.779009
SVN,manufacturing,iron-and-steel,2015-01-01 00:00:00,2015-12-31 00:00:00,co2e_100yr,98807.44055175135,tonnes,annual,2026-05-01 00:00:00,2026-05-18 14:20:13.779009
SVN,manufacturing,iron-and-steel,2016-01-01 00:00:00,2016-12-31 00:00:00,co2e_100yr,100360.60529957041,tonnes,annual,2026-05-01 00:00:00,2026-05-18 14:20:13.779009
SVN,manufacturing,iron-and-steel,2017-01-01 00:00:00,2017-12-31 00:00:00,co2e_100yr,106083.66173698693,tonnes,annual,2026-05-01 00:00:00,2026-05-18 14:20:13.779009
SVN,manufacturing,iron-and-steel,2018-01-01 00:00:00,2018-12-31 00:00:00,co2e_100yr,106958.43112612603,tonnes,annual,2026-05-01 00:00:00,2026-05-18 14:20:13.779009
SVN,manufacturing,iron-and-steel,2019-01-01 00:00:00,2019-12-31 00:00:00,co2e_100yr,101954.72404424445,tonnes,annual,2026-05-01 00:00:00,2026-05-18 14:20:13.779009
SVN,manufacturing,iron-and-steel,2020-01-01 00:00:00,2020-12-31 00:00:00,co2e_100yr,95738.41350017853,tonnes,annual,2026-05-01 00:00:00,2026-05-18 14:20:13.779009
SVN,manufacturing,iron-and-steel,2021-01-01 00:00:00,2021-12-31 00:00:00,co2e_100yr,108289.29400000005,tonnes,annual,2026-05-01 00:00:00,2026-05-18 14:20:13.779009
SVN,manufacturing,iron-and-steel,2022-01-01 00:00:00,2022-12-31 00:00:00,co2e_100yr,98365.48160000006,tonnes,annual,2026-05-01 00:00:00,2026-05-18 14:20:13.779009
SVN,manufacturing,iron-and-steel,2023-01-01 00:00:00,2023-12-31 00:00:00,co2e_100yr,86064.56120000004,tonnes,annual,2026-05-01 00:00:00,2026-05-18 14:20:13.779009
SVN,manufacturing,iron-and-steel,2024-01-01 00:00:00,2024-12-31 00:00:00,co2e_100yr,97278.35960000004,tonnes,annual,2026-05-01 00:00:00,2026-05-18 14:20:13.779009
SVN,manufacturing,iron-and-steel,2025-01-01 00:00:00,2025-12-31 00:00:00,co2e_100yr,96082.70651692164,tonnes,annual,2026-05-01 00:00:00,2026-05-18 14:20:13.779009
SVN,manufacturing,iron-and-steel,2026-01-01 00:00:00,2026-12-31 00:00:00,co2e_100yr,27049.787600000014,tonnes,annual,2026-05-01 00:00:00,2026-05-18 14:20:13.779009
SWE,manufacturing,iron-and-steel,2015-01-01 00:00:00,2015-12-31 00:00:00,co2e_100yr,6463651.254930693,tonnes,annual,2026-05-01 00:00:00,2026-05-18 14:20:13.779009
SWE,manufacturing,iron-and-steel,2016-01-01 00:00:00,2016-12-31 00:00:00,co2e_100yr,6944439.108497062,tonnes,annual,2026-05-01 00:00:00,2026-05-18 14:20:13.779009
SWE,manufacturing,iron-and-steel,2017-01-01 00:00:00,2017-12-31 00:00:00,co2e_100yr,6910988.117806295,tonnes,annual,2026-05-01 00:00:00,2026-05-18 14:20:13.779009
SWE,manufacturing,iron-and-steel,2018-01-01 00:00:00,2018-12-31 00:00:00,co2e_100yr,6121148.870721519,tonnes,annual,2026-05-01 00:00:00,2026-05-18 14:20:13.779009
SWE,manufacturing,iron-and-steel,2019-01-01 00:00:00,2019-12-31 00:00:00,co2e_100yr,6705130.209077194,tonnes,annual,2026-05-01 00:00:00,2026-05-18 14:20:13.779009
SWE,manufacturing,iron-and-steel,2020-01-01 00:00:00,2020-12-31 00:00:00,co2e_100yr,6330288.828932219,tonnes,annual,2026-05-01 00:00:00,2026-05-18 14:20:13.779009
SWE,manufacturing,iron-and-steel,2021-01-01 00:00:00,2021-12-31 00:00:00,co2e_100yr,6154258.854560124,tonnes,annual,2026-05-01 00:00:00,2026-05-18 14:20:13.779009
SWE,manufacturing,iron-and-steel,2022-01-01 00:00:00,2022-12-31 00:00:00,co2e_100yr,6092559.961934598,tonnes,annual,2026-05-01 00:00:00,2026-05-18 14:20:13.779009
SWE,manufacturing,iron-and-steel,2023-01-01 00:00:00,2023-12-31 00:00:00,co2e_100yr,6245693.402260641,tonnes,annual,2026-05-01 00:00:00,2026-05-18 14:20:13.779009
SWE,manufacturing,iron-and-steel,2024-01-01 00:00:00,2024-12-31 00:00:00,co2e_100yr,5872556.586175606,tonnes,annual,2026-05-01 00:00:00,2026-05-18 14:20:13.779009
SWE,manufacturing,iron-and-steel,2025-01-01 00:00:00,2025-12-31 00:00:00,co2e_100yr,5793211.198156028,tonnes,annual,2026-05-01 00:00:00,2026-05-18 14:20:13.779009
SWE,manufacturing,iron-and-steel,2026-01-01 00:00:00,2026-12-31 00:00:00,co2e_100yr,1490887.1200443811,tonnes,annual,2026-05-01 00:00:00,2026-05-18 14:20:13.779009
SWZ,manufacturing,iron-and-steel,2015-01-01 00:00:00,2015-12-31 00:00:00,co2e_100yr,0,tonnes,annual,2026-05-01 00:00:00,2026-05-18 14:20:13.779009
SWZ,manufacturing,iron-and-steel,2016-01-01 00:00:00,2016-12-31 00:00:00,co2e_100yr,0,tonnes,annual,2026-05-01 00:00:00,2026-05-18 14:20:13.779009
SWZ,manufacturing,iron-and-steel,2017-01-01 00:00:00,2017-12-31 00:00:00,co2e_100yr,0,tonnes,annual,2026-05-01 00:00:00,2026-05-18 14:20:13.779009
SWZ,manufacturing,iron-and-steel,2018-01-01 00:00:00,2018-12-31 00:00:00,co2e_100yr,0,tonnes,annual,2026-05-01 00:00:00,2026-05-18 14:20:13.779009
SWZ,manufacturing,iron-and-steel,2019-01-01 00:00:00,2019-12-31 00:00:00,co2e_100yr,0,tonnes,annual,2026-05-01 00:00:00,2026-05-18 14:20:13.779009
SWZ,manufacturing,iron-and-steel,2020-01-01 00:00:00,2020-12-31 00:00:00,co2e_100yr,0,tonnes,annual,2026-05-01 00:00:00,2026-05-18 14:20:13.779009
SWZ,manufacturing,iron-and-steel,2021-01-01 00:00:00,2021-12-31 00:00:00,co2e_100yr,0,tonnes,annual,2026-05-01 00:00:00,2026-05-18 14:20:13.779009
SWZ,manufacturing,iron-and-steel,2022-01-01 00:00:00,2022-12-31 00:00:00,co2e_100yr,0,tonnes,annual,2026-05-01 00:00:00,2026-05-18 14:20:13.779009
SWZ,manufacturing,iron-and-steel,2023-01-01 00:00:00,2023-12-31 00:00:00,co2e_100yr,0,tonnes,annual,2026-05-01 00:00:00,2026-05-18 14:20:13.779009
SWZ,manufacturing,iron-and-steel,2024-01-01 00:00:00,2024-12-31 00:00:00,co2e_100yr,0,tonnes,annual,2026-05-01 00:00:00,2026-05-18 14:20:13.779009
SWZ,manufacturing,iron-and-steel,2025-01-01 00:00:00,2025-12-31 00:00:00,co2e_100yr,0,tonnes,annual,2026-05-01 00:00:00,2026-05-18 14:20:13.779009
SWZ,manufacturing,iron-and-steel,2026-01-01 00:00:00,2026-12-31 00:00:00,co2e_100yr,0,tonnes,annual,2026-05-01 00:00:00,2026-05-18 14:20:13.779009
SXM,manufacturing,iron-and-steel,2015-01-01 00:00:00,2015-12-31 00:00:00,co2e_100yr,0,tonnes,annual,2026-05-01 00:00:00,2026-05-18 14:20:13.779009
SXM,manufacturing,iron-and-steel,2016-01-01 00:00:00,2016-12-31 00:00:00,co2e_100yr,0,tonnes,annual,2026-05-01 00:00:00,2026-05-18 14:20:13.779009
SXM,manufacturing,iron-and-steel,2017-01-01 00:00:00,2017-12-31 00:00:00,co2e_100yr,0,tonnes,annual,2026-05-01 00:00:00,2026-05-18 14:20:13.779009
SXM,manufacturing,iron-and-steel,2018-01-01 00:00:00,2018-12-31 00:00:00,co2e_100yr,0,tonnes,annual,2026-05-01 00:00:00,2026-05-18 14:20:13.779009
SXM,manufacturing,iron-and-steel,2019-01-01 00:00:00,2019-12-31 00:00:00,co2e_100yr,0,tonnes,annual,2026-05-01 00:00:00,2026-05-18 14:20:13.779009
SXM,manufacturing,iron-and-steel,2020-01-01 00:00:00,2020-12-31 00:00:00,co2e_100yr,0,tonnes,annual,2026-05-01 00:00:00,2026-05-18 14:20:13.779009
SXM,manufacturing,iron-and-steel,2021-01-01 00:00:00,2021-12-31 00:00:00,co2e_100yr,0,tonnes,annual,2026-05-01 00:00:00,2026-05-18 14:20:13.779009
SXM,manufacturing,iron-and-steel,2022-01-01 00:00:00,2022-12-31 00:00:00,co2e_100yr,0,tonnes,annual,2026-05-01 00:00:00,2026-05-18 14:20:13.779009
SXM,manufacturing,iron-and-steel,2023-01-01 00:00:00,2023-12-31 00:00:00,co2e_100yr,0,tonnes,annual,2026-05-01 00:00:00,2026-05-18 14:20:13.779009
SXM,manufacturing,iron-and-steel,2024-01-01 00:00:00,2024-12-31 00:00:00,co2e_100yr,0,tonnes,annual,2026-05-01 00:00:00,2026-05-18 14:20:13.779009
SXM,manufacturing,iron-and-steel,2025-01-01 00:00:00,2025-12-31 00:00:00,co2e_100yr,0,tonnes,annual,2026-05-01 00:00:00,2026-05-18 14:20:13.779009
SXM,manufacturing,iron-and-steel,2026-01-01 00:00:00,2026-12-31 00:00:00,co2e_100yr,0,tonnes,annual,2026-05-01 00:00:00,2026-05-18 14:20:13.779009
SYC,manufacturing,iron-and-steel,2015-01-01 00:00:00,2015-12-31 00:00:00,co2e_100yr,0,tonnes,annual,2026-05-01 00:00:00,2026-05-18 14:20:13.779009
SYC,manufacturing,iron-and-steel,2016-01-01 00:00:00,2016-12-31 00:00:00,co2e_100yr,0,tonnes,annual,2026-05-01 00:00:00,2026-05-18 14:20:13.779009
SYC,manufacturing,iron-and-steel,2017-01-01 00:00:00,2017-12-31 00:00:00,co2e_100yr,0,tonnes,annual,2026-05-01 00:00:00,2026-05-18 14:20:13.779009
SYC,manufacturing,iron-and-steel,2018-01-01 00:00:00,2018-12-31 00:00:00,co2e_100yr,0,tonnes,annual,2026-05-01 00:00:00,2026-05-18 14:20:13.779009
SYC,manufacturing,iron-and-steel,2019-01-01 00:00:00,2019-12-31 00:00:00,co2e_100yr,0,tonnes,annual,2026-05-01 00:00:00,2026-05-18 14:20:13.779009
SYC,manufacturing,iron-and-steel,2020-01-01 00:00:00,2020-12-31 00:00:00,co2e_100yr,0,tonnes,annual,2026-05-01 00:00:00,2026-05-18 14:20:13.779009
SYC,manufacturing,iron-and-steel,2021-01-01 00:00:00,2021-12-31 00:00:00,co2e_100yr,0,tonnes,annual,2026-05-01 00:00:00,2026-05-18 14:20:13.779009
SYC,manufacturing,iron-and-steel,2022-01-01 00:00:00,2022-12-31 00:00:00,co2e_100yr,0,tonnes,annual,2026-05-01 00:00:00,2026-05-18 14:20:13.779009
SYC,manufacturing,iron-and-steel,2023-01-01 00:00:00,2023-12-31 00:00:00,co2e_100yr,0,tonnes,annual,2026-05-01 00:00:00,2026-05-18 14:20:13.779009
SYC,manufacturing,iron-and-steel,2024-01-01 00:00:00,2024-12-31 00:00:00,co2e_100yr,0,tonnes,annual,2026-05-01 00:00:00,2026-05-18 14:20:13.779009
SYC,manufacturing,iron-and-steel,2025-01-01 00:00:00,2025-12-31 00:00:00,co2e_100yr,0,tonnes,annual,2026-05-01 00:00:00,2026-05-18 14:20:13.779009
SYC,manufacturing,iron-and-steel,2026-01-01 00:00:00,2026-12-31 00:00:00,co2e_100yr,0,tonnes,annual,2026-05-01 00:00:00,2026-05-18 14:20:13.779009
SYR,manufacturing,iron-and-steel,2015-01-01 00:00:00,2015-12-31 00:00:00,co2e_100yr,1353.40238863132,tonnes,annual,2026-05-01 00:00:00,2026-05-18 14:20:13.779009
SYR,manufacturing,iron-and-steel,2016-01-01 00:00:00,2016-12-31 00:00:00,co2e_100yr,1353.40238863132,tonnes,annual,2026-05-01 00:00:00,2026-05-18 14:20:13.779009
SYR,manufacturing,iron-and-steel,2017-01-01 00:00:00,2017-12-31 00:00:00,co2e_100yr,1353.40238863132,tonnes,annual,2026-05-01 00:00:00,2026-05-18 14:20:13.779009
SYR,manufacturing,iron-and-steel,2018-01-01 00:00:00,2018-12-31 00:00:00,co2e_100yr,1353.40238863132,tonnes,annual,2026-05-01 00:00:00,2026-05-18 14:20:13.779009
SYR,manufacturing,iron-and-steel,2019-01-01 00:00:00,2019-12-31 00:00:00,co2e_100yr,1353.40238863132,tonnes,annual,2026-05-01 00:00:00,2026-05-18 14:20:13.779009
SYR,manufacturing,iron-and-steel,2020-01-01 00:00:00,2020-12-31 00:00:00,co2e_100yr,1353.40238863132,tonnes,annual,2026-05-01 00:00:00,2026-05-18 14:20:13.779009
SYR,manufacturing,iron-and-steel,2021-01-01 00:00:00,2021-12-31 00:00:00,co2e_100yr,1353.40238863132,tonnes,annual,2026-05-01 00:00:00,2026-05-18 14:20:13.779009
SYR,manufacturing,iron-and-steel,2022-01-01 00:00:00,2022-12-31 00:00:00,co2e_100yr,164383.32536404522,tonnes,annual,2026-05-01 00:00:00,2026-05-18 14:20:13.779009
SYR,manufacturing,iron-and-steel,2023-01-01 00:00:00,2023-12-31 00:00:00,co2e_100yr,177478.5006213505,tonnes,annual,2026-05-01 00:00:00,2026-05-18 14:20:13.779009
SYR,manufacturing,iron-and-steel,2024-01-01 00:00:00,2024-12-31 00:00:00,co2e_100yr,196174.8462688469,tonnes,annual,2026-05-01 00:00:00,2026-05-18 14:20:13.779009
SYR,manufacturing,iron-and-steel,2025-01-01 00:00:00,2025-12-31 00:00:00,co2e_100yr,191654.94858064727,tonnes,annual,2026-05-01 00:00:00,2026-05-18 14:20:13.779009
SYR,manufacturing,iron-and-steel,2026-01-01 00:00:00,2026-12-31 00:00:00,co2e_100yr,44927.54646540199,tonnes,annual,2026-05-01 00:00:00,2026-05-18 14:20:13.779009
TCA,manufacturing,iron-and-steel,2015-01-01 00:00:00,2015-12-31 00:00:00,co2e_100yr,0,tonnes,annual,2026-05-01 00:00:00,2026-05-18 14:20:13.779009
TCA,manufacturing,iron-and-steel,2016-01-01 00:00:00,2016-12-31 00:00:00,co2e_100yr,0,tonnes,annual,2026-05-01 00:00:00,2026-05-18 14:20:13.779009
TCA,manufacturing,iron-and-steel,2017-01-01 00:00:00,2017-12-31 00:00:00,co2e_100yr,0,tonnes,annual,2026-05-01 00:00:00,2026-05-18 14:20:13.779009
TCA,manufacturing,iron-and-steel,2018-01-01 00:00:00,2018-12-31 00:00:00,co2e_100yr,0,tonnes,annual,2026-05-01 00:00:00,2026-05-18 14:20:13.779009
TCA,manufacturing,iron-and-steel,2019-01-01 00:00:00,2019-12-31 00:00:00,co2e_100yr,0,tonnes,annual,2026-05-01 00:00:00,2026-05-18 14:20:13.779009
TCA,manufacturing,iron-and-steel,2020-01-01 00:00:00,2020-12-31 00:00:00,co2e_100yr,0,tonnes,annual,2026-05-01 00:00:00,2026-05-18 14:20:13.779009
TCA,manufacturing,iron-and-steel,2021-01-01 00:00:00,2021-12-31 00:00:00,co2e_100yr,0,tonnes,annual,2026-05-01 00:00:00,2026-05-18 14:20:13.779009
TCA,manufacturing,iron-and-steel,2022-01-01 00:00:00,2022-12-31 00:00:00,co2e_100yr,0,tonnes,annual,2026-05-01 00:00:00,2026-05-18 14:20:13.779009
TCA,manufacturing,iron-and-steel,2023-01-01 00:00:00,2023-12-31 00:00:00,co2e_100yr,0,tonnes,annual,2026-05-01 00:00:00,2026-05-18 14:20:13.779009
TCA,manufacturing,iron-and-steel,2024-01-01 00:00:00,2024-12-31 00:00:00,co2e_100yr,0,tonnes,annual,2026-05-01 00:00:00,2026-05-18 14:20:13.779009
TCA,manufacturing,iron-and-steel,2025-01-01 00:00:00,2025-12-31 00:00:00,co2e_100yr,0,tonnes,annual,2026-05-01 00:00:00,2026-05-18 14:20:13.779009
TCA,manufacturing,iron-and-steel,2026-01-01 00:00:00,2026-12-31 00:00:00,co2e_100yr,0,tonnes,annual,2026-05-01 00:00:00,2026-05-18 14:20:13.779009
TCD,manufacturing,iron-and-steel,2015-01-01 00:00:00,2015-12-31 00:00:00,co2e_100yr,0,tonnes,annual,2026-05-01 00:00:00,2026-05-18 14:20:13.779009
TCD,manufacturing,iron-and-steel,2016-01-01 00:00:00,2016-12-31 00:00:00,co2e_100yr,0,tonnes,annual,2026-05-01 00:00:00,2026-05-18 14:20:13.779009
TCD,manufacturing,iron-and-steel,2017-01-01 00:00:00,2017-12-31 00:00:00,co2e_100yr,0,tonnes,annual,2026-05-01 00:00:00,2026-05-18 14:20:13.779009
TCD,manufacturing,iron-and-steel,2018-01-01 00:00:00,2018-12-31 00:00:00,co2e_100yr,0,tonnes,annual,2026-05-01 00:00:00,2026-05-18 14:20:13.779009
TCD,manufacturing,iron-and-steel,2019-01-01 00:00:00,2019-12-31 00:00:00,co2e_100yr,0,tonnes,annual,2026-05-01 00:00:00,2026-05-18 14:20:13.779009
TCD,manufacturing,iron-and-steel,2020-01-01 00:00:00,2020-12-31 00:00:00,co2e_100yr,0,tonnes,annual,2026-05-01 00:00:00,2026-05-18 14:20:13.779009
TCD,manufacturing,iron-and-steel,2021-01-01 00:00:00,2021-12-31 00:00:00,co2e_100yr,0,tonnes,annual,2026-05-01 00:00:00,2026-05-18 14:20:13.779009
TCD,manufacturing,iron-and-steel,2022-01-01 00:00:00,2022-12-31 00:00:00,co2e_100yr,0,tonnes,annual,2026-05-01 00:00:00,2026-05-18 14:20:13.779009
TCD,manufacturing,iron-and-steel,2023-01-01 00:00:00,2023-12-31 00:00:00,co2e_100yr,0,tonnes,annual,2026-05-01 00:00:00,2026-05-18 14:20:13.779009
TCD,manufacturing,iron-and-steel,2024-01-01 00:00:00,2024-12-31 00:00:00,co2e_100yr,0,tonnes,annual,2026-05-01 00:00:00,2026-05-18 14:20:13.779009
TCD,manufacturing,iron-and-steel,2025-01-01 00:00:00,2025-12-31 00:00:00,co2e_100yr,0,tonnes,annual,2026-05-01 00:00:00,2026-05-18 14:20:13.779009
TCD,manufacturing,iron-and-steel,2026-01-01 00:00:00,2026-12-31 00:00:00,co2e_100yr,0,tonnes,annual,2026-05-01 00:00:00,2026-05-18 14:20:13.779009
TGO,manufacturing,iron-and-steel,2015-01-01 00:00:00,2015-12-31 00:00:00,co2e_100yr,0,tonnes,annual,2026-05-01 00:00:00,2026-05-18 14:20:13.779009
TGO,manufacturing,iron-and-steel,2016-01-01 00:00:00,2016-12-31 00:00:00,co2e_100yr,0,tonnes,annual,2026-05-01 00:00:00,2026-05-18 14:20:13.779009
TGO,manufacturing,iron-and-steel,2017-01-01 00:00:00,2017-12-31 00:00:00,co2e_100yr,0,tonnes,annual,2026-05-01 00:00:00,2026-05-18 14:20:13.779009
TGO,manufacturing,iron-and-steel,2018-01-01 00:00:00,2018-12-31 00:00:00,co2e_100yr,0,tonnes,annual,2026-05-01 00:00:00,2026-05-18 14:20:13.779009
TGO,manufacturing,iron-and-steel,2019-01-01 00:00:00,2019-12-31 00:00:00,co2e_100yr,0,tonnes,annual,2026-05-01 00:00:00,2026-05-18 14:20:13.779009
TGO,manufacturing,iron-and-steel,2020-01-01 00:00:00,2020-12-31 00:00:00,co2e_100yr,0,tonnes,annual,2026-05-01 00:00:00,2026-05-18 14:20:13.779009
TGO,manufacturing,iron-and-steel,2021-01-01 00:00:00,2021-12-31 00:00:00,co2e_100yr,0,tonnes,annual,2026-05-01 00:00:00,2026-05-18 14:20:13.779009
TGO,manufacturing,iron-and-steel,2022-01-01 00:00:00,2022-12-31 00:00:00,co2e_100yr,0,tonnes,annual,2026-05-01 00:00:00,2026-05-18 14:20:13.779009
TGO,manufacturing,iron-and-steel,2023-01-01 00:00:00,2023-12-31 00:00:00,co2e_100yr,0,tonnes,annual,2026-05-01 00:00:00,2026-05-18 14:20:13.779009
TGO,manufacturing,iron-and-steel,2024-01-01 00:00:00,2024-12-31 00:00:00,co2e_100yr,0,tonnes,annual,2026-05-01 00:00:00,2026-05-18 14:20:13.779009
TGO,manufacturing,iron-and-steel,2025-01-01 00:00:00,2025-12-31 00:00:00,co2e_100yr,0,tonnes,annual,2026-05-01 00:00:00,2026-05-18 14:20:13.779009
TGO,manufacturing,iron-and-steel,2026-01-01 00:00:00,2026-12-31 00:00:00,co2e_100yr,0,tonnes,annual,2026-05-01 00:00:00,2026-05-18 14:20:13.779009
THA,manufacturing,iron-and-steel,2015-01-01 00:00:00,2015-12-31 00:00:00,co2e_100yr,2195497.445022575,tonnes,annual,2026-05-01 00:00:00,2026-05-18 14:20:13.779009
THA,manufacturing,iron-and-steel,2016-01-01 00:00:00,2016-12-31 00:00:00,co2e_100yr,2338665.152038498,tonnes,annual,2026-05-01 00:00:00,2026-05-18 14:20:13.779009
THA,manufacturing,iron-and-steel,2017-01-01 00:00:00,2017-12-31 00:00:00,co2e_100yr,2928406.275763571,tonnes,annual,2026-05-01 00:00:00,2026-05-18 14:20:13.779009
THA,manufacturing,iron-and-steel,2018-01-01 00:00:00,2018-12-31 00:00:00,co2e_100yr,2772813.4930797704,tonnes,annual,2026-05-01 00:00:00,2026-05-18 14:20:13.779009
THA,manufacturing,iron-and-steel,2019-01-01 00:00:00,2019-12-31 00:00:00,co2e_100yr,1849234.9685833822,tonnes,annual,2026-05-01 00:00:00,2026-05-18 14:20:13.779009
THA,manufacturing,iron-and-steel,2020-01-01 00:00:00,2020-12-31 00:00:00,co2e_100yr,1934664.8344363307,tonnes,annual,2026-05-01 00:00:00,2026-05-18 14:20:13.779009
THA,manufacturing,iron-and-steel,2021-01-01 00:00:00,2021-12-31 00:00:00,co2e_100yr,2528042.061205356,tonnes,annual,2026-05-01 00:00:00,2026-05-18 14:20:13.779009
THA,manufacturing,iron-and-steel,2022-01-01 00:00:00,2022-12-31 00:00:00,co2e_100yr,2498519.5197356134,tonnes,annual,2026-05-01 00:00:00,2026-05-18 14:20:13.779009
THA,manufacturing,iron-and-steel,2023-01-01 00:00:00,2023-12-31 00:00:00,co2e_100yr,2163807.418481796,tonnes,annual,2026-05-01 00:00:00,2026-05-18 14:20:13.779009
THA,manufacturing,iron-and-steel,2024-01-01 00:00:00,2024-12-31 00:00:00,co2e_100yr,2137440.062521549,tonnes,annual,2026-05-01 00:00:00,2026-05-18 14:20:13.779009
THA,manufacturing,iron-and-steel,2025-01-01 00:00:00,2025-12-31 00:00:00,co2e_100yr,1913021.5214138792,tonnes,annual,2026-05-01 00:00:00,2026-05-18 14:20:13.779009
THA,manufacturing,iron-and-steel,2026-01-01 00:00:00,2026-12-31 00:00:00,co2e_100yr,519351.49276085873,tonnes,annual,2026-05-01 00:00:00,2026-05-18 14:20:13.779009
TJK,manufacturing,iron-and-steel,2015-01-01 00:00:00,2015-12-31 00:00:00,co2e_100yr,0,tonnes,annual,2026-05-01 00:00:00,2026-05-18 14:20:13.779009
TJK,manufacturing,iron-and-steel,2016-01-01 00:00:00,2016-12-31 00:00:00,co2e_100yr,0,tonnes,annual,2026-05-01 00:00:00,2026-05-18 14:20:13.779009
TJK,manufacturing,iron-and-steel,2017-01-01 00:00:00,2017-12-31 00:00:00,co2e_100yr,0,tonnes,annual,2026-05-01 00:00:00,2026-05-18 14:20:13.779009
TJK,manufacturing,iron-and-steel,2018-01-01 00:00:00,2018-12-31 00:00:00,co2e_100yr,0,tonnes,annual,2026-05-01 00:00:00,2026-05-18 14:20:13.779009
TJK,manufacturing,iron-and-steel,2019-01-01 00:00:00,2019-12-31 00:00:00,co2e_100yr,0,tonnes,annual,2026-05-01 00:00:00,2026-05-18 14:20:13.779009
TJK,manufacturing,iron-and-steel,2020-01-01 00:00:00,2020-12-31 00:00:00,co2e_100yr,0,tonnes,annual,2026-05-01 00:00:00,2026-05-18 14:20:13.779009
TJK,manufacturing,iron-and-steel,2021-01-01 00:00:00,2021-12-31 00:00:00,co2e_100yr,0,tonnes,annual,2026-05-01 00:00:00,2026-05-18 14:20:13.779009
TJK,manufacturing,iron-and-steel,2022-01-01 00:00:00,2022-12-31 00:00:00,co2e_100yr,0,tonnes,annual,2026-05-01 00:00:00,2026-05-18 14:20:13.779009
TJK,manufacturing,iron-and-steel,2023-01-01 00:00:00,2023-12-31 00:00:00,co2e_100yr,0,tonnes,annual,2026-05-01 00:00:00,2026-05-18 14:20:13.779009
TJK,manufacturing,iron-and-steel,2024-01-01 00:00:00,2024-12-31 00:00:00,co2e_100yr,0,tonnes,annual,2026-05-01 00:00:00,2026-05-18 14:20:13.779009
TJK,manufacturing,iron-and-steel,2025-01-01 00:00:00,2025-12-31 00:00:00,co2e_100yr,0,tonnes,annual,2026-05-01 00:00:00,2026-05-18 14:20:13.779009
TJK,manufacturing,iron-and-steel,2026-01-01 00:00:00,2026-12-31 00:00:00,co2e_100yr,0,tonnes,annual,2026-05-01 00:00:00,2026-05-18 14:20:13.779009
TKL,manufacturing,iron-and-steel,2015-01-01 00:00:00,2015-12-31 00:00:00,co2e_100yr,0,tonnes,annual,2026-05-01 00:00:00,2026-05-18 14:20:13.779009
TKL,manufacturing,iron-and-steel,2016-01-01 00:00:00,2016-12-31 00:00:00,co2e_100yr,0,tonnes,annual,2026-05-01 00:00:00,2026-05-18 14:20:13.779009
TKL,manufacturing,iron-and-steel,2017-01-01 00:00:00,2017-12-31 00:00:00,co2e_100yr,0,tonnes,annual,2026-05-01 00:00:00,2026-05-18 14:20:13.779009
TKL,manufacturing,iron-and-steel,2018-01-01 00:00:00,2018-12-31 00:00:00,co2e_100yr,0,tonnes,annual,2026-05-01 00:00:00,2026-05-18 14:20:13.779009
TKL,manufacturing,iron-and-steel,2019-01-01 00:00:00,2019-12-31 00:00:00,co2e_100yr,0,tonnes,annual,2026-05-01 00:00:00,2026-05-18 14:20:13.779009
TKL,manufacturing,iron-and-steel,2020-01-01 00:00:00,2020-12-31 00:00:00,co2e_100yr,0,tonnes,annual,2026-05-01 00:00:00,2026-05-18 14:20:13.779009
TKL,manufacturing,iron-and-steel,2021-01-01 00:00:00,2021-12-31 00:00:00,co2e_100yr,0,tonnes,annual,2026-05-01 00:00:00,2026-05-18 14:20:13.779009
TKL,manufacturing,iron-and-steel,2022-01-01 00:00:00,2022-12-31 00:00:00,co2e_100yr,0,tonnes,annual,2026-05-01 00:00:00,2026-05-18 14:20:13.779009
TKL,manufacturing,iron-and-steel,2023-01-01 00:00:00,2023-12-31 00:00:00,co2e_100yr,0,tonnes,annual,2026-05-01 00:00:00,2026-05-18 14:20:13.779009
TKL,manufacturing,iron-and-steel,2024-01-01 00:00:00,2024-12-31 00:00:00,co2e_100yr,0,tonnes,annual,2026-05-01 00:00:00,2026-05-18 14:20:13.779009
TKL,manufacturing,iron-and-steel,2025-01-01 00:00:00,2025-12-31 00:00:00,co2e_100yr,0,tonnes,annual,2026-05-01 00:00:00,2026-05-18 14:20:13.779009
TKL,manufacturing,iron-and-steel,2026-01-01 00:00:00,2026-12-31 00:00:00,co2e_100yr,0,tonnes,annual,2026-05-01 00:00:00,2026-05-18 14:20:13.779009
TKM,manufacturing,iron-and-steel,2015-01-01 00:00:00,2015-12-31 00:00:00,co2e_100yr,0,tonnes,annual,2026-05-01 00:00:00,2026-05-18 14:20:13.779009
TKM,manufacturing,iron-and-steel,2016-01-01 00:00:00,2016-12-31 00:00:00,co2e_100yr,0,tonnes,annual,2026-05-01 00:00:00,2026-05-18 14:20:13.779009
TKM,manufacturing,iron-and-steel,2017-01-01 00:00:00,2017-12-31 00:00:00,co2e_100yr,0,tonnes,annual,2026-05-01 00:00:00,2026-05-18 14:20:13.779009
TKM,manufacturing,iron-and-steel,2018-01-01 00:00:00,2018-12-31 00:00:00,co2e_100yr,0,tonnes,annual,2026-05-01 00:00:00,2026-05-18 14:20:13.779009
TKM,manufacturing,iron-and-steel,2019-01-01 00:00:00,2019-12-31 00:00:00,co2e_100yr,0,tonnes,annual,2026-05-01 00:00:00,2026-05-18 14:20:13.779009
TKM,manufacturing,iron-and-steel,2020-01-01 00:00:00,2020-12-31 00:00:00,co2e_100yr,0,tonnes,annual,2026-05-01 00:00:00,2026-05-18 14:20:13.779009
TKM,manufacturing,iron-and-steel,2021-01-01 00:00:00,2021-12-31 00:00:00,co2e_100yr,0,tonnes,annual,2026-05-01 00:00:00,2026-05-18 14:20:13.779009
TKM,manufacturing,iron-and-steel,2022-01-01 00:00:00,2022-12-31 00:00:00,co2e_100yr,0,tonnes,annual,2026-05-01 00:00:00,2026-05-18 14:20:13.779009
TKM,manufacturing,iron-and-steel,2023-01-01 00:00:00,2023-12-31 00:00:00,co2e_100yr,0,tonnes,annual,2026-05-01 00:00:00,2026-05-18 14:20:13.779009
TKM,manufacturing,iron-and-steel,2024-01-01 00:00:00,2024-12-31 00:00:00,co2e_100yr,0,tonnes,annual,2026-05-01 00:00:00,2026-05-18 14:20:13.779009
TKM,manufacturing,iron-and-steel,2025-01-01 00:00:00,2025-12-31 00:00:00,co2e_100yr,0,tonnes,annual,2026-05-01 00:00:00,2026-05-18 14:20:13.779009
TKM,manufacturing,iron-and-steel,2026-01-01 00:00:00,2026-12-31 00:00:00,co2e_100yr,0,tonnes,annual,2026-05-01 00:00:00,2026-05-18 14:20:13.779009
TLS,manufacturing,iron-and-steel,2015-01-01 00:00:00,2015-12-31 00:00:00,co2e_100yr,0,tonnes,annual,2026-05-01 00:00:00,2026-05-18 14:20:13.779009
TLS,manufacturing,iron-and-steel,2016-01-01 00:00:00,2016-12-31 00:00:00,co2e_100yr,0,tonnes,annual,2026-05-01 00:00:00,2026-05-18 14:20:13.779009
TLS,manufacturing,iron-and-steel,2017-01-01 00:00:00,2017-12-31 00:00:00,co2e_100yr,0,tonnes,annual,2026-05-01 00:00:00,2026-05-18 14:20:13.779009
TLS,manufacturing,iron-and-steel,2018-01-01 00:00:00,2018-12-31 00:00:00,co2e_100yr,0,tonnes,annual,2026-05-01 00:00:00,2026-05-18 14:20:13.779009
TLS,manufacturing,iron-and-steel,2019-01-01 00:00:00,2019-12-31 00:00:00,co2e_100yr,0,tonnes,annual,2026-05-01 00:00:00,2026-05-18 14:20:13.779009
TLS,manufacturing,iron-and-steel,2020-01-01 00:00:00,2020-12-31 00:00:00,co2e_100yr,0,tonnes,annual,2026-05-01 00:00:00,2026-05-18 14:20:13.779009
TLS,manufacturing,iron-and-steel,2021-01-01 00:00:00,2021-12-31 00:00:00,co2e_100yr,0,tonnes,annual,2026-05-01 00:00:00,2026-05-18 14:20:13.779009
TLS,manufacturing,iron-and-steel,2022-01-01 00:00:00,2022-12-31 00:00:00,co2e_100yr,0,tonnes,annual,2026-05-01 00:00:00,2026-05-18 14:20:13.779009
TLS,manufacturing,iron-and-steel,2023-01-01 00:00:00,2023-12-31 00:00:00,co2e_100yr,0,tonnes,annual,2026-05-01 00:00:00,2026-05-18 14:20:13.779009
TLS,manufacturing,iron-and-steel,2024-01-01 00:00:00,2024-12-31 00:00:00,co2e_100yr,0,tonnes,annual,2026-05-01 00:00:00,2026-05-18 14:20:13.779009
TLS,manufacturing,iron-and-steel,2025-01-01 00:00:00,2025-12-31 00:00:00,co2e_100yr,0,tonnes,annual,2026-05-01 00:00:00,2026-05-18 14:20:13.779009
TLS,manufacturing,iron-and-steel,2026-01-01 00:00:00,2026-12-31 00:00:00,co2e_100yr,0,tonnes,annual,2026-05-01 00:00:00,2026-05-18 14:20:13.779009
TON,manufacturing,iron-and-steel,2015-01-01 00:00:00,2015-12-31 00:00:00,co2e_100yr,0,tonnes,annual,2026-05-01 00:00:00,2026-05-18 14:20:13.779009
TON,manufacturing,iron-and-steel,2016-01-01 00:00:00,2016-12-31 00:00:00,co2e_100yr,0,tonnes,annual,2026-05-01 00:00:00,2026-05-18 14:20:13.779009
TON,manufacturing,iron-and-steel,2017-01-01 00:00:00,2017-12-31 00:00:00,co2e_100yr,0,tonnes,annual,2026-05-01 00:00:00,2026-05-18 14:20:13.779009
TON,manufacturing,iron-and-steel,2018-01-01 00:00:00,2018-12-31 00:00:00,co2e_100yr,0,tonnes,annual,2026-05-01 00:00:00,2026-05-18 14:20:13.779009
TON,manufacturing,iron-and-steel,2019-01-01 00:00:00,2019-12-31 00:00:00,co2e_100yr,0,tonnes,annual,2026-05-01 00:00:00,2026-05-18 14:20:13.779009
TON,manufacturing,iron-and-steel,2020-01-01 00:00:00,2020-12-31 00:00:00,co2e_100yr,0,tonnes,annual,2026-05-01 00:00:00,2026-05-18 14:20:13.779009
TON,manufacturing,iron-and-steel,2021-01-01 00:00:00,2021-12-31 00:00:00,co2e_100yr,0,tonnes,annual,2026-05-01 00:00:00,2026-05-18 14:20:13.779009
TON,manufacturing,iron-and-steel,2022-01-01 00:00:00,2022-12-31 00:00:00,co2e_100yr,0,tonnes,annual,2026-05-01 00:00:00,2026-05-18 14:20:13.779009
TON,manufacturing,iron-and-steel,2023-01-01 00:00:00,2023-12-31 00:00:00,co2e_100yr,0,tonnes,annual,2026-05-01 00:00:00,2026-05-18 14:20:13.779009
TON,manufacturing,iron-and-steel,2024-01-01 00:00:00,2024-12-31 00:00:00,co2e_100yr,0,tonnes,annual,2026-05-01 00:00:00,2026-05-18 14:20:13.779009
TON,manufacturing,iron-and-steel,2025-01-01 00:00:00,2025-12-31 00:00:00,co2e_100yr,0,tonnes,annual,2026-05-01 00:00:00,2026-05-18 14:20:13.779009
TON,manufacturing,iron-and-steel,2026-01-01 00:00:00,2026-12-31 00:00:00,co2e_100yr,0,tonnes,annual,2026-05-01 00:00:00,2026-05-18 14:20:13.779009
TTO,manufacturing,iron-and-steel,2015-01-01 00:00:00,2015-12-31 00:00:00,co2e_100yr,47293.52000000002,tonnes,annual,2026-05-01 00:00:00,2026-05-18 14:20:13.779009
TTO,manufacturing,iron-and-steel,2016-01-01 00:00:00,2016-12-31 00:00:00,co2e_100yr,2884,tonnes,annual,2026-05-01 00:00:00,2026-05-18 14:20:13.779009
TTO,manufacturing,iron-and-steel,2017-01-01 00:00:00,2017-12-31 00:00:00,co2e_100yr,0,tonnes,annual,2026-05-01 00:00:00,2026-05-18 14:20:13.779009
TTO,manufacturing,iron-and-steel,2018-01-01 00:00:00,2018-12-31 00:00:00,co2e_100yr,0,tonnes,annual,2026-05-01 00:00:00,2026-05-18 14:20:13.779009
TTO,manufacturing,iron-and-steel,2019-01-01 00:00:00,2019-12-31 00:00:00,co2e_100yr,0,tonnes,annual,2026-05-01 00:00:00,2026-05-18 14:20:13.779009
TTO,manufacturing,iron-and-steel,2020-01-01 00:00:00,2020-12-31 00:00:00,co2e_100yr,0,tonnes,annual,2026-05-01 00:00:00,2026-05-18 14:20:13.779009
TTO,manufacturing,iron-and-steel,2021-01-01 00:00:00,2021-12-31 00:00:00,co2e_100yr,0,tonnes,annual,2026-05-01 00:00:00,2026-05-18 14:20:13.779009
TTO,manufacturing,iron-and-steel,2022-01-01 00:00:00,2022-12-31 00:00:00,co2e_100yr,0,tonnes,annual,2026-05-01 00:00:00,2026-05-18 14:20:13.779009
TTO,manufacturing,iron-and-steel,2023-01-01 00:00:00,2023-12-31 00:00:00,co2e_100yr,0,tonnes,annual,2026-05-01 00:00:00,2026-05-18 14:20:13.779009
TTO,manufacturing,iron-and-steel,2024-01-01 00:00:00,2024-12-31 00:00:00,co2e_100yr,0,tonnes,annual,2026-05-01 00:00:00,2026-05-18 14:20:13.779009
TTO,manufacturing,iron-and-steel,2025-01-01 00:00:00,2025-12-31 00:00:00,co2e_100yr,0,tonnes,annual,2026-05-01 00:00:00,2026-05-18 14:20:13.779009
TTO,manufacturing,iron-and-steel,2026-01-01 00:00:00,2026-12-31 00:00:00,co2e_100yr,0,tonnes,annual,2026-05-01 00:00:00,2026-05-18 14:20:13.779009
TUN,manufacturing,iron-and-steel,2015-01-01 00:00:00,2015-12-31 00:00:00,co2e_100yr,7199.999999999998,tonnes,annual,2026-05-01 00:00:00,2026-05-18 14:20:13.779009
TUN,manufacturing,iron-and-steel,2016-01-01 00:00:00,2016-12-31 00:00:00,co2e_100yr,7200,tonnes,annual,2026-05-01 00:00:00,2026-05-18 14:20:13.779009
TUN,manufacturing,iron-and-steel,2017-01-01 00:00:00,2017-12-31 00:00:00,co2e_100yr,6400,tonnes,annual,2026-05-01 00:00:00,2026-05-18 14:20:13.779009
TUN,manufacturing,iron-and-steel,2018-01-01 00:00:00,2018-12-31 00:00:00,co2e_100yr,6400,tonnes,annual,2026-05-01 00:00:00,2026-05-18 14:20:13.779009
TUN,manufacturing,iron-and-steel,2019-01-01 00:00:00,2019-12-31 00:00:00,co2e_100yr,4800,tonnes,annual,2026-05-01 00:00:00,2026-05-18 14:20:13.779009
TUN,manufacturing,iron-and-steel,2020-01-01 00:00:00,2020-12-31 00:00:00,co2e_100yr,6208.000000000001,tonnes,annual,2026-05-01 00:00:00,2026-05-18 14:20:13.779009
TUN,manufacturing,iron-and-steel,2021-01-01 00:00:00,2021-12-31 00:00:00,co2e_100yr,6808,tonnes,annual,2026-05-01 00:00:00,2026-05-18 14:20:13.779009
TUN,manufacturing,iron-and-steel,2022-01-01 00:00:00,2022-12-31 00:00:00,co2e_100yr,6400,tonnes,annual,2026-05-01 00:00:00,2026-05-18 14:20:13.779009
TUN,manufacturing,iron-and-steel,2023-01-01 00:00:00,2023-12-31 00:00:00,co2e_100yr,6720.000000000001,tonnes,annual,2026-05-01 00:00:00,2026-05-18 14:20:13.779009
TUN,manufacturing,iron-and-steel,2024-01-01 00:00:00,2024-12-31 00:00:00,co2e_100yr,5840,tonnes,annual,2026-05-01 00:00:00,2026-05-18 14:20:13.779009
TUN,manufacturing,iron-and-steel,2025-01-01 00:00:00,2025-12-31 00:00:00,co2e_100yr,6000.000000000001,tonnes,annual,2026-05-01 00:00:00,2026-05-18 14:20:13.779009
TUN,manufacturing,iron-and-steel,2026-01-01 00:00:00,2026-12-31 00:00:00,co2e_100yr,1520,tonnes,annual,2026-05-01 00:00:00,2026-05-18 14:20:13.779009
TUR,manufacturing,iron-and-steel,2015-01-01 00:00:00,2015-12-31 00:00:00,co2e_100yr,24583623.329774335,tonnes,annual,2026-05-01 00:00:00,2026-05-18 14:20:13.779009
TUR,manufacturing,iron-and-steel,2016-01-01 00:00:00,2016-12-31 00:00:00,co2e_100yr,25346628.183538847,tonnes,annual,2026-05-01 00:00:00,2026-05-18 14:20:13.779009
TUR,manufacturing,iron-and-steel,2017-01-01 00:00:00,2017-12-31 00:00:00,co2e_100yr,26519007.132613085,tonnes,annual,2026-05-01 00:00:00,2026-05-18 14:20:13.779009
TUR,manufacturing,iron-and-steel,2018-01-01 00:00:00,2018-12-31 00:00:00,co2e_100yr,26434167.927798267,tonnes,annual,2026-05-01 00:00:00,2026-05-18 14:20:13.779009
TUR,manufacturing,iron-and-steel,2019-01-01 00:00:00,2019-12-31 00:00:00,co2e_100yr,24671263.15149693,tonnes,annual,2026-05-01 00:00:00,2026-05-18 14:20:13.779009
TUR,manufacturing,iron-and-steel,2020-01-01 00:00:00,2020-12-31 00:00:00,co2e_100yr,25307935.16210578,tonnes,annual,2026-05-01 00:00:00,2026-05-18 14:20:13.779009
TUR,manufacturing,iron-and-steel,2021-01-01 00:00:00,2021-12-31 00:00:00,co2e_100yr,26798220.7863868,tonnes,annual,2026-05-01 00:00:00,2026-05-18 14:20:13.779009
TUR,manufacturing,iron-and-steel,2022-01-01 00:00:00,2022-12-31 00:00:00,co2e_100yr,23606688.24900371,tonnes,annual,2026-05-01 00:00:00,2026-05-18 14:20:13.779009
TUR,manufacturing,iron-and-steel,2023-01-01 00:00:00,2023-12-31 00:00:00,co2e_100yr,22353644.849691957,tonnes,annual,2026-05-01 00:00:00,2026-05-18 14:20:13.779009
TUR,manufacturing,iron-and-steel,2024-01-01 00:00:00,2024-12-31 00:00:00,co2e_100yr,25278455.194030948,tonnes,annual,2026-05-01 00:00:00,2026-05-18 14:20:13.779009
TUR,manufacturing,iron-and-steel,2025-01-01 00:00:00,2025-12-31 00:00:00,co2e_100yr,24797762.735401742,tonnes,annual,2026-05-01 00:00:00,2026-05-18 14:20:13.779009
TUR,manufacturing,iron-and-steel,2026-01-01 00:00:00,2026-12-31 00:00:00,co2e_100yr,6449923.584473965,tonnes,annual,2026-05-01 00:00:00,2026-05-18 14:20:13.779009
TUV,manufacturing,iron-and-steel,2015-01-01 00:00:00,2015-12-31 00:00:00,co2e_100yr,0,tonnes,annual,2026-05-01 00:00:00,2026-05-18 14:20:13.779009
TUV,manufacturing,iron-and-steel,2016-01-01 00:00:00,2016-12-31 00:00:00,co2e_100yr,0,tonnes,annual,2026-05-01 00:00:00,2026-05-18 14:20:13.779009
TUV,manufacturing,iron-and-steel,2017-01-01 00:00:00,2017-12-31 00:00:00,co2e_100yr,0,tonnes,annual,2026-05-01 00:00:00,2026-05-18 14:20:13.779009
TUV,manufacturing,iron-and-steel,2018-01-01 00:00:00,2018-12-31 00:00:00,co2e_100yr,0,tonnes,annual,2026-05-01 00:00:00,2026-05-18 14:20:13.779009
TUV,manufacturing,iron-and-steel,2019-01-01 00:00:00,2019-12-31 00:00:00,co2e_100yr,0,tonnes,annual,2026-05-01 00:00:00,2026-05-18 14:20:13.779009
TUV,manufacturing,iron-and-steel,2020-01-01 00:00:00,2020-12-31 00:00:00,co2e_100yr,0,tonnes,annual,2026-05-01 00:00:00,2026-05-18 14:20:13.779009
TUV,manufacturing,iron-and-steel,2021-01-01 00:00:00,2021-12-31 00:00:00,co2e_100yr,0,tonnes,annual,2026-05-01 00:00:00,2026-05-18 14:20:13.779009
TUV,manufacturing,iron-and-steel,2022-01-01 00:00:00,2022-12-31 00:00:00,co2e_100yr,0,tonnes,annual,2026-05-01 00:00:00,2026-05-18 14:20:13.779009
TUV,manufacturing,iron-and-steel,2023-01-01 00:00:00,2023-12-31 00:00:00,co2e_100yr,0,tonnes,annual,2026-05-01 00:00:00,2026-05-18 14:20:13.779009
TUV,manufacturing,iron-and-steel,2024-01-01 00:00:00,2024-12-31 00:00:00,co2e_100yr,0,tonnes,annual,2026-05-01 00:00:00,2026-05-18 14:20:13.779009
TUV,manufacturing,iron-and-steel,2025-01-01 00:00:00,2025-12-31 00:00:00,co2e_100yr,0,tonnes,annual,2026-05-01 00:00:00,2026-05-18 14:20:13.779009
TUV,manufacturing,iron-and-steel,2026-01-01 00:00:00,2026-12-31 00:00:00,co2e_100yr,0,tonnes,annual,2026-05-01 00:00:00,2026-05-18 14:20:13.779009
TWN,manufacturing,iron-and-steel,2015-01-01 00:00:00,2015-12-31 00:00:00,co2e_100yr,27348599.52691202,tonnes,annual,2026-05-01 00:00:00,2026-05-18 14:20:13.779009
TWN,manufacturing,iron-and-steel,2016-01-01 00:00:00,2016-12-31 00:00:00,co2e_100yr,28473155.831331383,tonnes,annual,2026-05-01 00:00:00,2026-05-18 14:20:13.779009
TWN,manufacturing,iron-and-steel,2017-01-01 00:00:00,2017-12-31 00:00:00,co2e_100yr,28150338.852989215,tonnes,annual,2026-05-01 00:00:00,2026-05-18 14:20:13.779009
TWN,manufacturing,iron-and-steel,2018-01-01 00:00:00,2018-12-31 00:00:00,co2e_100yr,28959540.776006848,tonnes,annual,2026-05-01 00:00:00,2026-05-18 14:20:13.779009
TWN,manufacturing,iron-and-steel,2019-01-01 00:00:00,2019-12-31 00:00:00,co2e_100yr,27880077.552174103,tonnes,annual,2026-05-01 00:00:00,2026-05-18 14:20:13.779009
TWN,manufacturing,iron-and-steel,2020-01-01 00:00:00,2020-12-31 00:00:00,co2e_100yr,26152220.038437746,tonnes,annual,2026-05-01 00:00:00,2026-05-18 14:20:13.779009
TWN,manufacturing,iron-and-steel,2021-01-01 00:00:00,2021-12-31 00:00:00,co2e_100yr,27087665.96556937,tonnes,annual,2026-05-01 00:00:00,2026-05-18 14:20:13.779009
TWN,manufacturing,iron-and-steel,2022-01-01 00:00:00,2022-12-31 00:00:00,co2e_100yr,25081718.03437351,tonnes,annual,2026-05-01 00:00:00,2026-05-18 14:20:13.779009
TWN,manufacturing,iron-and-steel,2023-01-01 00:00:00,2023-12-31 00:00:00,co2e_100yr,23734254.78926983,tonnes,annual,2026-05-01 00:00:00,2026-05-18 14:20:13.779009
TWN,manufacturing,iron-and-steel,2024-01-01 00:00:00,2024-12-31 00:00:00,co2e_100yr,24328052.285650656,tonnes,annual,2026-05-01 00:00:00,2026-05-18 14:20:13.779009
TWN,manufacturing,iron-and-steel,2025-01-01 00:00:00,2025-12-31 00:00:00,co2e_100yr,21317496.107857056,tonnes,annual,2026-05-01 00:00:00,2026-05-18 14:20:13.779009
TWN,manufacturing,iron-and-steel,2026-01-01 00:00:00,2026-12-31 00:00:00,co2e_100yr,5383449.797703893,tonnes,annual,2026-05-01 00:00:00,2026-05-18 14:20:13.779009
TZA,manufacturing,iron-and-steel,2015-01-01 00:00:00,2015-12-31 00:00:00,co2e_100yr,7999.999999999999,tonnes,annual,2026-05-01 00:00:00,2026-05-18 14:20:13.779009
TZA,manufacturing,iron-and-steel,2016-01-01 00:00:00,2016-12-31 00:00:00,co2e_100yr,10400,tonnes,annual,2026-05-01 00:00:00,2026-05-18 14:20:13.779009
TZA,manufacturing,iron-and-steel,2017-01-01 00:00:00,2017-12-31 00:00:00,co2e_100yr,10640,tonnes,annual,2026-05-01 00:00:00,2026-05-18 14:20:13.779009
TZA,manufacturing,iron-and-steel,2018-01-01 00:00:00,2018-12-31 00:00:00,co2e_100yr,10800,tonnes,annual,2026-05-01 00:00:00,2026-05-18 14:20:13.779009
TZA,manufacturing,iron-and-steel,2019-01-01 00:00:00,2019-12-31 00:00:00,co2e_100yr,11200,tonnes,annual,2026-05-01 00:00:00,2026-05-18 14:20:13.779009
TZA,manufacturing,iron-and-steel,2020-01-01 00:00:00,2020-12-31 00:00:00,co2e_100yr,9599.999999999998,tonnes,annual,2026-05-01 00:00:00,2026-05-18 14:20:13.779009
TZA,manufacturing,iron-and-steel,2021-01-01 00:00:00,2021-12-31 00:00:00,co2e_100yr,11600,tonnes,annual,2026-05-01 00:00:00,2026-05-18 14:20:13.779009
TZA,manufacturing,iron-and-steel,2022-01-01 00:00:00,2022-12-31 00:00:00,co2e_100yr,11200,tonnes,annual,2026-05-01 00:00:00,2026-05-18 14:20:13.779009
TZA,manufacturing,iron-and-steel,2023-01-01 00:00:00,2023-12-31 00:00:00,co2e_100yr,55600,tonnes,annual,2026-05-01 00:00:00,2026-05-18 14:20:13.779009
TZA,manufacturing,iron-and-steel,2024-01-01 00:00:00,2024-12-31 00:00:00,co2e_100yr,60000,tonnes,annual,2026-05-01 00:00:00,2026-05-18 14:20:13.779009
TZA,manufacturing,iron-and-steel,2025-01-01 00:00:00,2025-12-31 00:00:00,co2e_100yr,60000.00000000001,tonnes,annual,2026-05-01 00:00:00,2026-05-18 14:20:13.779009
TZA,manufacturing,iron-and-steel,2026-01-01 00:00:00,2026-12-31 00:00:00,co2e_100yr,15287.671232876712,tonnes,annual,2026-05-01 00:00:00,2026-05-18 14:20:13.779009
UGA,manufacturing,iron-and-steel,2015-01-01 00:00:00,2015-12-31 00:00:00,co2e_100yr,30000,tonnes,annual,2026-05-01 00:00:00,2026-05-18 14:20:13.779009
UGA,manufacturing,iron-and-steel,2016-01-01 00:00:00,2016-12-31 00:00:00,co2e_100yr,29999.999999999996,tonnes,annual,2026-05-01 00:00:00,2026-05-18 14:20:13.779009
UGA,manufacturing,iron-and-steel,2017-01-01 00:00:00,2017-12-31 00:00:00,co2e_100yr,30000,tonnes,annual,2026-05-01 00:00:00,2026-05-18 14:20:13.779009
UGA,manufacturing,iron-and-steel,2018-01-01 00:00:00,2018-12-31 00:00:00,co2e_100yr,30000.000000000004,tonnes,annual,2026-05-01 00:00:00,2026-05-18 14:20:13.779009
UGA,manufacturing,iron-and-steel,2019-01-01 00:00:00,2019-12-31 00:00:00,co2e_100yr,30000.000000000004,tonnes,annual,2026-05-01 00:00:00,2026-05-18 14:20:13.779009
UGA,manufacturing,iron-and-steel,2020-01-01 00:00:00,2020-12-31 00:00:00,co2e_100yr,30000,tonnes,annual,2026-05-01 00:00:00,2026-05-18 14:20:13.779009
UGA,manufacturing,iron-and-steel,2021-01-01 00:00:00,2021-12-31 00:00:00,co2e_100yr,30000.000000000004,tonnes,annual,2026-05-01 00:00:00,2026-05-18 14:20:13.779009
UGA,manufacturing,iron-and-steel,2022-01-01 00:00:00,2022-12-31 00:00:00,co2e_100yr,30000.000000000004,tonnes,annual,2026-05-01 00:00:00,2026-05-18 14:20:13.779009
UGA,manufacturing,iron-and-steel,2023-01-01 00:00:00,2023-12-31 00:00:00,co2e_100yr,630000.0000000002,tonnes,annual,2026-05-01 00:00:00,2026-05-18 14:20:13.779009
UGA,manufacturing,iron-and-steel,2024-01-01 00:00:00,2024-12-31 00:00:00,co2e_100yr,1200000,tonnes,annual,2026-05-01 00:00:00,2026-05-18 14:20:13.779009
UGA,manufacturing,iron-and-steel,2025-01-01 00:00:00,2025-12-31 00:00:00,co2e_100yr,1200000,tonnes,annual,2026-05-01 00:00:00,2026-05-18 14:20:13.779009
UGA,manufacturing,iron-and-steel,2026-01-01 00:00:00,2026-12-31 00:00:00,co2e_100yr,295890.4109589042,tonnes,annual,2026-05-01 00:00:00,2026-05-18 14:20:13.779009
UKR,manufacturing,iron-and-steel,2015-01-01 00:00:00,2015-12-31 00:00:00,co2e_100yr,47520635.16297948,tonnes,annual,2026-05-01 00:00:00,2026-05-18 14:20:13.779009
UKR,manufacturing,iron-and-steel,2016-01-01 00:00:00,2016-12-31 00:00:00,co2e_100yr,49520108.58147852,tonnes,annual,2026-05-01 00:00:00,2026-05-18 14:20:13.779009
UKR,manufacturing,iron-and-steel,2017-01-01 00:00:00,2017-12-31 00:00:00,co2e_100yr,43753367.07591196,tonnes,annual,2026-05-01 00:00:00,2026-05-18 14:20:13.779009
UKR,manufacturing,iron-and-steel,2018-01-01 00:00:00,2018-12-31 00:00:00,co2e_100yr,42909524.958498135,tonnes,annual,2026-05-01 00:00:00,2026-05-18 14:20:13.779009
UKR,manufacturing,iron-and-steel,2019-01-01 00:00:00,2019-12-31 00:00:00,co2e_100yr,43095989.87223656,tonnes,annual,2026-05-01 00:00:00,2026-05-18 14:20:13.779009
UKR,manufacturing,iron-and-steel,2020-01-01 00:00:00,2020-12-31 00:00:00,co2e_100yr,42731973.69703727,tonnes,annual,2026-05-01 00:00:00,2026-05-18 14:20:13.779009
UKR,manufacturing,iron-and-steel,2021-01-01 00:00:00,2021-12-31 00:00:00,co2e_100yr,39001023.35978573,tonnes,annual,2026-05-01 00:00:00,2026-05-18 14:20:13.779009
UKR,manufacturing,iron-and-steel,2022-01-01 00:00:00,2022-12-31 00:00:00,co2e_100yr,11990577.206762357,tonnes,annual,2026-05-01 00:00:00,2026-05-18 14:20:13.779009
UKR,manufacturing,iron-and-steel,2023-01-01 00:00:00,2023-12-31 00:00:00,co2e_100yr,13190267.554867497,tonnes,annual,2026-05-01 00:00:00,2026-05-18 14:20:13.779009
UKR,manufacturing,iron-and-steel,2024-01-01 00:00:00,2024-12-31 00:00:00,co2e_100yr,15940083.814578865,tonnes,annual,2026-05-01 00:00:00,2026-05-18 14:20:13.779009
UKR,manufacturing,iron-and-steel,2025-01-01 00:00:00,2025-12-31 00:00:00,co2e_100yr,14611280.562576814,tonnes,annual,2026-05-01 00:00:00,2026-05-18 14:20:13.779009
UKR,manufacturing,iron-and-steel,2026-01-01 00:00:00,2026-12-31 00:00:00,co2e_100yr,3127380.699992077,tonnes,annual,2026-05-01 00:00:00,2026-05-18 14:20:13.779009
UMI,manufacturing,iron-and-steel,2015-01-01 00:00:00,2015-12-31 00:00:00,co2e_100yr,0,tonnes,annual,2026-05-01 00:00:00,2026-05-18 14:20:13.779009
UMI,manufacturing,iron-and-steel,2016-01-01 00:00:00,2016-12-31 00:00:00,co2e_100yr,0,tonnes,annual,2026-05-01 00:00:00,2026-05-18 14:20:13.779009
UMI,manufacturing,iron-and-steel,2017-01-01 00:00:00,2017-12-31 00:00:00,co2e_100yr,0,tonnes,annual,2026-05-01 00:00:00,2026-05-18 14:20:13.779009
UMI,manufacturing,iron-and-steel,2018-01-01 00:00:00,2018-12-31 00:00:00,co2e_100yr,0,tonnes,annual,2026-05-01 00:00:00,2026-05-18 14:20:13.779009
UMI,manufacturing,iron-and-steel,2019-01-01 00:00:00,2019-12-31 00:00:00,co2e_100yr,0,tonnes,annual,2026-05-01 00:00:00,2026-05-18 14:20:13.779009
UMI,manufacturing,iron-and-steel,2020-01-01 00:00:00,2020-12-31 00:00:00,co2e_100yr,0,tonnes,annual,2026-05-01 00:00:00,2026-05-18 14:20:13.779009
UMI,manufacturing,iron-and-steel,2021-01-01 00:00:00,2021-12-31 00:00:00,co2e_100yr,0,tonnes,annual,2026-05-01 00:00:00,2026-05-18 14:20:13.779009
UMI,manufacturing,iron-and-steel,2022-01-01 00:00:00,2022-12-31 00:00:00,co2e_100yr,0,tonnes,annual,2026-05-01 00:00:00,2026-05-18 14:20:13.779009
UMI,manufacturing,iron-and-steel,2023-01-01 00:00:00,2023-12-31 00:00:00,co2e_100yr,0,tonnes,annual,2026-05-01 00:00:00,2026-05-18 14:20:13.779009
UMI,manufacturing,iron-and-steel,2024-01-01 00:00:00,2024-12-31 00:00:00,co2e_100yr,0,tonnes,annual,2026-05-01 00:00:00,2026-05-18 14:20:13.779009
UMI,manufacturing,iron-and-steel,2025-01-01 00:00:00,2025-12-31 00:00:00,co2e_100yr,0,tonnes,annual,2026-05-01 00:00:00,2026-05-18 14:20:13.779009
UMI,manufacturing,iron-and-steel,2026-01-01 00:00:00,2026-12-31 00:00:00,co2e_100yr,0,tonnes,annual,2026-05-01 00:00:00,2026-05-18 14:20:13.779009
UNK,manufacturing,iron-and-steel,2015-01-01 00:00:00,2015-12-31 00:00:00,co2e_100yr,0,tonnes,annual,2026-05-11 06:58:40.229384,2026-05-18 14:20:13.779009
UNK,manufacturing,iron-and-steel,2016-01-01 00:00:00,2016-12-31 00:00:00,co2e_100yr,0,tonnes,annual,2026-05-11 06:58:40.229384,2026-05-18 14:20:13.779009
UNK,manufacturing,iron-and-steel,2017-01-01 00:00:00,2017-12-31 00:00:00,co2e_100yr,0,tonnes,annual,2026-05-11 06:58:40.229384,2026-05-18 14:20:13.779009
UNK,manufacturing,iron-and-steel,2018-01-01 00:00:00,2018-12-31 00:00:00,co2e_100yr,0,tonnes,annual,2026-05-11 06:58:40.229384,2026-05-18 14:20:13.779009
UNK,manufacturing,iron-and-steel,2019-01-01 00:00:00,2019-12-31 00:00:00,co2e_100yr,0,tonnes,annual,2026-05-11 06:58:40.229384,2026-05-18 14:20:13.779009
UNK,manufacturing,iron-and-steel,2020-01-01 00:00:00,2020-12-31 00:00:00,co2e_100yr,0,tonnes,annual,2026-05-11 06:58:40.229384,2026-05-18 14:20:13.779009
UNK,manufacturing,iron-and-steel,2021-01-01 00:00:00,2021-12-31 00:00:00,co2e_100yr,0,tonnes,annual,2026-05-11 06:58:40.229384,2026-05-18 14:20:13.779009
UNK,manufacturing,iron-and-steel,2022-01-01 00:00:00,2022-12-31 00:00:00,co2e_100yr,0,tonnes,annual,2026-05-11 06:58:40.229384,2026-05-18 14:20:13.779009
UNK,manufacturing,iron-and-steel,2023-01-01 00:00:00,2023-12-31 00:00:00,co2e_100yr,0,tonnes,annual,2026-05-11 06:58:40.229384,2026-05-18 14:20:13.779009
UNK,manufacturing,iron-and-steel,2024-01-01 00:00:00,2024-12-31 00:00:00,co2e_100yr,0,tonnes,annual,2026-05-11 06:58:40.229384,2026-05-18 14:20:13.779009
UNK,manufacturing,iron-and-steel,2025-01-01 00:00:00,2025-12-31 00:00:00,co2e_100yr,0,tonnes,annual,2026-05-11 06:58:40.229384,2026-05-18 14:20:13.779009
UNK,manufacturing,iron-and-steel,2026-01-01 00:00:00,2026-12-31 00:00:00,co2e_100yr,0,tonnes,annual,2026-05-11 06:58:40.229384,2026-05-18 14:20:13.779009
URY,manufacturing,iron-and-steel,2015-01-01 00:00:00,2015-12-31 00:00:00,co2e_100yr,7796.56,tonnes,annual,2026-05-01 00:00:00,2026-05-18 14:20:13.779009
URY,manufacturing,iron-and-steel,2016-01-01 00:00:00,2016-12-31 00:00:00,co2e_100yr,4909.919999999999,tonnes,annual,2026-05-01 00:00:00,2026-05-18 14:20:13.779009
URY,manufacturing,iron-and-steel,2017-01-01 00:00:00,2017-12-31 00:00:00,co2e_100yr,4624,tonnes,annual,2026-05-01 00:00:00,2026-05-18 14:20:13.779009
URY,manufacturing,iron-and-steel,2018-01-01 00:00:00,2018-12-31 00:00:00,co2e_100yr,4799.68,tonnes,annual,2026-05-01 00:00:00,2026-05-18 14:20:13.779009
URY,manufacturing,iron-and-steel,2019-01-01 00:00:00,2019-12-31 00:00:00,co2e_100yr,4982.080000000001,tonnes,annual,2026-05-01 00:00:00,2026-05-18 14:20:13.779009
URY,manufacturing,iron-and-steel,2020-01-01 00:00:00,2020-12-31 00:00:00,co2e_100yr,3927.120000000001,tonnes,annual,2026-05-01 00:00:00,2026-05-18 14:20:13.779009
URY,manufacturing,iron-and-steel,2021-01-01 00:00:00,2021-12-31 00:00:00,co2e_100yr,5019.999999999999,tonnes,annual,2026-05-01 00:00:00,2026-05-18 14:20:13.779009
URY,manufacturing,iron-and-steel,2022-01-01 00:00:00,2022-12-31 00:00:00,co2e_100yr,4389.5199999999995,tonnes,annual,2026-05-01 00:00:00,2026-05-18 14:20:13.779009
URY,manufacturing,iron-and-steel,2023-01-01 00:00:00,2023-12-31 00:00:00,co2e_100yr,3866.4800000000005,tonnes,annual,2026-05-01 00:00:00,2026-05-18 14:20:13.779009
URY,manufacturing,iron-and-steel,2024-01-01 00:00:00,2024-12-31 00:00:00,co2e_100yr,4018.2400000000002,tonnes,annual,2026-05-01 00:00:00,2026-05-18 14:20:13.779009
URY,manufacturing,iron-and-steel,2025-01-01 00:00:00,2025-12-31 00:00:00,co2e_100yr,4144.16,tonnes,annual,2026-05-01 00:00:00,2026-05-18 14:20:13.779009
URY,manufacturing,iron-and-steel,2026-01-01 00:00:00,2026-12-31 00:00:00,co2e_100yr,1232.16,tonnes,annual,2026-05-01 00:00:00,2026-05-18 14:20:13.779009
USA,manufacturing,iron-and-steel,2015-01-01 00:00:00,2015-12-31 00:00:00,co2e_100yr,69727551.14956231,tonnes,annual,2026-05-01 00:00:00,2026-05-18 14:20:13.779009
USA,manufacturing,iron-and-steel,2016-01-01 00:00:00,2016-12-31 00:00:00,co2e_100yr,63450885.31509,tonnes,annual,2026-05-01 00:00:00,2026-05-18 14:20:13.779009
USA,manufacturing,iron-and-steel,2017-01-01 00:00:00,2017-12-31 00:00:00,co2e_100yr,63973063.9241107,tonnes,annual,2026-05-01 00:00:00,2026-05-18 14:20:13.779009
USA,manufacturing,iron-and-steel,2018-01-01 00:00:00,2018-12-31 00:00:00,co2e_100yr,68499383.03509192,tonnes,annual,2026-05-01 00:00:00,2026-05-18 14:20:13.779009
USA,manufacturing,iron-and-steel,2019-01-01 00:00:00,2019-12-31 00:00:00,co2e_100yr,66781596.587422945,tonnes,annual,2026-05-01 00:00:00,2026-05-18 14:20:13.779009
USA,manufacturing,iron-and-steel,2020-01-01 00:00:00,2020-12-31 00:00:00,co2e_100yr,54191220.36094862,tonnes,annual,2026-05-01 00:00:00,2026-05-18 14:20:13.779009
USA,manufacturing,iron-and-steel,2021-01-01 00:00:00,2021-12-31 00:00:00,co2e_100yr,65139849.175476536,tonnes,annual,2026-05-01 00:00:00,2026-05-18 14:20:13.779009
USA,manufacturing,iron-and-steel,2022-01-01 00:00:00,2022-12-31 00:00:00,co2e_100yr,65727761.216301836,tonnes,annual,2026-05-01 00:00:00,2026-05-18 14:20:13.779009
USA,manufacturing,iron-and-steel,2023-01-01 00:00:00,2023-12-31 00:00:00,co2e_100yr,65276285.54780233,tonnes,annual,2026-05-01 00:00:00,2026-05-18 14:20:13.779009
USA,manufacturing,iron-and-steel,2024-01-01 00:00:00,2024-12-31 00:00:00,co2e_100yr,59333390.20289665,tonnes,annual,2026-05-01 00:00:00,2026-05-18 14:20:13.779009
USA,manufacturing,iron-and-steel,2025-01-01 00:00:00,2025-12-31 00:00:00,co2e_100yr,61554249.51435215,tonnes,annual,2026-05-01 00:00:00,2026-05-18 14:20:13.779009
USA,manufacturing,iron-and-steel,2026-01-01 00:00:00,2026-12-31 00:00:00,co2e_100yr,14936847.886874901,tonnes,annual,2026-05-01 00:00:00,2026-05-18 14:20:13.779009
UZB,manufacturing,iron-and-steel,2015-01-01 00:00:00,2015-12-31 00:00:00,co2e_100yr,81018.00000000001,tonnes,annual,2026-05-01 00:00:00,2026-05-18 14:20:13.779009
UZB,manufacturing,iron-and-steel,2016-01-01 00:00:00,2016-12-31 00:00:00,co2e_100yr,82404.00000000001,tonnes,annual,2026-05-01 00:00:00,2026-05-18 14:20:13.779009
UZB,manufacturing,iron-and-steel,2017-01-01 00:00:00,2017-12-31 00:00:00,co2e_100yr,82404.00000000001,tonnes,annual,2026-05-01 00:00:00,2026-05-18 14:20:13.779009
UZB,manufacturing,iron-and-steel,2018-01-01 00:00:00,2018-12-31 00:00:00,co2e_100yr,81396.00000000001,tonnes,annual,2026-05-01 00:00:00,2026-05-18 14:20:13.779009
UZB,manufacturing,iron-and-steel,2019-01-01 00:00:00,2019-12-31 00:00:00,co2e_100yr,83916.00000000003,tonnes,annual,2026-05-01 00:00:00,2026-05-18 14:20:13.779009
UZB,manufacturing,iron-and-steel,2020-01-01 00:00:00,2020-12-31 00:00:00,co2e_100yr,118338.94800000008,tonnes,annual,2026-05-01 00:00:00,2026-05-18 14:20:13.779009
UZB,manufacturing,iron-and-steel,2021-01-01 00:00:00,2021-12-31 00:00:00,co2e_100yr,132300.00000000006,tonnes,annual,2026-05-01 00:00:00,2026-05-18 14:20:13.779009
UZB,manufacturing,iron-and-steel,2022-01-01 00:00:00,2022-12-31 00:00:00,co2e_100yr,119700.00000000003,tonnes,annual,2026-05-01 00:00:00,2026-05-18 14:20:13.779009
UZB,manufacturing,iron-and-steel,2023-01-01 00:00:00,2023-12-31 00:00:00,co2e_100yr,126000.00000000006,tonnes,annual,2026-05-01 00:00:00,2026-05-18 14:20:13.779009
UZB,manufacturing,iron-and-steel,2024-01-01 00:00:00,2024-12-31 00:00:00,co2e_100yr,126000.00000000007,tonnes,annual,2026-05-01 00:00:00,2026-05-18 14:20:13.779009
UZB,manufacturing,iron-and-steel,2025-01-01 00:00:00,2025-12-31 00:00:00,co2e_100yr,126000.00000000007,tonnes,annual,2026-05-01 00:00:00,2026-05-18 14:20:13.779009
UZB,manufacturing,iron-and-steel,2026-01-01 00:00:00,2026-12-31 00:00:00,co2e_100yr,32664.87985213335,tonnes,annual,2026-05-01 00:00:00,2026-05-18 14:20:13.779009
VAT,manufacturing,iron-and-steel,2015-01-01 00:00:00,2015-12-31 00:00:00,co2e_100yr,0,tonnes,annual,2026-05-01 00:00:00,2026-05-18 14:20:13.779009
VAT,manufacturing,iron-and-steel,2016-01-01 00:00:00,2016-12-31 00:00:00,co2e_100yr,0,tonnes,annual,2026-05-01 00:00:00,2026-05-18 14:20:13.779009
VAT,manufacturing,iron-and-steel,2017-01-01 00:00:00,2017-12-31 00:00:00,co2e_100yr,0,tonnes,annual,2026-05-01 00:00:00,2026-05-18 14:20:13.779009
VAT,manufacturing,iron-and-steel,2018-01-01 00:00:00,2018-12-31 00:00:00,co2e_100yr,0,tonnes,annual,2026-05-01 00:00:00,2026-05-18 14:20:13.779009
VAT,manufacturing,iron-and-steel,2019-01-01 00:00:00,2019-12-31 00:00:00,co2e_100yr,0,tonnes,annual,2026-05-01 00:00:00,2026-05-18 14:20:13.779009
VAT,manufacturing,iron-and-steel,2020-01-01 00:00:00,2020-12-31 00:00:00,co2e_100yr,0,tonnes,annual,2026-05-01 00:00:00,2026-05-18 14:20:13.779009
VAT,manufacturing,iron-and-steel,2021-01-01 00:00:00,2021-12-31 00:00:00,co2e_100yr,0,tonnes,annual,2026-05-01 00:00:00,2026-05-18 14:20:13.779009
VAT,manufacturing,iron-and-steel,2022-01-01 00:00:00,2022-12-31 00:00:00,co2e_100yr,0,tonnes,annual,2026-05-01 00:00:00,2026-05-18 14:20:13.779009
VAT,manufacturing,iron-and-steel,2023-01-01 00:00:00,2023-12-31 00:00:00,co2e_100yr,0,tonnes,annual,2026-05-01 00:00:00,2026-05-18 14:20:13.779009
VAT,manufacturing,iron-and-steel,2024-01-01 00:00:00,2024-12-31 00:00:00,co2e_100yr,0,tonnes,annual,2026-05-01 00:00:00,2026-05-18 14:20:13.779009
VAT,manufacturing,iron-and-steel,2025-01-01 00:00:00,2025-12-31 00:00:00,co2e_100yr,0,tonnes,annual,2026-05-01 00:00:00,2026-05-18 14:20:13.779009
VAT,manufacturing,iron-and-steel,2026-01-01 00:00:00,2026-12-31 00:00:00,co2e_100yr,0,tonnes,annual,2026-05-01 00:00:00,2026-05-18 14:20:13.779009
VCT,manufacturing,iron-and-steel,2015-01-01 00:00:00,2015-12-31 00:00:00,co2e_100yr,0,tonnes,annual,2026-05-01 00:00:00,2026-05-18 14:20:13.779009
VCT,manufacturing,iron-and-steel,2016-01-01 00:00:00,2016-12-31 00:00:00,co2e_100yr,0,tonnes,annual,2026-05-01 00:00:00,2026-05-18 14:20:13.779009
VCT,manufacturing,iron-and-steel,2017-01-01 00:00:00,2017-12-31 00:00:00,co2e_100yr,0,tonnes,annual,2026-05-01 00:00:00,2026-05-18 14:20:13.779009
VCT,manufacturing,iron-and-steel,2018-01-01 00:00:00,2018-12-31 00:00:00,co2e_100yr,0,tonnes,annual,2026-05-01 00:00:00,2026-05-18 14:20:13.779009
VCT,manufacturing,iron-and-steel,2019-01-01 00:00:00,2019-12-31 00:00:00,co2e_100yr,0,tonnes,annual,2026-05-01 00:00:00,2026-05-18 14:20:13.779009
VCT,manufacturing,iron-and-steel,2020-01-01 00:00:00,2020-12-31 00:00:00,co2e_100yr,0,tonnes,annual,2026-05-01 00:00:00,2026-05-18 14:20:13.779009
VCT,manufacturing,iron-and-steel,2021-01-01 00:00:00,2021-12-31 00:00:00,co2e_100yr,0,tonnes,annual,2026-05-01 00:00:00,2026-05-18 14:20:13.779009
VCT,manufacturing,iron-and-steel,2022-01-01 00:00:00,2022-12-31 00:00:00,co2e_100yr,0,tonnes,annual,2026-05-01 00:00:00,2026-05-18 14:20:13.779009
VCT,manufacturing,iron-and-steel,2023-01-01 00:00:00,2023-12-31 00:00:00,co2e_100yr,0,tonnes,annual,2026-05-01 00:00:00,2026-05-18 14:20:13.779009
VCT,manufacturing,iron-and-steel,2024-01-01 00:00:00,2024-12-31 00:00:00,co2e_100yr,0,tonnes,annual,2026-05-01 00:00:00,2026-05-18 14:20:13.779009
VCT,manufacturing,iron-and-steel,2025-01-01 00:00:00,2025-12-31 00:00:00,co2e_100yr,0,tonnes,annual,2026-05-01 00:00:00,2026-05-18 14:20:13.779009
VCT,manufacturing,iron-and-steel,2026-01-01 00:00:00,2026-12-31 00:00:00,co2e_100yr,0,tonnes,annual,2026-05-01 00:00:00,2026-05-18 14:20:13.779009
VEN,manufacturing,iron-and-steel,2015-01-01 00:00:00,2015-12-31 00:00:00,co2e_100yr,1113354.2348400324,tonnes,annual,2026-05-01 00:00:00,2026-05-18 14:20:13.779009
VEN,manufacturing,iron-and-steel,2016-01-01 00:00:00,2016-12-31 00:00:00,co2e_100yr,457544.9902928292,tonnes,annual,2026-05-01 00:00:00,2026-05-18 14:20:13.779009
VEN,manufacturing,iron-and-steel,2017-01-01 00:00:00,2017-12-31 00:00:00,co2e_100yr,367291.4788043532,tonnes,annual,2026-05-01 00:00:00,2026-05-18 14:20:13.779009
VEN,manufacturing,iron-and-steel,2018-01-01 00:00:00,2018-12-31 00:00:00,co2e_100yr,106761.87708741058,tonnes,annual,2026-05-01 00:00:00,2026-05-18 14:20:13.779009
VEN,manufacturing,iron-and-steel,2019-01-01 00:00:00,2019-12-31 00:00:00,co2e_100yr,42049.28256633456,tonnes,annual,2026-05-01 00:00:00,2026-05-18 14:20:13.779009
VEN,manufacturing,iron-and-steel,2020-01-01 00:00:00,2020-12-31 00:00:00,co2e_100yr,24127.356610304505,tonnes,annual,2026-05-01 00:00:00,2026-05-18 14:20:13.779009
VEN,manufacturing,iron-and-steel,2021-01-01 00:00:00,2021-12-31 00:00:00,co2e_100yr,24012.432,tonnes,annual,2026-05-01 00:00:00,2026-05-18 14:20:13.779009
VEN,manufacturing,iron-and-steel,2022-01-01 00:00:00,2022-12-31 00:00:00,co2e_100yr,22136.448,tonnes,annual,2026-05-01 00:00:00,2026-05-18 14:20:13.779009
VEN,manufacturing,iron-and-steel,2023-01-01 00:00:00,2023-12-31 00:00:00,co2e_100yr,22348.607999999997,tonnes,annual,2026-05-01 00:00:00,2026-05-18 14:20:13.779009
VEN,manufacturing,iron-and-steel,2024-01-01 00:00:00,2024-12-31 00:00:00,co2e_100yr,23460.000000000004,tonnes,annual,2026-05-01 00:00:00,2026-05-18 14:20:13.779009
VEN,manufacturing,iron-and-steel,2025-01-01 00:00:00,2025-12-31 00:00:00,co2e_100yr,24284.160000000003,tonnes,annual,2026-05-01 00:00:00,2026-05-18 14:20:13.779009
VEN,manufacturing,iron-and-steel,2026-01-01 00:00:00,2026-12-31 00:00:00,co2e_100yr,7344,tonnes,annual,2026-05-01 00:00:00,2026-05-18 14:20:13.779009
VGB,manufacturing,iron-and-steel,2015-01-01 00:00:00,2015-12-31 00:00:00,co2e_100yr,0,tonnes,annual,2026-05-01 00:00:00,2026-05-18 14:20:13.779009
VGB,manufacturing,iron-and-steel,2016-01-01 00:00:00,2016-12-31 00:00:00,co2e_100yr,0,tonnes,annual,2026-05-01 00:00:00,2026-05-18 14:20:13.779009
VGB,manufacturing,iron-and-steel,2017-01-01 00:00:00,2017-12-31 00:00:00,co2e_100yr,0,tonnes,annual,2026-05-01 00:00:00,2026-05-18 14:20:13.779009
VGB,manufacturing,iron-and-steel,2018-01-01 00:00:00,2018-12-31 00:00:00,co2e_100yr,0,tonnes,annual,2026-05-01 00:00:00,2026-05-18 14:20:13.779009
VGB,manufacturing,iron-and-steel,2019-01-01 00:00:00,2019-12-31 00:00:00,co2e_100yr,0,tonnes,annual,2026-05-01 00:00:00,2026-05-18 14:20:13.779009
VGB,manufacturing,iron-and-steel,2020-01-01 00:00:00,2020-12-31 00:00:00,co2e_100yr,0,tonnes,annual,2026-05-01 00:00:00,2026-05-18 14:20:13.779009
VGB,manufacturing,iron-and-steel,2021-01-01 00:00:00,2021-12-31 00:00:00,co2e_100yr,0,tonnes,annual,2026-05-01 00:00:00,2026-05-18 14:20:13.779009
VGB,manufacturing,iron-and-steel,2022-01-01 00:00:00,2022-12-31 00:00:00,co2e_100yr,0,tonnes,annual,2026-05-01 00:00:00,2026-05-18 14:20:13.779009
VGB,manufacturing,iron-and-steel,2023-01-01 00:00:00,2023-12-31 00:00:00,co2e_100yr,0,tonnes,annual,2026-05-01 00:00:00,2026-05-18 14:20:13.779009
VGB,manufacturing,iron-and-steel,2024-01-01 00:00:00,2024-12-31 00:00:00,co2e_100yr,0,tonnes,annual,2026-05-01 00:00:00,2026-05-18 14:20:13.779009
VGB,manufacturing,iron-and-steel,2025-01-01 00:00:00,2025-12-31 00:00:00,co2e_100yr,0,tonnes,annual,2026-05-01 00:00:00,2026-05-18 14:20:13.779009
VGB,manufacturing,iron-and-steel,2026-01-01 00:00:00,2026-12-31 00:00:00,co2e_100yr,0,tonnes,annual,2026-05-01 00:00:00,2026-05-18 14:20:13.779009
VIR,manufacturing,iron-and-steel,2015-01-01 00:00:00,2015-12-31 00:00:00,co2e_100yr,0,tonnes,annual,2026-05-01 00:00:00,2026-05-18 14:20:13.779009
VIR,manufacturing,iron-and-steel,2016-01-01 00:00:00,2016-12-31 00:00:00,co2e_100yr,0,tonnes,annual,2026-05-01 00:00:00,2026-05-18 14:20:13.779009
VIR,manufacturing,iron-and-steel,2017-01-01 00:00:00,2017-12-31 00:00:00,co2e_100yr,0,tonnes,annual,2026-05-01 00:00:00,2026-05-18 14:20:13.779009
VIR,manufacturing,iron-and-steel,2018-01-01 00:00:00,2018-12-31 00:00:00,co2e_100yr,0,tonnes,annual,2026-05-01 00:00:00,2026-05-18 14:20:13.779009
VIR,manufacturing,iron-and-steel,2019-01-01 00:00:00,2019-12-31 00:00:00,co2e_100yr,0,tonnes,annual,2026-05-01 00:00:00,2026-05-18 14:20:13.779009
VIR,manufacturing,iron-and-steel,2020-01-01 00:00:00,2020-12-31 00:00:00,co2e_100yr,0,tonnes,annual,2026-05-01 00:00:00,2026-05-18 14:20:13.779009
VIR,manufacturing,iron-and-steel,2021-01-01 00:00:00,2021-12-31 00:00:00,co2e_100yr,0,tonnes,annual,2026-05-01 00:00:00,2026-05-18 14:20:13.779009
VIR,manufacturing,iron-and-steel,2022-01-01 00:00:00,2022-12-31 00:00:00,co2e_100yr,0,tonnes,annual,2026-05-01 00:00:00,2026-05-18 14:20:13.779009
VIR,manufacturing,iron-and-steel,2023-01-01 00:00:00,2023-12-31 00:00:00,co2e_100yr,0,tonnes,annual,2026-05-01 00:00:00,2026-05-18 14:20:13.779009
VIR,manufacturing,iron-and-steel,2024-01-01 00:00:00,2024-12-31 00:00:00,co2e_100yr,0,tonnes,annual,2026-05-01 00:00:00,2026-05-18 14:20:13.779009
VIR,manufacturing,iron-and-steel,2025-01-01 00:00:00,2025-12-31 00:00:00,co2e_100yr,0,tonnes,annual,2026-05-01 00:00:00,2026-05-18 14:20:13.779009
VIR,manufacturing,iron-and-steel,2026-01-01 00:00:00,2026-12-31 00:00:00,co2e_100yr,0,tonnes,annual,2026-05-01 00:00:00,2026-05-18 14:20:13.779009
VNM,manufacturing,iron-and-steel,2015-01-01 00:00:00,2015-12-31 00:00:00,co2e_100yr,8225719.5536024505,tonnes,annual,2026-05-01 00:00:00,2026-05-18 14:20:13.779009
VNM,manufacturing,iron-and-steel,2016-01-01 00:00:00,2016-12-31 00:00:00,co2e_100yr,11377916.669592483,tonnes,annual,2026-05-01 00:00:00,2026-05-18 14:20:13.779009
VNM,manufacturing,iron-and-steel,2017-01-01 00:00:00,2017-12-31 00:00:00,co2e_100yr,16712179.996189289,tonnes,annual,2026-05-01 00:00:00,2026-05-18 14:20:13.779009
VNM,manufacturing,iron-and-steel,2018-01-01 00:00:00,2018-12-31 00:00:00,co2e_100yr,22535878.734510984,tonnes,annual,2026-05-01 00:00:00,2026-05-18 14:20:13.779009
VNM,manufacturing,iron-and-steel,2019-01-01 00:00:00,2019-12-31 00:00:00,co2e_100yr,25446271.450660735,tonnes,annual,2026-05-01 00:00:00,2026-05-18 14:20:13.779009
VNM,manufacturing,iron-and-steel,2020-01-01 00:00:00,2020-12-31 00:00:00,co2e_100yr,28987394.920610733,tonnes,annual,2026-05-01 00:00:00,2026-05-18 14:20:13.779009
VNM,manufacturing,iron-and-steel,2021-01-01 00:00:00,2021-12-31 00:00:00,co2e_100yr,32808255.342460092,tonnes,annual,2026-05-01 00:00:00,2026-05-18 14:20:13.779009
VNM,manufacturing,iron-and-steel,2022-01-01 00:00:00,2022-12-31 00:00:00,co2e_100yr,30058789.880238432,tonnes,annual,2026-05-01 00:00:00,2026-05-18 14:20:13.779009
VNM,manufacturing,iron-and-steel,2023-01-01 00:00:00,2023-12-31 00:00:00,co2e_100yr,27873612.529244073,tonnes,annual,2026-05-01 00:00:00,2026-05-18 14:20:13.779009
VNM,manufacturing,iron-and-steel,2024-01-01 00:00:00,2024-12-31 00:00:00,co2e_100yr,30455044.029890396,tonnes,annual,2026-05-01 00:00:00,2026-05-18 14:20:13.779009
VNM,manufacturing,iron-and-steel,2025-01-01 00:00:00,2025-12-31 00:00:00,co2e_100yr,36444312.932175495,tonnes,annual,2026-05-01 00:00:00,2026-05-18 14:20:13.779009
VNM,manufacturing,iron-and-steel,2026-01-01 00:00:00,2026-12-31 00:00:00,co2e_100yr,8481159.12117565,tonnes,annual,2026-05-01 00:00:00,2026-05-18 14:20:13.779009
VUT,manufacturing,iron-and-steel,2015-01-01 00:00:00,2015-12-31 00:00:00,co2e_100yr,0,tonnes,annual,2026-05-01 00:00:00,2026-05-18 14:20:13.779009
VUT,manufacturing,iron-and-steel,2016-01-01 00:00:00,2016-12-31 00:00:00,co2e_100yr,0,tonnes,annual,2026-05-01 00:00:00,2026-05-18 14:20:13.779009
VUT,manufacturing,iron-and-steel,2017-01-01 00:00:00,2017-12-31 00:00:00,co2e_100yr,0,tonnes,annual,2026-05-01 00:00:00,2026-05-18 14:20:13.779009
VUT,manufacturing,iron-and-steel,2018-01-01 00:00:00,2018-12-31 00:00:00,co2e_100yr,0,tonnes,annual,2026-05-01 00:00:00,2026-05-18 14:20:13.779009
VUT,manufacturing,iron-and-steel,2019-01-01 00:00:00,2019-12-31 00:00:00,co2e_100yr,0,tonnes,annual,2026-05-01 00:00:00,2026-05-18 14:20:13.779009
VUT,manufacturing,iron-and-steel,2020-01-01 00:00:00,2020-12-31 00:00:00,co2e_100yr,0,tonnes,annual,2026-05-01 00:00:00,2026-05-18 14:20:13.779009
VUT,manufacturing,iron-and-steel,2021-01-01 00:00:00,2021-12-31 00:00:00,co2e_100yr,0,tonnes,annual,2026-05-01 00:00:00,2026-05-18 14:20:13.779009
VUT,manufacturing,iron-and-steel,2022-01-01 00:00:00,2022-12-31 00:00:00,co2e_100yr,0,tonnes,annual,2026-05-01 00:00:00,2026-05-18 14:20:13.779009
VUT,manufacturing,iron-and-steel,2023-01-01 00:00:00,2023-12-31 00:00:00,co2e_100yr,0,tonnes,annual,2026-05-01 00:00:00,2026-05-18 14:20:13.779009
VUT,manufacturing,iron-and-steel,2024-01-01 00:00:00,2024-12-31 00:00:00,co2e_100yr,0,tonnes,annual,2026-05-01 00:00:00,2026-05-18 14:20:13.779009
VUT,manufacturing,iron-and-steel,2025-01-01 00:00:00,2025-12-31 00:00:00,co2e_100yr,0,tonnes,annual,2026-05-01 00:00:00,2026-05-18 14:20:13.779009
VUT,manufacturing,iron-and-steel,2026-01-01 00:00:00,2026-12-31 00:00:00,co2e_100yr,0,tonnes,annual,2026-05-01 00:00:00,2026-05-18 14:20:13.779009
WLF,manufacturing,iron-and-steel,2015-01-01 00:00:00,2015-12-31 00:00:00,co2e_100yr,0,tonnes,annual,2026-05-01 00:00:00,2026-05-18 14:20:13.779009
WLF,manufacturing,iron-and-steel,2016-01-01 00:00:00,2016-12-31 00:00:00,co2e_100yr,0,tonnes,annual,2026-05-01 00:00:00,2026-05-18 14:20:13.779009
WLF,manufacturing,iron-and-steel,2017-01-01 00:00:00,2017-12-31 00:00:00,co2e_100yr,0,tonnes,annual,2026-05-01 00:00:00,2026-05-18 14:20:13.779009
WLF,manufacturing,iron-and-steel,2018-01-01 00:00:00,2018-12-31 00:00:00,co2e_100yr,0,tonnes,annual,2026-05-01 00:00:00,2026-05-18 14:20:13.779009
WLF,manufacturing,iron-and-steel,2019-01-01 00:00:00,2019-12-31 00:00:00,co2e_100yr,0,tonnes,annual,2026-05-01 00:00:00,2026-05-18 14:20:13.779009
WLF,manufacturing,iron-and-steel,2020-01-01 00:00:00,2020-12-31 00:00:00,co2e_100yr,0,tonnes,annual,2026-05-01 00:00:00,2026-05-18 14:20:13.779009
WLF,manufacturing,iron-and-steel,2021-01-01 00:00:00,2021-12-31 00:00:00,co2e_100yr,0,tonnes,annual,2026-05-01 00:00:00,2026-05-18 14:20:13.779009
WLF,manufacturing,iron-and-steel,2022-01-01 00:00:00,2022-12-31 00:00:00,co2e_100yr,0,tonnes,annual,2026-05-01 00:00:00,2026-05-18 14:20:13.779009
WLF,manufacturing,iron-and-steel,2023-01-01 00:00:00,2023-12-31 00:00:00,co2e_100yr,0,tonnes,annual,2026-05-01 00:00:00,2026-05-18 14:20:13.779009
WLF,manufacturing,iron-and-steel,2024-01-01 00:00:00,2024-12-31 00:00:00,co2e_100yr,0,tonnes,annual,2026-05-01 00:00:00,2026-05-18 14:20:13.779009
WLF,manufacturing,iron-and-steel,2025-01-01 00:00:00,2025-12-31 00:00:00,co2e_100yr,0,tonnes,annual,2026-05-01 00:00:00,2026-05-18 14:20:13.779009
WLF,manufacturing,iron-and-steel,2026-01-01 00:00:00,2026-12-31 00:00:00,co2e_100yr,0,tonnes,annual,2026-05-01 00:00:00,2026-05-18 14:20:13.779009
WSM,manufacturing,iron-and-steel,2015-01-01 00:00:00,2015-12-31 00:00:00,co2e_100yr,0,tonnes,annual,2026-05-01 00:00:00,2026-05-18 14:20:13.779009
WSM,manufacturing,iron-and-steel,2016-01-01 00:00:00,2016-12-31 00:00:00,co2e_100yr,0,tonnes,annual,2026-05-01 00:00:00,2026-05-18 14:20:13.779009
WSM,manufacturing,iron-and-steel,2017-01-01 00:00:00,2017-12-31 00:00:00,co2e_100yr,0,tonnes,annual,2026-05-01 00:00:00,2026-05-18 14:20:13.779009
WSM,manufacturing,iron-and-steel,2018-01-01 00:00:00,2018-12-31 00:00:00,co2e_100yr,0,tonnes,annual,2026-05-01 00:00:00,2026-05-18 14:20:13.779009
WSM,manufacturing,iron-and-steel,2019-01-01 00:00:00,2019-12-31 00:00:00,co2e_100yr,0,tonnes,annual,2026-05-01 00:00:00,2026-05-18 14:20:13.779009
WSM,manufacturing,iron-and-steel,2020-01-01 00:00:00,2020-12-31 00:00:00,co2e_100yr,0,tonnes,annual,2026-05-01 00:00:00,2026-05-18 14:20:13.779009
WSM,manufacturing,iron-and-steel,2021-01-01 00:00:00,2021-12-31 00:00:00,co2e_100yr,0,tonnes,annual,2026-05-01 00:00:00,2026-05-18 14:20:13.779009
WSM,manufacturing,iron-and-steel,2022-01-01 00:00:00,2022-12-31 00:00:00,co2e_100yr,0,tonnes,annual,2026-05-01 00:00:00,2026-05-18 14:20:13.779009
WSM,manufacturing,iron-and-steel,2023-01-01 00:00:00,2023-12-31 00:00:00,co2e_100yr,0,tonnes,annual,2026-05-01 00:00:00,2026-05-18 14:20:13.779009
WSM,manufacturing,iron-and-steel,2024-01-01 00:00:00,2024-12-31 00:00:00,co2e_100yr,0,tonnes,annual,2026-05-01 00:00:00,2026-05-18 14:20:13.779009
WSM,manufacturing,iron-and-steel,2025-01-01 00:00:00,2025-12-31 00:00:00,co2e_100yr,0,tonnes,annual,2026-05-01 00:00:00,2026-05-18 14:20:13.779009
WSM,manufacturing,iron-and-steel,2026-01-01 00:00:00,2026-12-31 00:00:00,co2e_100yr,0,tonnes,annual,2026-05-01 00:00:00,2026-05-18 14:20:13.779009
XKX,manufacturing,iron-and-steel,2015-01-01 00:00:00,2015-12-31 00:00:00,co2e_100yr,0,tonnes,annual,2026-05-01 00:00:00,2026-05-18 14:20:13.779009
XKX,manufacturing,iron-and-steel,2016-01-01 00:00:00,2016-12-31 00:00:00,co2e_100yr,0,tonnes,annual,2026-05-01 00:00:00,2026-05-18 14:20:13.779009
XKX,manufacturing,iron-and-steel,2017-01-01 00:00:00,2017-12-31 00:00:00,co2e_100yr,0,tonnes,annual,2026-05-01 00:00:00,2026-05-18 14:20:13.779009
XKX,manufacturing,iron-and-steel,2018-01-01 00:00:00,2018-12-31 00:00:00,co2e_100yr,0,tonnes,annual,2026-05-01 00:00:00,2026-05-18 14:20:13.779009
XKX,manufacturing,iron-and-steel,2019-01-01 00:00:00,2019-12-31 00:00:00,co2e_100yr,0,tonnes,annual,2026-05-01 00:00:00,2026-05-18 14:20:13.779009
XKX,manufacturing,iron-and-steel,2020-01-01 00:00:00,2020-12-31 00:00:00,co2e_100yr,0,tonnes,annual,2026-05-01 00:00:00,2026-05-18 14:20:13.779009
XKX,manufacturing,iron-and-steel,2021-01-01 00:00:00,2021-12-31 00:00:00,co2e_100yr,0,tonnes,annual,2026-05-01 00:00:00,2026-05-18 14:20:13.779009
XKX,manufacturing,iron-and-steel,2022-01-01 00:00:00,2022-12-31 00:00:00,co2e_100yr,0,tonnes,annual,2026-05-01 00:00:00,2026-05-18 14:20:13.779009
XKX,manufacturing,iron-and-steel,2023-01-01 00:00:00,2023-12-31 00:00:00,co2e_100yr,0,tonnes,annual,2026-05-01 00:00:00,2026-05-18 14:20:13.779009
XKX,manufacturing,iron-and-steel,2024-01-01 00:00:00,2024-12-31 00:00:00,co2e_100yr,0,tonnes,annual,2026-05-01 00:00:00,2026-05-18 14:20:13.779009
XKX,manufacturing,iron-and-steel,2025-01-01 00:00:00,2025-12-31 00:00:00,co2e_100yr,0,tonnes,annual,2026-05-01 00:00:00,2026-05-18 14:20:13.779009
XKX,manufacturing,iron-and-steel,2026-01-01 00:00:00,2026-12-31 00:00:00,co2e_100yr,0,tonnes,annual,2026-05-01 00:00:00,2026-05-18 14:20:13.779009
YEM,manufacturing,iron-and-steel,2015-01-01 00:00:00,2015-12-31 00:00:00,co2e_100yr,3999.999999999999,tonnes,annual,2026-05-01 00:00:00,2026-05-18 14:20:13.779009
YEM,manufacturing,iron-and-steel,2016-01-01 00:00:00,2016-12-31 00:00:00,co2e_100yr,3999.9999999999995,tonnes,annual,2026-05-01 00:00:00,2026-05-18 14:20:13.779009
YEM,manufacturing,iron-and-steel,2017-01-01 00:00:00,2017-12-31 00:00:00,co2e_100yr,4000,tonnes,annual,2026-05-01 00:00:00,2026-05-18 14:20:13.779009
YEM,manufacturing,iron-and-steel,2018-01-01 00:00:00,2018-12-31 00:00:00,co2e_100yr,3999.9999999999995,tonnes,annual,2026-05-01 00:00:00,2026-05-18 14:20:13.779009
YEM,manufacturing,iron-and-steel,2019-01-01 00:00:00,2019-12-31 00:00:00,co2e_100yr,3999.9999999999995,tonnes,annual,2026-05-01 00:00:00,2026-05-18 14:20:13.779009
YEM,manufacturing,iron-and-steel,2020-01-01 00:00:00,2020-12-31 00:00:00,co2e_100yr,4000,tonnes,annual,2026-05-01 00:00:00,2026-05-18 14:20:13.779009
YEM,manufacturing,iron-and-steel,2021-01-01 00:00:00,2021-12-31 00:00:00,co2e_100yr,3999.999999999999,tonnes,annual,2026-05-01 00:00:00,2026-05-18 14:20:13.779009
YEM,manufacturing,iron-and-steel,2022-01-01 00:00:00,2022-12-31 00:00:00,co2e_100yr,4800,tonnes,annual,2026-05-01 00:00:00,2026-05-18 14:20:13.779009
YEM,manufacturing,iron-and-steel,2023-01-01 00:00:00,2023-12-31 00:00:00,co2e_100yr,8000,tonnes,annual,2026-05-01 00:00:00,2026-05-18 14:20:13.779009
YEM,manufacturing,iron-and-steel,2024-01-01 00:00:00,2024-12-31 00:00:00,co2e_100yr,8560,tonnes,annual,2026-05-01 00:00:00,2026-05-18 14:20:13.779009
YEM,manufacturing,iron-and-steel,2025-01-01 00:00:00,2025-12-31 00:00:00,co2e_100yr,7440,tonnes,annual,2026-05-01 00:00:00,2026-05-18 14:20:13.779009
YEM,manufacturing,iron-and-steel,2026-01-01 00:00:00,2026-12-31 00:00:00,co2e_100yr,2160,tonnes,annual,2026-05-01 00:00:00,2026-05-18 14:20:13.779009
ZAF,manufacturing,iron-and-steel,2015-01-01 00:00:00,2015-12-31 00:00:00,co2e_100yr,10393388.895603463,tonnes,annual,2026-05-01 00:00:00,2026-05-18 14:20:13.779009
ZAF,manufacturing,iron-and-steel,2016-01-01 00:00:00,2016-12-31 00:00:00,co2e_100yr,10060494.450614925,tonnes,annual,2026-05-01 00:00:00,2026-05-18 14:20:13.779009
ZAF,manufacturing,iron-and-steel,2017-01-01 00:00:00,2017-12-31 00:00:00,co2e_100yr,10003987.348873643,tonnes,annual,2026-05-01 00:00:00,2026-05-18 14:20:13.779009
ZAF,manufacturing,iron-and-steel,2018-01-01 00:00:00,2018-12-31 00:00:00,co2e_100yr,10301240.190742776,tonnes,annual,2026-05-01 00:00:00,2026-05-18 14:20:13.779009
ZAF,manufacturing,iron-and-steel,2019-01-01 00:00:00,2019-12-31 00:00:00,co2e_100yr,9725183.674931712,tonnes,annual,2026-05-01 00:00:00,2026-05-18 14:20:13.779009
ZAF,manufacturing,iron-and-steel,2020-01-01 00:00:00,2020-12-31 00:00:00,co2e_100yr,5723451.955224989,tonnes,annual,2026-05-01 00:00:00,2026-05-18 14:20:13.779009
ZAF,manufacturing,iron-and-steel,2021-01-01 00:00:00,2021-12-31 00:00:00,co2e_100yr,7539681.099994331,tonnes,annual,2026-05-01 00:00:00,2026-05-18 14:20:13.779009
ZAF,manufacturing,iron-and-steel,2022-01-01 00:00:00,2022-12-31 00:00:00,co2e_100yr,6435733.06553583,tonnes,annual,2026-05-01 00:00:00,2026-05-18 14:20:13.779009
ZAF,manufacturing,iron-and-steel,2023-01-01 00:00:00,2023-12-31 00:00:00,co2e_100yr,7566361.953716971,tonnes,annual,2026-05-01 00:00:00,2026-05-18 14:20:13.779009
ZAF,manufacturing,iron-and-steel,2024-01-01 00:00:00,2024-12-31 00:00:00,co2e_100yr,7100953.479564332,tonnes,annual,2026-05-01 00:00:00,2026-05-18 14:20:13.779009
ZAF,manufacturing,iron-and-steel,2025-01-01 00:00:00,2025-12-31 00:00:00,co2e_100yr,7012683.131400742,tonnes,annual,2026-05-01 00:00:00,2026-05-18 14:20:13.779009
ZAF,manufacturing,iron-and-steel,2026-01-01 00:00:00,2026-12-31 00:00:00,co2e_100yr,1398741.7765044286,tonnes,annual,2026-05-01 00:00:00,2026-05-18 14:20:13.779009
ZMB,manufacturing,iron-and-steel,2015-01-01 00:00:00,2015-12-31 00:00:00,co2e_100yr,11999.999999999998,tonnes,annual,2026-05-01 00:00:00,2026-05-18 14:20:13.779009
ZMB,manufacturing,iron-and-steel,2016-01-01 00:00:00,2016-12-31 00:00:00,co2e_100yr,12800.000000000002,tonnes,annual,2026-05-01 00:00:00,2026-05-18 14:20:13.779009
ZMB,manufacturing,iron-and-steel,2017-01-01 00:00:00,2017-12-31 00:00:00,co2e_100yr,15200,tonnes,annual,2026-05-01 00:00:00,2026-05-18 14:20:13.779009
ZMB,manufacturing,iron-and-steel,2018-01-01 00:00:00,2018-12-31 00:00:00,co2e_100yr,16800.000000000004,tonnes,annual,2026-05-01 00:00:00,2026-05-18 14:20:13.779009
ZMB,manufacturing,iron-and-steel,2019-01-01 00:00:00,2019-12-31 00:00:00,co2e_100yr,17599.999999999996,tonnes,annual,2026-05-01 00:00:00,2026-05-18 14:20:13.779009
ZMB,manufacturing,iron-and-steel,2020-01-01 00:00:00,2020-12-31 00:00:00,co2e_100yr,16000,tonnes,annual,2026-05-01 00:00:00,2026-05-18 14:20:13.779009
ZMB,manufacturing,iron-and-steel,2021-01-01 00:00:00,2021-12-31 00:00:00,co2e_100yr,17600,tonnes,annual,2026-05-01 00:00:00,2026-05-18 14:20:13.779009
ZMB,manufacturing,iron-and-steel,2022-01-01 00:00:00,2022-12-31 00:00:00,co2e_100yr,18400.000000000004,tonnes,annual,2026-05-01 00:00:00,2026-05-18 14:20:13.779009
ZMB,manufacturing,iron-and-steel,2023-01-01 00:00:00,2023-12-31 00:00:00,co2e_100yr,20800,tonnes,annual,2026-05-01 00:00:00,2026-05-18 14:20:13.779009
ZMB,manufacturing,iron-and-steel,2024-01-01 00:00:00,2024-12-31 00:00:00,co2e_100yr,24000.000000000004,tonnes,annual,2026-05-01 00:00:00,2026-05-18 14:20:13.779009
ZMB,manufacturing,iron-and-steel,2025-01-01 00:00:00,2025-12-31 00:00:00,co2e_100yr,23999.999999999996,tonnes,annual,2026-05-01 00:00:00,2026-05-18 14:20:13.779009
ZMB,manufacturing,iron-and-steel,2026-01-01 00:00:00,2026-12-31 00:00:00,co2e_100yr,6115.068493150685,tonnes,annual,2026-05-01 00:00:00,2026-05-18 14:20:13.779009
ZNC,manufacturing,iron-and-steel,2015-01-01 00:00:00,2015-12-31 00:00:00,co2e_100yr,0,tonnes,annual,2026-05-11 06:58:40.229384,2026-05-18 14:20:13.779009
ZNC,manufacturing,iron-and-steel,2016-01-01 00:00:00,2016-12-31 00:00:00,co2e_100yr,0,tonnes,annual,2026-05-11 06:58:40.229384,2026-05-18 14:20:13.779009
ZNC,manufacturing,iron-and-steel,2017-01-01 00:00:00,2017-12-31 00:00:00,co2e_100yr,0,tonnes,annual,2026-05-11 06:58:40.229384,2026-05-18 14:20:13.779009
ZNC,manufacturing,iron-and-steel,2018-01-01 00:00:00,2018-12-31 00:00:00,co2e_100yr,0,tonnes,annual,2026-05-11 06:58:40.229384,2026-05-18 14:20:13.779009
ZNC,manufacturing,iron-and-steel,2019-01-01 00:00:00,2019-12-31 00:00:00,co2e_100yr,0,tonnes,annual,2026-05-11 06:58:40.229384,2026-05-18 14:20:13.779009
ZNC,manufacturing,iron-and-steel,2020-01-01 00:00:00,2020-12-31 00:00:00,co2e_100yr,0,tonnes,annual,2026-05-11 06:58:40.229384,2026-05-18 14:20:13.779009
ZNC,manufacturing,iron-and-steel,2021-01-01 00:00:00,2021-12-31 00:00:00,co2e_100yr,0,tonnes,annual,2026-05-11 06:58:40.229384,2026-05-18 14:20:13.779009
ZNC,manufacturing,iron-and-steel,2022-01-01 00:00:00,2022-12-31 00:00:00,co2e_100yr,0,tonnes,annual,2026-05-11 06:58:40.229384,2026-05-18 14:20:13.779009
ZNC,manufacturing,iron-and-steel,2023-01-01 00:00:00,2023-12-31 00:00:00,co2e_100yr,0,tonnes,annual,2026-05-11 06:58:40.229384,2026-05-18 14:20:13.779009
ZNC,manufacturing,iron-and-steel,2024-01-01 00:00:00,2024-12-31 00:00:00,co2e_100yr,0,tonnes,annual,2026-05-11 06:58:40.229384,2026-05-18 14:20:13.779009
ZNC,manufacturing,iron-and-steel,2025-01-01 00:00:00,2025-12-31 00:00:00,co2e_100yr,0,tonnes,annual,2026-05-11 06:58:40.229384,2026-05-18 14:20:13.779009
ZNC,manufacturing,iron-and-steel,2026-01-01 00:00:00,2026-12-31 00:00:00,co2e_100yr,0,tonnes,annual,2026-05-11 06:58:40.229384,2026-05-18 14:20:13.779009
ZWE,manufacturing,iron-and-steel,2015-01-01 00:00:00,2015-12-31 00:00:00,co2e_100yr,117676.77850376147,tonnes,annual,2026-05-01 00:00:00,2026-05-18 14:20:13.779009
ZWE,manufacturing,iron-and-steel,2016-01-01 00:00:00,2016-12-31 00:00:00,co2e_100yr,117676.77850376147,tonnes,annual,2026-05-01 00:00:00,2026-05-18 14:20:13.779009
ZWE,manufacturing,iron-and-steel,2017-01-01 00:00:00,2017-12-31 00:00:00,co2e_100yr,117676.77850376147,tonnes,annual,2026-05-01 00:00:00,2026-05-18 14:20:13.779009
ZWE,manufacturing,iron-and-steel,2018-01-01 00:00:00,2018-12-31 00:00:00,co2e_100yr,117676.77850376147,tonnes,annual,2026-05-01 00:00:00,2026-05-18 14:20:13.779009
ZWE,manufacturing,iron-and-steel,2019-01-01 00:00:00,2019-12-31 00:00:00,co2e_100yr,117676.77850376147,tonnes,annual,2026-05-01 00:00:00,2026-05-18 14:20:13.779009
ZWE,manufacturing,iron-and-steel,2020-01-01 00:00:00,2020-12-31 00:00:00,co2e_100yr,117676.77850376147,tonnes,annual,2026-05-01 00:00:00,2026-05-18 14:20:13.779009
ZWE,manufacturing,iron-and-steel,2021-01-01 00:00:00,2021-12-31 00:00:00,co2e_100yr,115478.0566995425,tonnes,annual,2026-05-01 00:00:00,2026-05-18 14:20:13.779009
ZWE,manufacturing,iron-and-steel,2022-01-01 00:00:00,2022-12-31 00:00:00,co2e_100yr,114857.20693234069,tonnes,annual,2026-05-01 00:00:00,2026-05-18 14:20:13.779009
ZWE,manufacturing,iron-and-steel,2023-01-01 00:00:00,2023-12-31 00:00:00,co2e_100yr,121802.99754299819,tonnes,annual,2026-05-01 00:00:00,2026-05-18 14:20:13.779009
ZWE,manufacturing,iron-and-steel,2024-01-01 00:00:00,2024-12-31 00:00:00,co2e_100yr,1368000.0000000002,tonnes,annual,2026-05-01 00:00:00,2026-05-18 14:20:13.779009
ZWE,manufacturing,iron-and-steel,2025-01-01 00:00:00,2025-12-31 00:00:00,co2e_100yr,1329999.9999999998,tonnes,annual,2026-05-01 00:00:00,2026-05-18 14:20:13.779009
ZWE,manufacturing,iron-and-steel,2026-01-01 00:00:00,2026-12-31 00:00:00,co2e_100yr,26352.535188746428,tonnes,annual,2026-05-01 00:00:00,2026-05-18 14:20:13.779009
